lon,lat,clase,temperatura_media,rango_diurno,precipitacion_anual,estacionalidad_precip,precip_trimestre_seco,elevacion,ph_suelo,pca_1,pca_2,cluster_kmeans,cluster_dbscan
118.013054,29.941719,1,14.924833297729492,7.618333339691162,1670.0,54.60115814208984,158.0,429.0,5.4,0.6211092839218105,-0.3200887531542868,2,0
47.241323,-20.521527,1,16.620458602905273,11.176250457763672,1437.0,87.08092498779297,72.0,1472.0,5.4,-0.8614513353313124,-0.37188093331319905,2,0
121.50318,25.1637,1,20.207000732421875,5.704166889190674,3005.0,26.002685546875,554.0,256.0,4.7,3.501824166741529,-0.2994990958323717,0,0
121.741242,24.805763,1,20.652042388916016,5.553583145141602,3160.0,35.26810836791992,509.0,297.0,4.9,3.280783196894073,-0.10230261682771005,0,0
120.603078,23.564246,1,19.789417266845703,5.974332809448242,2526.0,91.6682586669922,76.0,748.0,5.2,0.7613322183571521,0.5305757667824887,2,0
76.10848,11.539204,1,21.29970932006836,8.423583030700684,3698.0,126.6474380493164,35.0,996.0,5.4,0.3807411306259591,1.1445462647574531,2,0
121.570472,24.90008,1,19.543790817260746,5.388583183288574,3065.0,39.15346145629883,453.0,441.0,4.7,3.078224655178652,-0.2594140120279165,0,0
81.044597,6.858987,1,21.478166580200195,7.910666465759277,1860.0,57.36178207397461,153.0,1059.0,5.4,0.5946688676607309,-0.0028834196140017,2,0
48.41779,-18.934869,1,19.01799964904785,10.473166465759276,1900.0,68.70507049560547,193.0,1003.0,4.9,0.42702818262920034,-0.10690057992811555,2,0
-43.5096,-20.433706,1,17.450000762939453,11.352999687194824,1518.0,81.60735321044922,56.0,1258.0,5.1,-0.6227455411769854,-0.18510464441523694,2,0
120.650688,23.421033,1,20.209625244140625,5.978083610534668,2588.0,93.1470947265625,75.0,665.0,4.9,0.9397176592484369,0.6413126238482497,2,0
136.547928,35.072211,1,14.94337558746338,8.698083877563477,1781.0,49.22198867797852,186.0,55.0,5.4,0.7645139877082346,-0.09881999409619316,2,0
121.11706,24.704932,1,20.3680419921875,6.200250148773193,2285.0,55.598121643066406,184.0,311.0,5.1,1.484361204757554,0.3562544745026632,2,0
55.445554,-4.637608,1,26.01388931274414,5.563756465911865,2358.0,41.76608276367188,338.0,226.0,5.6,2.1283611661969317,0.7630312146017305,0,0
29.354467,-1.831263,1,15.873083114624023,10.090832710266112,1517.0,44.35922622680664,124.0,2244.0,4.9,-0.06471462010257811,-1.6538361193106002,2,0
121.361803,24.982822,1,21.199501037597656,6.2226667404174805,2529.0,32.551124572753906,364.0,103.0,4.9,2.538525967277156,0.1628963493253509,0,0
121.355369,24.984564,1,21.199501037597656,6.2226667404174805,2529.0,32.551124572753906,364.0,103.0,5.1,2.4490341928362795,0.17734995963361624,0,0
138.327559,34.920329,1,14.825666427612305,7.847833633422852,2118.0,41.26893997192383,235.0,184.0,5.0,1.425362445465614,-0.36962824518624654,2,0
140.331192,35.714615,1,14.85925006866455,8.270166397094727,1393.0,39.52798461914063,170.0,33.0,5.5,0.6468236462328576,-0.23045277831721142,2,0
48.420667,-18.937668,1,19.01799964904785,10.473166465759276,1900.0,68.70507049560547,193.0,1003.0,4.7,0.5165199570700774,-0.12135419023638094,2,0
48.413811,-18.937717,1,19.07975006103516,10.926166534423828,1766.0,72.35250854492188,168.0,968.0,4.8,0.23813806195552628,-0.014936775310836684,2,0
120.913011,24.469458,1,20.038084030151367,6.1579999923706055,2290.0,73.99282836914062,110.0,411.0,5.4,0.9125983884675514,0.5596136860549912,2,0
121.091653,29.621447,1,14.500499725341797,7.516000270843506,1378.0,46.77227020263672,149.0,432.0,5.7,0.4016409092049125,-0.4618836585573806,2,0
47.231113,-20.51806,1,16.620458602905273,11.176250457763672,1437.0,87.08092498779297,72.0,1472.0,5.3,-0.8167054481108736,-0.37910773846733176,2,0
135.749987,33.859433,1,13.164833068847656,7.381999969482422,2148.0,48.595306396484375,204.0,564.0,5.3,1.0641713643925417,-0.7037212710938843,2,0
80.695411,7.16255,1,19.980499267578125,8.117500305175781,2346.0,34.60593795776367,417.0,1280.0,5.0,1.905998420504019,-0.8355858266971846,0,0
91.729644,24.306395,1,24.813833236694336,10.642666816711426,2325.0,82.21497344970703,45.0,18.0,5.5,0.17195903466188026,1.6479537790682237,2,0
80.631269,7.250304,1,24.388166427612305,8.46833324432373,2352.0,38.60660171508789,403.0,562.0,5.4,1.889697817156679,0.2845004549162521,0,0
-84.290576,33.779895,1,16.429332733154297,11.482500076293944,1309.0,15.549148559570312,277.0,307.0,5.2,0.7983584567585507,-0.6101819636524835,2,0
131.271003,33.968811,1,15.71328830718994,7.150450229644775,1714.0,53.30907440185547,191.0,34.0,5.5,0.9026923211375939,0.01558845720398477,2,0
120.936265,23.923351,1,20.75849914550781,6.664166927337647,2474.0,80.86075592041016,113.0,519.0,5.1,0.9873546318501992,0.6452548420582609,2,0
121.335183,24.846179,1,19.85416603088379,5.7804999351501465,2685.0,42.74913787841797,318.0,356.0,5.3,2.1606598846566105,0.025013814597926884,0,0
-84.322764,33.776581,1,16.429332733154297,11.482500076293944,1309.0,15.549148559570312,277.0,307.0,5.2,0.7983584567585507,-0.6101819636524835,2,0
80.631233,7.252367,1,24.388166427612305,8.46833324432373,2352.0,38.60660171508789,403.0,562.0,5.3,1.9344437043771177,0.2772736497621194,0,0
121.498848,25.172383,1,20.425954818725582,5.729217052459717,2945.0,24.2525577545166,606.0,109.0,4.7,3.683345604528356,-0.23888902767527376,0,0
81.061928,6.866136,1,21.478166580200195,7.910666465759277,1860.0,57.36178207397461,153.0,1059.0,5.5,0.5499229804402926,0.004343385540130966,2,0
135.773906,34.999919,1,15.328916549682615,8.96933364868164,1577.0,46.65379333496094,183.0,70.0,5.5,0.6002296923183524,-0.09974750397188263,2,0
-43.521111,-20.439722,1,17.450000762939453,11.352999687194824,1518.0,81.60735321044922,56.0,1258.0,5.0,-0.5779996539565472,-0.19233144956936962,2,0
-43.502495,-20.433433,1,17.450000762939453,11.352999687194824,1518.0,81.60735321044922,56.0,1258.0,5.0,-0.5779996539565472,-0.19233144956936962,2,0
-43.506889,-20.426947,1,17.450000762939453,11.352999687194824,1518.0,81.60735321044922,56.0,1258.0,5.1,-0.6227455411769854,-0.18510464441523694,2,0
48.417854,-18.938232,1,19.01799964904785,10.473166465759276,1900.0,68.70507049560547,193.0,1003.0,4.8,0.4717740698496391,-0.11412738508224829,2,0
76.89992,11.375382,1,19.51216697692871,9.40233325958252,1032.0,68.01504516601562,25.0,1277.0,6.4,-1.0747239271537758,-0.09876520962885953,2,0
135.981095,34.576262,1,12.968708038330078,8.704583168029785,1743.0,48.84344482421875,171.0,444.0,5.4,0.5544746592760921,-0.6004324297771911,2,0
88.376832,27.04801,1,20.51474952697754,8.180999755859375,3253.0,111.3054656982422,39.0,1123.0,5.2,0.40369231726736154,0.714845620452667,2,0
88.3388,27.110226,1,21.30816650390625,8.559000015258789,3202.0,109.1411590576172,39.0,1001.0,5.3,0.3525063087070613,0.8779825607409559,2,0
139.35933,35.556163,1,14.993499755859377,9.02316665649414,1577.0,45.80933380126953,160.0,95.0,5.5,0.5204954358834409,-0.1438644831047479,2,0
138.406045,34.992735,1,15.925185203552246,8.277036666870117,2186.0,41.97844314575195,240.0,46.0,5.5,1.2427526441111652,-0.09013826307385026,2,0
48.414458,-18.933233,1,19.07975006103516,10.926166534423828,1766.0,72.35250854492188,168.0,968.0,4.9,0.19339217473508755,-0.007709970156703945,2,0
-55.601802,-27.352558,1,21.264375686645508,11.48941707611084,1721.0,15.898633003234863,341.0,131.0,5.2,1.3395831139486096,0.03590463518625524,0,0
48.414808,-18.932656,1,19.07975006103516,10.926166534423828,1766.0,72.35250854492188,168.0,968.0,4.9,0.19339217473508755,-0.007709970156703945,2,0
48.416261,-18.935261,1,19.07975006103516,10.926166534423828,1766.0,72.35250854492188,168.0,968.0,4.9,0.19339217473508755,-0.007709970156703945,2,0
119.331207,35.38237,1,12.771750450134276,9.074832916259766,857.0,100.43504333496094,37.0,69.0,6.7,-1.367617466122527,0.44125858925582306,1,0
119.453033,30.345483,1,11.748000144958496,7.291500091552734,1540.0,49.454139709472656,155.0,927.0,5.6,0.3530882182581017,-1.1055399377309003,2,0
139.187897,35.810608,1,12.722999572753906,9.332499504089355,1402.0,55.609901428222656,118.0,382.0,5.4,0.07734579355930883,-0.46469225771664796,2,0
80.578301,7.317687,1,24.43995857238769,8.175250053405762,2548.0,36.06209945678711,394.0,534.0,5.3,2.0856436669140366,0.2903104763052827,0,0
-122.61525,45.504972,1,11.911375045776367,10.971917152404783,1079.0,57.76248550415039,91.0,51.0,5.5,-0.3938814339366899,-0.241042156492409,2,0
41.733029,41.716654,1,13.841464042663574,7.729268550872803,2220.0,32.084903717041016,342.0,102.0,5.5,1.681208789528861,-0.5852297449935366,0,0
122.38545,29.857617,1,16.669727325439453,5.389455795288086,1246.0,38.003379821777344,172.0,50.0,6.0,0.8208584648750296,-0.10226087442026863,2,0
76.809904,11.354559,1,15.485166549682615,9.856332778930664,1130.0,65.04066467285156,33.0,1941.0,6.1,-1.172173848794223,-1.0852218448424884,2,0
120.846444,24.372847,1,19.703832626342773,6.269499778747559,2375.0,77.03093719482422,109.0,530.0,5.3,0.9086076718835367,0.4746392181427346,2,0
121.287497,24.824337,1,19.032041549682617,5.607083320617676,2599.0,51.7043571472168,246.0,549.0,5.0,1.9004639676692234,-0.06674422798801428,2,0
121.120181,23.994688,1,16.626625061035156,6.078916549682617,2333.0,63.64126205444336,154.0,1350.0,5.0,1.0289387515658066,-0.7097278770192624,2,0
98.513212,18.585231,1,20.900999069213867,11.0,1077.0,80.8754653930664,24.0,1271.0,5.6,-1.033696218052646,0.1991729554562296,2,0
91.686215,22.702952,1,25.41866683959961,9.118999481201172,2798.0,101.93879699707033,31.0,41.0,5.5,0.3864066433506527,1.9583840655489881,2,0
80.698512,7.043347,1,18.547666549682617,8.148833274841309,2289.0,27.787918090820312,423.0,1515.0,5.3,1.7326719238630508,-1.240290578600653,0,0
121.555017,25.124194,1,20.207000732421875,5.704166889190674,3005.0,26.002685546875,554.0,256.0,5.2,3.278094730639337,-0.2633650700617083,0,0
121.541388,24.912228,1,19.543790817260746,5.388583183288574,3065.0,39.15346145629883,453.0,441.0,4.8,3.0334787679582136,-0.2521872068737838,0,0
80.562767,6.860533,1,20.1875,7.863833427429199,3218.0,40.55831146240234,371.0,1229.0,5.3,2.0702129894787946,-0.5724432005540833,0,0
80.41075,7.031658,1,24.873374938964844,7.473916530609131,3929.0,41.15221405029297,438.0,427.0,5.3,2.997104270285282,0.5384793081470809,0,0
105.133614,21.930788,1,23.02395820617676,7.559583187103271,1725.0,84.34660339355469,78.0,64.0,5.5,0.3367021998710916,1.2955713121754333,2,0
88.300155,26.819019,1,24.338417053222656,9.433499336242676,3252.0,112.3573760986328,27.0,251.0,5.5,0.3660777822435468,1.8586247463751775,2,0
105.133622,21.930758,1,23.02395820617676,7.559583187103271,1725.0,84.34660339355469,78.0,64.0,5.5,0.3367021998710916,1.2955713121754333,2,0
80.533458,6.339814,1,23.43745803833008,6.492416858673096,3506.0,33.9451789855957,544.0,636.0,5.3,3.2215479854547966,-0.01617395707077426,0,0
139.440499,35.64451,1,14.841291427612305,8.569916725158691,1527.0,46.71638488769531,152.0,84.0,5.5,0.5276239184267361,-0.14815911723820918,2,0
120.778542,24.570308,1,21.49495887756348,6.607916355133057,1817.0,62.90656661987305,104.0,98.0,5.4,0.827638085194924,0.7935619005141586,2,0
-43.224167,-22.966667,1,22.78688240051269,9.90216064453125,1160.0,51.41621398925781,126.0,130.0,5.5,0.180175783018925,0.776959263576532,2,0
128.72504,35.151489,1,13.289351463317873,9.286905288696287,1480.0,73.140380859375,100.0,160.0,5.5,-0.0868005756374836,0.007367736890776955,2,0
139.302553,35.715594,1,14.05774974822998,9.369000434875488,1462.0,50.85406875610352,138.0,166.0,5.7,0.16553735698890626,-0.20565783813110605,2,0
80.787483,6.972928,1,16.08074951171875,8.20383358001709,1936.0,29.025165557861328,320.0,1933.0,5.5,0.9754308410148571,-1.7288672065426562,2,0
138.373861,34.990134,1,15.925185203552246,8.277036666870117,2186.0,41.97844314575195,240.0,46.0,5.1,1.4217361929929193,-0.11904548369038105,2,0
120.844506,24.444961,1,20.038084030151367,6.1579999923706055,2290.0,73.99282836914062,110.0,411.0,5.1,1.0468360501288672,0.5379332705925931,2,0
120.698517,23.463411,1,17.483875274658203,5.856082916259766,2323.0,87.1006851196289,79.0,1203.0,5.2,0.5575635192527812,-0.14070379392723828,2,0
48.414851,-18.927863,1,19.07975006103516,10.926166534423828,1766.0,72.35250854492188,168.0,968.0,4.9,0.19339217473508755,-0.007709970156703945,2,0
120.778182,24.39771,1,20.215375900268555,6.27091646194458,2250.0,77.43557739257812,92.0,416.0,5.5,0.7446713004357485,0.6405161406201302,2,0
88.38,26.74,1,25.07183265686035,10.167499542236328,3218.0,113.56514739990234,24.0,124.0,5.6,0.2274837138036725,2.072188979023618,2,0
88.29,27.07,1,18.310667037963867,8.494166374206543,2970.0,113.22860717773438,39.0,1551.0,5.5,-0.10530158567592453,0.18192856893846931,2,0
88.29,26.69,1,24.75662422180176,10.02591609954834,3003.0,112.56322479248048,23.0,152.0,5.6,0.13262937854341705,1.984376059997776,2,0
88.33,27.06,1,18.310667037963867,8.494166374206543,2970.0,113.22860717773438,39.0,1551.0,5.3,-0.015809811235047523,0.16747495863020392,2,0
121.585305,24.763655,1,18.141416549682617,5.211000442504883,3060.0,43.6811408996582,434.0,788.0,5.0,2.737129022378004,-0.5822064375467539,0,0
80.575997,7.589497,1,25.90900039672852,8.283833503723145,1856.0,55.31163024902344,213.0,313.0,5.4,1.0370264921989079,0.9701012348360146,2,0
-84.33023,33.76987,1,16.429332733154297,11.482500076293944,1309.0,15.549148559570312,277.0,307.0,5.2,0.7983584567585507,-0.6101819636524835,2,0
121.175724,24.839103,1,20.632917404174805,6.415499687194824,2255.0,42.20901870727539,249.0,239.0,5.2,1.7507962265827466,0.22520380635992246,2,0
91.892982,26.792483,1,23.85016632080078,9.743666648864746,2462.0,93.80606079101562,42.0,164.0,5.3,0.26705034649317766,1.55519434582235,2,0
120.733904,23.808157,1,21.869667053222656,6.501333713531494,2264.0,89.85883331298828,85.0,211.0,5.5,0.657900955060964,1.1411276373463537,2,0
121.359895,25.090642,1,20.51469993591309,5.743287086486816,2654.0,24.302160263061523,479.0,142.0,5.0,3.023045747999347,-0.14014497165649267,0,0
120.805439,24.12941,1,20.60849952697754,6.2975006103515625,2266.0,81.70225524902344,94.0,417.0,5.3,0.8067994761794878,0.7213564675602624,2,0
81.049107,6.873133,1,21.478166580200195,7.910666465759277,1860.0,57.36178207397461,153.0,1059.0,5.4,0.5946688676607309,-0.0028834196140017,2,0
120.690033,23.494172,1,17.483875274658203,5.856082916259766,2323.0,87.1006851196289,79.0,1203.0,4.8,0.7365470681345353,-0.1696110145437691,2,0
120.659524,23.560954,1,19.789417266845703,5.974332809448242,2526.0,91.6682586669922,76.0,748.0,5.0,0.8508239927980291,0.5161221564742233,2,0
120.710703,23.627378,1,18.191875457763672,5.840583324432373,2403.0,86.80683898925781,85.0,1030.0,5.0,0.7735166135743292,0.048916380951588685,2,0
48.413998,-18.937772,1,19.07975006103516,10.926166534423828,1766.0,72.35250854492188,168.0,968.0,4.8,0.23813806195552628,-0.014936775310836684,2,0
135.332275,35.505147,1,13.928775787353516,8.305989265441895,1828.0,17.789657592773438,389.0,161.0,5.0,1.8981333577575985,-0.8932885822878456,0,0
139.460956,35.639549,1,14.841291427612305,8.569916725158691,1527.0,46.71638488769531,152.0,84.0,5.5,0.5276239184267361,-0.14815911723820918,2,0
-84.303185,33.802017,1,16.429332733154297,11.482500076293944,1309.0,15.549148559570312,277.0,307.0,5.5,0.6641207950972354,-0.5885015481900854,2,0
135.781103,34.965267,1,15.328916549682615,8.96933364868164,1577.0,46.65379333496094,183.0,70.0,5.5,0.6002296923183524,-0.09974750397188263,2,0
-84.314095,33.798338,1,16.429332733154297,11.482500076293944,1309.0,15.549148559570312,277.0,307.0,5.3,0.7536125695381124,-0.6029551584983508,2,0
126.647177,37.224601,1,11.642117500305176,8.636937141418457,1230.0,82.45149993896484,88.0,16.0,5.5,-0.24823492200235095,0.022775248549223498,2,0
88.346473,27.292471,1,17.21270751953125,9.49708366394043,2455.0,105.9245376586914,42.0,1785.0,5.2,-0.3779756768618618,-0.2479102300471064,2,0
80.405,6.991,1,25.6862907409668,7.270082950592041,4338.0,41.996070861816406,463.0,277.0,5.3,3.3558662804120285,0.7567437500003205,0,0
117.948158,27.652366,1,18.146541595458984,9.148917198181152,1756.0,65.27096557617188,172.0,280.0,5.2,0.5698237681465425,0.2916540646404571,2,0
80.522138,6.851416,1,20.1875,7.863833427429199,3218.0,40.55831146240234,371.0,1229.0,5.0,2.20445065114011,-0.5941236160164813,0,0
80.567715,6.829122,1,18.887916564941406,7.550000667572021,2983.0,40.153541564941406,345.0,1442.0,5.2,1.8833807649180525,-0.889346149513761,0,0
119.540642,35.784317,1,12.3482084274292,9.021916389465332,794.0,97.44100189208984,35.0,121.0,6.8,-1.4339134770033541,0.3216590899183087,1,0
135.672347,35.016789,1,14.561249732971191,8.837166786193848,1619.0,43.46215438842773,207.0,176.0,5.6,0.6537524980054086,-0.31658489851111943,2,0
-84.290478,33.780727,1,16.429332733154297,11.482500076293944,1309.0,15.549148559570312,277.0,307.0,5.2,0.7983584567585507,-0.6101819636524835,2,0
131.561888,33.566897,1,14.468832969665527,7.244166374206543,1805.0,55.98297500610352,178.0,205.0,5.1,0.9737018660798689,-0.22393872079572189,2,0
139.460908,35.639556,1,14.841291427612305,8.569916725158691,1527.0,46.71638488769531,152.0,84.0,5.5,0.5276239184267361,-0.14815911723820918,2,0
80.418122,6.441278,1,24.148082733154297,6.465499877929688,4074.0,34.54012680053711,586.0,507.0,5.2,3.723852844819288,0.16642811233805258,0,0
92.346847,24.471418,1,24.387041091918945,10.143083572387695,2653.0,78.59735107421875,64.0,58.0,5.1,0.6623742419394494,1.4964258951385523,2,0
121.496077,24.942928,1,21.068500518798828,5.993833541870117,2789.0,33.47024917602539,414.0,129.0,4.9,2.8284353021174558,0.11153169275244049,0,0
80.656678,7.012242,1,21.60545921325684,8.133417129516602,2859.0,26.88181495666504,457.0,999.0,5.1,2.4295155568353315,-0.5284758235983055,0,0
139.637964,35.443589,1,15.777360916137695,7.985092639923096,1638.0,41.65011215209961,175.0,22.0,5.5,0.8262344112288112,-0.08528696641342576,2,0
81.062027,6.866071,1,21.478166580200195,7.910666465759277,1860.0,57.36178207397461,153.0,1059.0,5.5,0.5499229804402926,0.004343385540130966,2,0
121.305732,23.341234,1,20.77145767211914,5.575916767120361,2156.0,62.8791389465332,188.0,604.0,5.7,1.101881033287518,0.28818631587069615,2,0
135.752595,33.859908,1,14.29283332824707,7.53249979019165,2089.0,47.104103088378906,205.0,345.0,5.4,1.0716752696297047,-0.4297428884762778,2,0
106.074248,15.1743,1,23.523500442504883,9.059999465942385,2175.0,97.0969696044922,19.0,753.0,5.5,-0.14159511889562928,1.1185585194961412,2,0
98.596198,19.320079,1,21.270458221435547,10.674416542053224,1138.0,82.979736328125,26.0,1198.0,5.6,-0.9442851166637296,0.31624172264606476,2,0
80.522216,6.364203,1,23.43745803833008,6.492416858673096,3506.0,33.9451789855957,544.0,636.0,5.2,3.266293872675235,-0.02340076222490693,0,0
120.690651,23.468048,1,17.483875274658203,5.856082916259766,2323.0,87.1006851196289,79.0,1203.0,4.7,0.7812929553549736,-0.17683781969790174,2,0
121.632672,24.939972,1,20.223207473754883,5.4375834465026855,3190.0,30.962108612060547,555.0,317.0,4.7,3.567148975721568,-0.27362810410270094,0,0
81.046158,6.876242,1,21.478166580200195,7.910666465759277,1860.0,57.36178207397461,153.0,1059.0,5.4,0.5946688676607309,-0.0028834196140017,2,0
80.362817,6.013959,1,26.621166229248047,5.470000267028809,2738.0,34.6272087097168,379.0,47.0,5.0,2.860393470559394,0.8241640029948356,0,0
119.172485,25.902109,1,18.378374099731445,6.622250080108643,1396.0,61.12679672241211,113.0,348.0,5.5,0.4774500352273937,0.20602208101959296,2,0
121.501185,25.160178,1,20.207000732421875,5.704166889190674,3005.0,26.002685546875,554.0,256.0,4.7,3.501824166741529,-0.2994990958323717,0,0
120.796946,23.67237,1,18.488250732421875,5.788000106811523,2420.0,84.40406799316406,95.0,979.0,5.0,0.8648998960329942,0.08127185324170864,2,0
29.099318,-2.44472,1,16.66112518310547,9.362915992736816,1692.0,47.877906799316406,107.0,1980.0,4.9,0.1321812412295229,-1.3134220134635817,2,0
121.260292,24.967622,1,21.31362533569336,6.57408332824707,2275.0,31.46595573425293,324.0,118.0,5.5,1.9845251721360684,0.2173845932922192,0,0
80.401351,6.989459,1,25.6862907409668,7.270082950592041,4338.0,41.996070861816406,463.0,277.0,5.3,3.3558662804120285,0.7567437500003205,0,0
135.715661,35.020221,1,14.561249732971191,8.837166786193848,1619.0,43.46215438842773,207.0,176.0,5.6,0.6537524980054086,-0.31658489851111943,2,0
120.732609,22.773926,1,19.607666015625,5.857499599456787,3433.0,100.34947967529295,90.0,825.0,5.1,1.203857571632103,0.6119047531404892,2,0
120.761679,22.694929,1,16.45629119873047,5.486083030700684,3427.0,93.08245849609376,150.0,1435.0,5.2,1.2247565420571305,-0.3349681628892535,2,0
120.694485,22.607399,1,18.1704158782959,5.652832984924316,3939.0,101.17862701416016,125.0,1121.0,5.0,1.5136353872326533,0.24129233985623447,2,0
39.699952,43.696673,1,12.795833587646484,8.0600004196167,1653.0,25.55557632446289,322.0,301.0,5.1,1.459864170316756,-0.9791577526197152,2,0
104.767258,25.364456,1,15.24174976348877,9.080833435058594,1241.0,80.62857818603516,65.0,1573.0,6.2,-1.0246666581243247,-0.6765429790075913,2,0
120.637794,23.487836,1,20.209625244140625,5.978083610534668,2588.0,93.1470947265625,75.0,665.0,5.0,0.8949717720279985,0.6485394290023824,2,0
55.437241,-4.659547,1,26.01388931274414,5.563756465911865,2358.0,41.76608276367188,338.0,226.0,5.6,2.1283611661969317,0.7630312146017305,0,0
104.057006,10.628012,1,24.145042419433597,7.358249664306641,2738.0,75.04228210449219,83.0,669.0,5.1,1.0254384094551268,0.9007900796532172,2,0
28.916588,41.008869,1,14.387499809265137,8.125166893005371,697.0,47.26665878295898,86.0,79.0,5.5,-0.03331448848912505,-0.20602503920605167,2,0
55.629253,-21.29627,1,17.095375061035156,6.393249988555908,1552.0,50.78536987304688,193.0,1156.0,5.5,0.6798261762164758,-0.728004340801934,2,0
133.811165,34.794112,1,13.5892915725708,8.62358283996582,1499.0,56.082611083984375,138.0,272.0,5.5,0.28617070431989555,-0.2996877272639775,2,0
120.950352,23.984536,1,20.75849914550781,6.664166927337647,2474.0,80.86075592041016,113.0,519.0,5.3,0.8978628574093223,0.6597084523665263,2,0
135.787292,35.026792,1,14.383916854858398,8.640166282653809,1646.0,43.41466522216797,213.0,187.0,5.3,0.841204196431639,-0.37415515422112827,2,0
80.427089,6.989785,1,24.643917083740234,7.440667152404785,4223.0,43.378753662109375,453.0,441.0,5.2,3.2062283592087373,0.5326643666761758,0,0
94.2154,26.5394,1,23.88654136657715,10.184415817260742,2055.0,77.92736053466797,67.0,111.0,5.4,0.21060872801907493,1.364292058404239,2,0
121.554496,25.163558,1,20.207000732421875,5.704166889190674,3005.0,26.002685546875,554.0,256.0,4.8,3.457078279521091,-0.29227229067823907,0,0
120.9856,23.92595,1,20.75849914550781,6.664166927337647,2474.0,80.86075592041016,113.0,519.0,5.2,0.9426087446297605,0.6524816472123937,2,0
121.368697,24.976713,1,21.199501037597656,6.2226667404174805,2529.0,32.551124572753906,364.0,103.0,4.8,2.5832718544975948,0.15566954417121817,0,0
80.647805,7.09462,1,22.20866584777832,8.190500259399414,2745.0,28.487342834472656,484.0,910.0,5.2,2.4179379128649754,-0.4011198868647215,0,0
80.620128,7.118111,1,22.20866584777832,8.190500259399414,2745.0,28.487342834472656,484.0,910.0,5.2,2.4179379128649754,-0.4011198868647215,0,0
133.802787,34.040235,1,13.357833862304688,7.371166706085205,1838.0,53.634498596191406,176.0,446.0,5.6,0.676768779122025,-0.5113958120816269,2,0
172.6415,-43.514028,1,12.215291976928713,10.258749961853027,809.0,25.350391387939453,161.0,22.0,5.5,0.13645199584990877,-0.6853441145982972,2,0
120.930772,24.007264,1,19.957500457763672,6.297833442687988,2482.0,80.68724060058594,115.0,629.0,5.2,0.9595708791385146,0.47082988944373544,2,0
120.797154,23.67501,1,18.488250732421875,5.788000106811523,2420.0,84.40406799316406,95.0,979.0,5.0,0.8648998960329942,0.08127185324170864,2,0
48.417589,-18.935594,1,19.01799964904785,10.473166465759276,1900.0,68.70507049560547,193.0,1003.0,4.9,0.42702818262920034,-0.10690057992811555,2,0
139.668348,35.732392,1,15.615541458129885,8.039416313171387,1466.0,45.43366622924805,143.0,34.0,5.5,0.5913574068857638,-0.04959339052403289,2,0
120.93138,24.007011,1,19.957500457763672,6.297833442687988,2482.0,80.68724060058594,115.0,629.0,5.2,0.9595708791385146,0.47082988944373544,2,0
120.617685,23.584572,1,21.089332580566406,6.259500026702881,2447.0,91.79638671875,81.0,425.0,4.9,0.9452496443292346,0.8895559098922646,2,0
135.134352,34.673466,1,14.717000007629396,8.383166313171387,1383.0,50.254024505615234,139.0,215.0,5.6,0.3224805702987568,-0.21268263516517255,2,0
120.883407,23.804178,1,20.391292572021484,6.092416763305664,2457.0,83.34398651123047,102.0,565.0,5.0,1.0270386695692306,0.5897929237195142,2,0
140.09708,36.115592,1,13.889958381652832,8.865083694458008,1332.0,45.10636138916016,134.0,32.0,5.6,0.30084947530096234,-0.2205978665901455,2,0
80.771809,7.39261,1,21.061250686645508,8.1274995803833,2239.0,66.63548278808594,176.0,1107.0,5.2,0.7899953317396053,0.029929236940413106,2,0
94.21,26.75,1,23.9204158782959,10.180167198181152,2264.0,78.76507568359375,71.0,99.0,5.5,0.2787913047310141,1.407909499494016,2,0
94.91,27.47,1,23.500791549682617,9.909250259399414,2703.0,80.20610809326172,78.0,105.0,5.5,0.5340422311747954,1.3984846397519743,2,0
95.33,27.47,1,23.28187561035156,9.692583084106444,2590.0,76.21218872070312,87.0,121.0,5.4,0.6126629806452477,1.2839135849723535,2,0
95.27,27.3,1,23.33895874023437,9.646249771118164,2496.0,76.07422637939453,85.0,119.0,5.5,0.5245634166662224,1.2903335956880504,2,0
95.3268,27.5741,1,23.168790817260746,9.641583442687988,2629.0,76.46257781982422,88.0,120.0,5.2,0.72733188133775,1.2619500664760408,2,0
121.508981,25.131753,1,20.207000732421875,5.704166889190674,3005.0,26.002685546875,554.0,256.0,5.3,3.2333488434188986,-0.2561382649075756,0,0
175.663935,-40.414538,1,13.14479160308838,9.11441707611084,1243.0,16.955524444580078,256.0,51.0,5.3,0.987848210181961,-0.7969949950487715,2,0
106.52357,26.384918,1,14.913249969482422,8.254666328430176,1144.0,71.36436462402344,62.0,1220.0,5.6,-0.5044085462408644,-0.6311280834279203,2,0
39.189465,40.943542,1,12.055749893188477,7.746166706085205,886.0,21.70362663269043,185.0,624.0,6.1,0.20744149252392363,-1.2221548518372398,2,0
106.52356,26.384923,1,14.913249969482422,8.254666328430176,1144.0,71.36436462402344,62.0,1220.0,5.6,-0.5044085462408644,-0.6311280834279203,2,0
121.417686,24.824978,1,16.833499908447266,5.2833333015441895,2844.0,46.99568939208984,365.0,1038.0,4.9,2.328945381566025,-0.8329580191153843,0,0
121.00669,23.92651,1,18.30145835876465,6.048083305358887,2337.0,72.42207336425781,129.0,1021.0,5.2,0.9068570771567487,-0.13530074172006917,2,0
55.629091,-21.296861,1,17.095375061035156,6.393249988555908,1552.0,50.78536987304688,193.0,1156.0,5.5,0.6798261762164758,-0.728004340801934,2,0
120.650344,23.419871,1,20.209625244140625,5.978083610534668,2588.0,93.1470947265625,75.0,665.0,4.9,0.9397176592484369,0.6413126238482497,2,0
48.413272,-18.93199,1,19.07975006103516,10.926166534423828,1766.0,72.35250854492188,168.0,968.0,4.9,0.19339217473508755,-0.007709970156703945,2,0
139.330615,35.603949,1,14.064374923706056,9.095083236694336,1493.0,49.52802658081055,142.0,200.0,5.5,0.3266980072996241,-0.2680115559820347,2,0
139.354963,35.691842,1,14.514333724975586,9.182833671569824,1487.0,49.31095886230469,146.0,106.0,5.5,0.3606833769977352,-0.15323340443682704,2,0
120.955794,24.547261,1,19.058082580566406,5.871333599090576,2393.0,68.2485580444336,143.0,621.0,4.9,1.3076262024686107,0.16074510538582973,2,0
132.468853,34.400244,1,15.888641357421877,8.567008972167969,1913.0,51.54458618164063,192.0,19.0,5.5,0.8281704562790473,0.07082237022334041,2,0
88.360358,26.849185,1,22.40508270263672,8.234167098999023,3629.0,111.48767852783205,35.0,693.0,5.3,0.687555846676429,1.28858028466148,2,0
121.593572,24.944211,1,20.223207473754883,5.4375834465026855,3190.0,30.962108612060547,555.0,317.0,4.8,3.5224030885011297,-0.2664012989485683,0,0
121.80434,24.612218,1,21.90279197692871,5.782583713531494,2909.0,35.73944854736328,462.0,122.0,4.8,3.0993441009615226,0.1915653925386453,0,0
127.07768,34.717497,1,12.68441677093506,9.369333267211914,1451.0,73.05927276611328,110.0,240.0,5.6,-0.16330775351735774,-0.12238218813066733,2,0
39.84046,43.643453,1,11.851916313171388,8.652999877929688,1680.0,23.75621795654297,340.0,434.0,5.2,1.3574865948316526,-1.198392371700328,2,0
92.71,24.66,1,24.450458526611328,10.387582778930664,2537.0,77.65597534179688,64.0,46.0,5.5,0.4042101434622996,1.5255300474932538,2,0
92.77,24.73,1,24.690750122070312,10.45716667175293,2443.0,77.39181518554688,64.0,27.0,5.6,0.31515383849861844,1.5640277644831386,2,0
122.102492,30.030172,1,16.382043838500977,6.606357097625732,1274.0,40.33953094482422,167.0,81.0,5.5,0.8287217963871704,-0.13111258719646154,2,0
122.215073,30.007923,1,16.4042911529541,6.486249923706055,1257.0,39.636661529541016,167.0,79.0,5.9,0.6670295081232513,-0.11091992028821455,2,0
48.417683,-18.938255,1,19.01799964904785,10.473166465759276,1900.0,68.70507049560547,193.0,1003.0,4.8,0.4717740698496391,-0.11412738508224829,2,0
122.110706,30.032349,1,16.382043838500977,6.606357097625732,1274.0,40.33953094482422,167.0,81.0,5.5,0.8287217963871704,-0.13111258719646154,2,0
-79.228251,0.111032,1,24.19791603088379,7.959833145141602,2492.0,74.94066619873047,184.0,243.0,5.3,1.1393023127897985,1.1381942394232356,2,0
139.468063,35.631648,1,14.841291427612305,8.569916725158691,1527.0,46.71638488769531,152.0,84.0,5.5,0.5276239184267361,-0.14815911723820918,2,0
-83.187697,33.117031,1,17.51104164123535,13.704750061035156,1169.0,17.606937408447266,237.0,115.0,5.1,0.38958535186279103,-0.25651244806003426,2,0
135.187605,34.714962,1,14.828125,8.169146537780762,1409.0,49.07144165039063,147.0,214.0,5.4,0.49453280497989766,-0.23841470338615306,2,0
104.738426,22.627228,1,19.41695785522461,7.785083293914795,1734.0,93.64818572998048,60.0,863.0,5.5,-0.14209059588060682,0.4390639851718379,2,0
88.26,26.86,1,20.637958526611328,8.52691650390625,3340.0,115.14910125732422,35.0,1100.0,5.4,0.26457571519156553,0.8255893108971238,2,0
88.28,27.06,1,18.310667037963867,8.494166374206543,2970.0,113.22860717773438,39.0,1551.0,5.4,-0.060555698455486244,0.17470176378433666,2,0
88.27,27.07,1,18.310667037963867,8.494166374206543,2970.0,113.22860717773438,39.0,1551.0,5.3,-0.015809811235047523,0.16747495863020392,2,0
89.05,26.87,1,24.536083221435547,8.680000305175781,4103.0,105.19757080078124,44.0,246.0,5.4,1.0808458434694221,1.8268689964791163,2,0
121.114879,24.763618,1,20.788124084472656,6.214916706085205,2116.0,48.23344421386719,201.0,196.0,5.1,1.5658075487237821,0.36874960228904596,2,0
121.008736,24.644319,1,19.4375,5.938666343688965,2368.0,62.97378921508789,161.0,523.0,5.1,1.3397213991858852,0.20830998260644845,2,0
121.424035,25.135704,1,20.966041564941406,5.832250118255615,2825.0,25.096942901611328,528.0,78.0,4.8,3.347452248279084,-0.0756295277363146,0,0
120.96011,23.85649,1,18.613540649414062,5.935083389282227,2434.0,78.0635986328125,117.0,946.0,5.0,0.9941463656042897,0.02618989542656288,2,0
138.406845,34.989137,1,15.925185203552246,8.277036666870117,2186.0,41.97844314575195,240.0,46.0,5.1,1.4217361929929193,-0.11904548369038105,2,0
120.790051,23.729314,1,18.488250732421875,5.788000106811523,2420.0,84.40406799316406,95.0,979.0,5.0,0.8648998960329942,0.08127185324170864,2,0
122.130494,30.041738,1,16.382043838500977,6.606357097625732,1274.0,40.33953094482422,167.0,81.0,5.8,0.694484134725855,-0.10943217173406346,2,0
120.877747,24.498342,1,20.038084030151367,6.1579999923706055,2290.0,73.99282836914062,110.0,411.0,5.1,1.0468360501288672,0.5379332705925931,2,0
120.878464,24.499436,1,20.038084030151367,6.1579999923706055,2290.0,73.99282836914062,110.0,411.0,5.0,1.0915819373493054,0.5307064654384605,2,0
121.601212,25.123531,1,20.091333389282227,5.44183349609375,3200.0,23.424787521362305,649.0,290.0,4.8,3.8852136910407893,-0.43758757828707684,0,0
141.059203,38.371563,1,11.376834869384766,7.044543266296387,1154.0,47.34709930419922,124.0,59.0,5.7,0.3153161842325925,-0.5292672384720432,2,0
134.315262,33.995045,1,12.403666496276855,6.741166591644287,1995.0,53.5750732421875,179.0,616.0,5.3,0.9230348845867178,-0.7693142391125201,2,0
139.439936,35.626661,1,14.841291427612305,8.569916725158691,1527.0,46.71638488769531,152.0,84.0,5.5,0.5276239184267361,-0.14815911723820918,2,0
139.448625,35.639967,1,14.841291427612305,8.569916725158691,1527.0,46.71638488769531,152.0,84.0,5.5,0.5276239184267361,-0.14815911723820918,2,0
139.700674,35.672564,1,15.615541458129885,8.039416313171387,1466.0,45.43366622924805,143.0,34.0,5.5,0.5913574068857638,-0.04959339052403289,2,0
139.468121,35.63259,1,14.841291427612305,8.569916725158691,1527.0,46.71638488769531,152.0,84.0,5.7,0.43813214398585903,-0.1337055069299438,2,0
138.398987,34.981945,1,15.925185203552246,8.277036666870117,2186.0,41.97844314575195,240.0,46.0,5.1,1.4217361929929193,-0.11904548369038105,2,0
121.86572,29.830008,1,16.049636840820312,6.744746208190918,1284.0,42.032623291015625,161.0,135.0,5.9,0.5771895835103402,-0.14902558387965506,2,0
139.41026,35.914367,1,14.329333305358888,9.388166427612305,1426.0,51.42535781860352,137.0,74.0,5.9,0.07749651142571642,-0.0873946437094813,2,0
-43.509722,-20.433611,1,17.450000762939453,11.352999687194824,1518.0,81.60735321044922,56.0,1258.0,5.1,-0.6227455411769854,-0.18510464441523694,2,0
39.83039,43.635702,1,13.045207977294922,8.21641731262207,1659.0,25.128353118896484,323.0,241.0,5.3,1.3802820789110193,-0.8947720909702336,2,0
137.276078,35.434168,1,12.59375,8.978666305541992,2172.0,48.95522689819336,229.0,460.0,5.0,1.0655299378299468,-0.6925634937138022,2,0
39.008972,40.916675,1,12.689916610717772,7.256333351135254,948.0,23.06734275817871,195.0,457.0,5.9,0.4735457245574338,-1.040240999003743,2,0
120.098853,30.243578,1,16.43570899963379,7.885916709899902,1337.0,43.31958770751953,155.0,63.0,5.8,0.4809307806072861,-0.009495306533218667,2,0
139.680367,35.658753,1,15.699874877929688,7.690249919891357,1508.0,43.9100341796875,151.0,27.0,5.5,0.7062622699858857,-0.06521393442295931,2,0
122.219162,30.00605,1,16.4042911529541,6.486249923706055,1257.0,39.636661529541016,167.0,79.0,6.0,0.6222836209028131,-0.10369311513408187,2,0
-75.529724,39.116394,1,13.097167015075684,11.035833358764648,1142.0,12.27847957611084,254.0,13.0,5.5,0.6233835666178532,-0.7815342580651868,2,0
135.464278,35.504372,1,13.774211883544922,8.142117500305176,1873.0,17.769990921020508,400.0,187.0,5.3,1.8319597054275516,-0.9181004566745988,0,0
-43.510887,-20.434247,1,17.450000762939453,11.352999687194824,1518.0,81.60735321044922,56.0,1258.0,5.0,-0.5779996539565472,-0.19233144956936962,2,0
81.060678,6.867715,1,21.478166580200195,7.910666465759277,1860.0,57.36178207397461,153.0,1059.0,5.5,0.5499229804402926,0.004343385540130966,2,0
139.434986,35.607887,1,14.841291427612305,8.569916725158691,1527.0,46.71638488769531,152.0,84.0,5.7,0.43813214398585903,-0.1337055069299438,2,0
120.934355,23.84987,1,18.613540649414062,5.935083389282227,2434.0,78.0635986328125,117.0,946.0,5.4,0.8151628167225358,0.05509711604309368,2,0
131.470997,33.285647,1,13.428166389465332,7.396500110626221,2082.0,60.180850982666016,190.0,447.0,5.7,0.7237087509661028,-0.40873130042443917,2,0
139.452852,35.628851,1,14.841291427612305,8.569916725158691,1527.0,46.71638488769531,152.0,84.0,5.5,0.5276239184267361,-0.14815911723820918,2,0
135.473555,34.854153,1,14.083374977111816,8.803916931152344,1475.0,46.36396789550781,165.0,280.0,5.4,0.4831439581309539,-0.40010792313564597,2,0
131.369574,33.263014,1,11.855957984924316,7.326916694641113,2334.0,62.2925033569336,218.0,711.0,5.4,0.9471985169623794,-0.7807204442505005,2,0
139.122314,34.911189,1,15.627893447875977,6.56550931930542,1958.0,38.26677703857422,232.0,194.0,5.2,1.4778820394022398,-0.34921819594423775,2,0
134.034829,33.887663,1,9.09666633605957,6.7139997482299805,2297.0,53.79229736328125,214.0,1158.0,5.0,1.0918843264934486,-1.5644002874732112,2,0
139.30249,35.755485,1,13.764333724975586,9.444167137145996,1420.0,52.66718673706055,130.0,189.0,5.8,0.03348400862930479,-0.22026277978965464,2,0
139.460924,35.63959,1,14.841291427612305,8.569916725158691,1527.0,46.71638488769531,152.0,84.0,5.5,0.5276239184267361,-0.14815911723820918,2,0
120.119968,30.253518,1,16.79395866394043,8.158416748046875,1332.0,43.56989669799805,156.0,18.0,6.0,0.36993349592717856,0.08575485538091271,2,0
139.468495,35.632072,1,14.841291427612305,8.569916725158691,1527.0,46.71638488769531,152.0,84.0,5.6,0.48287803120629774,-0.1409323120840765,2,0
121.592329,24.985419,1,20.223207473754883,5.4375834465026855,3190.0,30.962108612060547,555.0,317.0,4.8,3.5224030885011297,-0.2664012989485683,0,0
121.32843,24.870713,1,20.67304229736328,6.145583152770996,2388.0,40.45592498779297,279.0,194.0,5.0,2.0657555543497845,0.20497913425929062,0,0
121.326212,24.869513,1,20.67304229736328,6.145583152770996,2388.0,40.45592498779297,279.0,194.0,5.1,2.0210096671293463,0.2122059394134233,0,0
120.882435,23.919064,1,20.23204231262207,6.198749542236328,2461.0,82.95626831054688,105.0,597.0,5.0,1.0142536348500961,0.5435712772220358,2,0
121.492715,24.946876,1,21.068500518798828,5.993833541870117,2789.0,33.47024917602539,414.0,129.0,5.5,2.5599599787948253,0.1548925236772366,0,0
120.97547,23.992707,1,20.75849914550781,6.664166927337647,2474.0,80.86075592041016,113.0,519.0,5.3,0.8978628574093223,0.6597084523665263,2,0
121.263616,29.752143,1,15.742792129516602,7.426249980926514,1269.0,45.35197067260742,143.0,184.0,5.5,0.5422404595008823,-0.17754844601226558,2,0
55.410456,-21.211179,1,18.448041915893555,6.105416774749756,1570.0,50.45746994018555,210.0,988.0,5.5,0.8589732465700334,-0.47772060719862136,2,0
127.074958,34.718472,1,12.68441677093506,9.369333267211914,1451.0,73.05927276611328,110.0,240.0,5.6,-0.16330775351735774,-0.12238218813066733,2,0
117.418679,29.466828,1,17.061792373657227,8.327750205993652,1642.0,57.48677062988281,164.0,107.0,5.5,0.5815259980878207,0.2061125631121302,2,0
129.066523,35.488379,1,12.032958030700684,9.22974967956543,1339.0,72.9229736328125,94.0,321.0,5.8,-0.37067356002017654,-0.23964880454469736,2,0
127.123856,36.45379,1,11.884916305541992,10.35099983215332,1283.0,84.54431915283203,93.0,66.0,5.5,-0.48565020010745225,0.0755191407492832,2,0
120.914694,24.565364,1,20.8365421295166,6.2597503662109375,2036.0,65.28087615966797,119.0,221.0,5.1,1.0928150120592026,0.6336196300959439,2,0
120.914633,24.561642,1,20.8365421295166,6.2597503662109375,2036.0,65.28087615966797,119.0,221.0,5.1,1.0928150120592026,0.6336196300959439,2,0
120.914694,24.561583,1,20.8365421295166,6.2597503662109375,2036.0,65.28087615966797,119.0,221.0,5.1,1.0928150120592026,0.6336196300959439,2,0
88.082784,27.133819,1,11.201457977294922,9.264583587646484,1995.0,91.7181167602539,51.0,2807.0,5.4,-0.9010196867647361,-1.8835446833682477,2,0
135.786972,35.011531,1,14.383916854858398,8.640166282653809,1646.0,43.41466522216797,213.0,187.0,5.5,0.751712421990762,-0.3597015439128629,2,0
119.542838,28.46305,1,16.33566665649414,8.64033317565918,1620.0,50.82966232299805,162.0,428.0,5.7,0.3960808091439555,-0.1733273751733749,2,0
120.668932,22.688547,1,20.110584259033203,5.840832710266113,3579.0,102.26438903808594,94.0,765.0,5.1,1.2986170487103736,0.7436639605491874,2,0
121.514372,25.126418,1,20.207000732421875,5.704166889190674,3005.0,26.002685546875,554.0,256.0,5.2,3.278094730639337,-0.2633650700617083,0,0
55.62898,-21.289863,1,17.095375061035156,6.393249988555908,1552.0,50.78536987304688,193.0,1156.0,5.5,0.6798261762164758,-0.728004340801934,2,0
114.249523,31.936108,1,15.122374534606934,8.635916709899902,1107.0,59.947547912597656,88.0,188.0,6.2,-0.35740092157215436,0.043742114693350154,2,0
119.569947,28.452162,1,16.33566665649414,8.64033317565918,1620.0,50.82966232299805,162.0,428.0,5.5,0.4855725835848325,-0.18778098548164032,2,0
76.744938,11.256048,1,17.02341651916504,9.769333839416504,1499.0,76.13287353515625,33.0,1659.0,5.6,-0.7565371655297424,-0.5768901451747263,2,0
121.614906,24.965939,1,20.223207473754883,5.4375834465026855,3190.0,30.962108612060547,555.0,317.0,4.8,3.5224030885011297,-0.2664012989485683,0,0
135.418163,35.48723,1,13.44575023651123,8.544833183288574,1841.0,20.29645538330078,395.0,243.0,4.9,1.8725420296901454,-0.9831967422666557,0,0
121.126678,24.689269,1,20.3680419921875,6.200250148773193,2285.0,55.598121643066406,184.0,311.0,5.0,1.5291070919779923,0.3490276693485305,2,0
121.68058,25.041253,1,20.282791137695312,5.453750133514404,3301.0,25.58153915405273,656.0,307.0,4.9,3.886443609613687,-0.39307888270242214,0,0
121.376883,24.882245,1,19.85416603088379,5.7804999351501465,2685.0,42.74913787841797,318.0,356.0,5.0,2.2948975463179258,0.0033333991355288177,0,0
80.403959,6.451327,1,24.82087516784668,6.2504167556762695,4330.0,34.97722244262695,611.0,387.0,5.1,4.044715316031815,0.32188190947313555,0,0
-58.417006,-34.583252,1,17.488367080688477,9.644097328186035,1057.0,23.573230743408203,181.0,17.0,5.5,0.5410819159720465,-0.13132093645263576,2,0
121.532662,24.85138,1,19.543790817260746,5.388583183288574,3065.0,39.15346145629883,453.0,441.0,4.9,2.988732880737775,-0.24496040171965108,0,0
-80.190176,32.786235,1,18.220582962036133,11.597167015075684,1284.0,33.075130462646484,226.0,11.0,4.9,0.6887805862584749,0.04828029329336555,2,0
48.433764,-18.938839,1,19.01799964904785,10.473166465759276,1900.0,68.70507049560547,193.0,1003.0,4.8,0.4717740698496391,-0.11412738508224829,2,0
48.417514,-18.94035,1,19.01799964904785,10.473166465759276,1900.0,68.70507049560547,193.0,1003.0,4.8,0.4717740698496391,-0.11412738508224829,2,0
36.860183,-0.620311,1,15.62137508392334,12.440917015075684,1698.0,76.40221405029297,200.0,2050.0,5.1,-0.4743516816455322,-1.1314871586339312,2,0
120.890069,23.905004,1,19.707250595092773,5.943166732788086,2506.0,83.1556396484375,107.0,744.0,5.1,0.9807444974323187,0.3822446231588507,2,0
55.626646,-21.027247,1,19.74479103088379,5.638583183288574,1746.0,47.993412017822266,223.0,673.0,5.3,1.284179803956016,-0.1524495009327686,2,0
121.608406,24.971886,1,20.223207473754883,5.4375834465026855,3190.0,30.962108612060547,555.0,317.0,4.7,3.567148975721568,-0.27362810410270094,0,0
48.419914,-18.937393,1,19.01799964904785,10.473166465759276,1900.0,68.70507049560547,193.0,1003.0,4.7,0.5165199570700774,-0.12135419023638094,2,0
121.465492,25.208972,1,20.425954818725582,5.729217052459717,2945.0,24.2525577545166,606.0,109.0,4.9,3.593853830087479,-0.22443541736700837,0,0
121.503662,25.164098,1,20.207000732421875,5.704166889190674,3005.0,26.002685546875,554.0,256.0,4.7,3.501824166741529,-0.2994990958323717,0,0
-25.31358,37.7699,1,15.509041786193848,4.953583240509033,1107.0,35.37581253051758,147.0,462.0,6.2,0.5400327143915091,-0.5530381763443748,2,0
120.90832,23.951126,1,20.23204231262207,6.198749542236328,2461.0,82.95626831054688,105.0,597.0,5.1,0.9695077476296577,0.5507980823761685,2,0
81.044792,6.859989,1,21.478166580200195,7.910666465759277,1860.0,57.36178207397461,153.0,1059.0,5.4,0.5946688676607309,-0.0028834196140017,2,0
121.503205,25.163742,1,20.207000732421875,5.704166889190674,3005.0,26.002685546875,554.0,256.0,4.7,3.501824166741529,-0.2994990958323717,0,0
121.120984,24.695496,1,20.3680419921875,6.200250148773193,2285.0,55.598121643066406,184.0,311.0,5.0,1.5291070919779923,0.3490276693485305,2,0
121.127417,24.6899,1,20.3680419921875,6.200250148773193,2285.0,55.598121643066406,184.0,311.0,5.0,1.5291070919779923,0.3490276693485305,2,0
121.303349,24.571375,1,12.230957984924316,5.645916938781738,2861.0,51.83860397338867,246.0,2005.0,5.4,1.2966060729730329,-1.84825923030287,2,0
121.44854,24.925253,1,21.068500518798828,5.993833541870117,2789.0,33.47024917602539,414.0,129.0,5.2,2.6941976404561405,0.13321210821483856,0,0
28.916916,41.008809,1,14.49563980102539,7.935077667236328,716.0,46.45966720581055,90.0,56.0,5.5,0.032684105539218966,-0.19310404474008042,2,0
139.666497,35.729619,1,15.368416786193848,8.637833595275879,1488.0,46.97573852539063,142.0,47.0,5.5,0.48778820215890817,-0.05184000023526178,2,0
121.623578,24.966932,1,20.223207473754883,5.4375834465026855,3190.0,30.962108612060547,555.0,317.0,4.7,3.567148975721568,-0.27362810410270094,0,0
121.070236,24.803156,1,21.57162475585937,6.58008337020874,1939.0,47.11859130859375,192.0,81.0,5.2,1.4133226398567562,0.5360114680403735,2,0
145.413239,-16.195242,1,23.541584014892575,7.603499412536621,3244.0,72.13209533691406,218.0,208.0,5.1,1.7846662314418833,1.065749266968235,2,0
29.310326,-1.726742,1,18.903833389282227,10.545166969299316,1366.0,37.84358596801758,157.0,1670.0,5.8,-0.21959315403642715,-0.9393104166730628,2,0
48.416672,-18.935922,1,19.01799964904785,10.473166465759276,1900.0,68.70507049560547,193.0,1003.0,4.9,0.42702818262920034,-0.10690057992811555,2,0
115.783212,25.602275,1,19.335041046142575,8.781416893005371,1566.0,56.35638046264648,152.0,230.0,5.5,0.46882417886802885,0.3668141069476803,2,0
121.451195,24.832092,1,16.833499908447266,5.2833333015441895,2844.0,46.99568939208984,365.0,1038.0,5.0,2.284199494345587,-0.8257312139612516,0,0
121.451667,24.831638,1,16.833499908447266,5.2833333015441895,2844.0,46.99568939208984,365.0,1038.0,5.0,2.284199494345587,-0.8257312139612516,0,0
-43.002778,-22.321667,1,17.365875244140625,10.695416450500488,1741.0,63.33218765258789,140.0,1055.0,4.8,0.21296387225434701,-0.36190439581140205,2,0
30.007744,-23.916437,1,17.0292911529541,11.676250457763672,1034.0,73.89659881591797,62.0,1117.0,5.3,-0.8733834713805501,-0.2452385724625489,2,0
55.627175,-21.026955,1,19.74479103088379,5.638583183288574,1746.0,47.993412017822266,223.0,673.0,5.2,1.3289256911764544,-0.15967630608690125,2,0
55.438847,-4.661783,1,26.01388931274414,5.563756465911865,2358.0,41.76608276367188,338.0,226.0,5.6,2.1283611661969317,0.7630312146017305,0,0
48.413737,-18.932887,1,19.07975006103516,10.926166534423828,1766.0,72.35250854492188,168.0,968.0,4.9,0.19339217473508755,-0.007709970156703945,2,0
80.590187,7.197673,1,23.394624710083008,8.239250183105469,2591.0,33.06501770019531,458.0,718.0,5.2,2.2874089792688843,-0.05902694271883175,0,0
77.051031,10.094094,1,17.55008316040039,9.04099941253662,2404.0,70.76957702636719,117.0,1704.0,5.5,0.15056482770561772,-0.6428555514593064,2,0
30.228584,-22.964754,1,18.6649169921875,11.422500610351562,1222.0,82.92626953125,63.0,1087.0,5.4,-0.8367724819937808,0.08520706259801517,2,0
30.233098,-22.846321,1,18.786958694458008,11.708250045776367,1180.0,84.89360046386719,56.0,1095.0,5.4,-0.9402309422193392,0.126080383602646,2,0
30.288345,-22.901964,1,18.35099983215332,11.042166709899902,1327.0,82.81756591796875,69.0,1136.0,5.3,-0.6857678671299745,0.0003728527329664715,2,0
30.328851,-22.969848,1,18.445499420166016,10.862500190734863,1358.0,82.07855224609375,74.0,1117.0,5.4,-0.6591821414685934,0.017183227073950258,2,0
30.382134,-22.859768,1,18.70416641235352,11.082667350769045,1320.0,82.2869644165039,67.0,1088.0,5.4,-0.7191788980620407,0.07793414499315153,2,0
30.217906,-22.972707,1,18.6649169921875,11.422500610351562,1222.0,82.92626953125,63.0,1087.0,5.5,-0.8815183692142191,0.09243386775214783,2,0
30.59574,-22.897435,1,21.94754219055176,13.027750015258787,720.0,86.01055908203125,22.0,534.0,6.2,-1.6084542341876034,0.9860327643808962,1,0
30.33139,-22.853498,1,18.35099983215332,11.042166709899902,1327.0,82.81756591796875,69.0,1136.0,5.4,-0.7305137543504132,0.007599657887099207,2,0
30.366777,-22.980839,1,20.34433364868164,11.864999771118164,1027.0,83.42253112792969,43.0,804.0,5.8,-1.1270753868270078,0.5280696459647404,2,0
30.345351,-22.862085,1,18.70416641235352,11.082667350769045,1320.0,82.2869644165039,67.0,1088.0,5.4,-0.7191788980620407,0.07793414499315153,2,0
30.394576,-22.810075,1,18.98995780944824,11.387249946594238,1219.0,83.7347412109375,58.0,1057.0,5.9,-1.0648153882921274,0.19303314164779237,2,0
30.397183,-22.881531,1,18.70416641235352,11.082667350769045,1320.0,82.2869644165039,67.0,1088.0,5.5,-0.763924785282479,0.0851609501472842,2,0
30.29589,-22.819993,1,18.596834182739254,11.35883331298828,1214.0,85.7525634765625,57.0,1126.0,5.4,-0.8915066868026188,0.08681468377175959,2,0
120.754447,24.454767,1,20.71324920654297,6.315333366394043,2057.0,70.95539093017578,97.0,249.0,5.5,0.7815183018196802,0.7206576408307561,2,0
80.639802,7.068299,1,21.60545921325684,8.133417129516602,2859.0,26.88181495666504,457.0,999.0,5.4,2.295277895174016,-0.5067954081359074,0,0
80.435981,6.419223,1,24.148082733154297,6.465499877929688,4074.0,34.54012680053711,586.0,507.0,5.1,3.7685987320397265,0.15920130718391984,0,0
91.753272,24.30163,1,24.5170841217041,10.619333267211914,2445.0,82.40338134765625,47.0,52.0,5.4,0.2687084793717313,1.5924678656492373,2,0
121.020301,24.638693,1,19.4375,5.938666343688965,2368.0,62.97378921508789,161.0,523.0,5.1,1.3397213991858852,0.20830998260644845,2,0
30.095092,-23.811213,1,20.19708251953125,12.859333992004396,764.0,78.54788208007812,36.0,784.0,5.9,-1.4142347918625682,0.48044116718312113,1,0
-25.403008,37.818302,1,15.5899658203125,5.034013748168945,1108.0,35.712013244628906,147.0,457.0,6.1,0.5731916239547621,-0.5416224888973581,2,0
55.529752,-21.047946,1,16.988666534423828,5.962500095367432,1668.0,49.551795959472656,213.0,1125.0,5.4,0.9230562843568757,-0.7571404449396872,2,0
55.636068,-20.978333,1,22.720539093017575,6.157070636749268,1590.0,57.60710906982422,175.0,205.0,5.4,1.0372985303320421,0.6918740103716524,2,0
121.093491,24.648509,1,18.348125457763672,5.783750057220459,2522.0,61.89263534545898,183.0,760.0,4.8,1.5604309076649052,-0.13393743834951766,2,0
88.416328,27.235115,1,18.610958099365234,8.87641716003418,2710.0,108.50859832763672,41.0,1582.0,5.4,-0.19320118731474228,0.11208965873888904,2,0
133.950184,34.608787,1,15.4811429977417,8.928953170776367,1444.0,56.45927810668945,129.0,12.0,5.5,0.2967338497341151,0.11774700462385045,2,0
121.567552,24.891485,1,19.543790817260746,5.388583183288574,3065.0,39.15346145629883,453.0,441.0,4.9,2.988732880737775,-0.24496040171965108,0,0
120.917137,23.92943,1,20.75849914550781,6.664166927337647,2474.0,80.86075592041016,113.0,519.0,5.1,0.9873546318501992,0.6452548420582609,2,0
121.063744,24.795556,1,21.57162475585937,6.58008337020874,1939.0,47.11859130859375,192.0,81.0,5.4,1.323830865415879,0.5504650783486388,2,0
121.554475,25.164098,1,20.207000732421875,5.704166889190674,3005.0,26.002685546875,554.0,256.0,4.8,3.457078279521091,-0.29227229067823907,0,0
121.517747,25.156083,1,20.207000732421875,5.704166889190674,3005.0,26.002685546875,554.0,256.0,4.7,3.501824166741529,-0.2994990958323717,0,0
121.163308,24.831495,1,20.788124084472656,6.214916706085205,2116.0,48.23344421386719,201.0,196.0,5.4,1.4315698870624662,0.3904300177514441,2,0
139.546888,35.333575,1,15.622416496276855,8.168333053588867,1708.0,40.70425796508789,187.0,43.0,5.5,0.8709443048981866,-0.13075743778059087,2,0
121.248759,29.77854,1,14.28083324432373,7.367166519165039,1365.0,46.28982925415039,152.0,472.0,5.4,0.5488697320170544,-0.5505522340934497,2,0
48.415672,-18.935756,1,19.07975006103516,10.926166534423828,1766.0,72.35250854492188,168.0,968.0,4.9,0.19339217473508755,-0.007709970156703945,2,0
135.773255,35.000492,1,14.383916854858398,8.640166282653809,1646.0,43.41466522216797,213.0,187.0,5.5,0.751712421990762,-0.3597015439128629,2,0
121.367583,24.95179,1,21.199501037597656,6.2226667404174805,2529.0,32.551124572753906,364.0,103.0,5.3,2.3595424183954026,0.19180356994188164,0,0
129.697692,31.667433,1,16.12628936767578,6.106944561004639,2614.0,51.498809814453125,349.0,239.0,5.2,2.072560960655836,-0.22675956732039365,0,0
106.959703,29.897374,1,16.897417068481445,6.420333385467529,1182.0,65.50350189208984,61.0,503.0,5.6,0.08128950071343938,0.01305331916984969,2,0
30.328875,0.496481,1,20.69129180908203,10.955583572387695,1287.0,44.02772903442383,198.0,1336.0,5.5,-0.0002571597172807095,-0.47353473637845017,2,0
121.623544,24.966906,1,20.223207473754883,5.4375834465026855,3190.0,30.962108612060547,555.0,317.0,4.7,3.567148975721568,-0.27362810410270094,0,0
139.680347,35.658814,1,15.699874877929688,7.690249919891357,1508.0,43.9100341796875,151.0,27.0,5.5,0.7062622699858857,-0.06521393442295931,2,0
139.680196,35.658692,1,15.699874877929688,7.690249919891357,1508.0,43.9100341796875,151.0,27.0,5.5,0.7062622699858857,-0.06521393442295931,2,0
40.617624,40.984928,1,12.20591640472412,8.114832878112793,1353.0,27.73223876953125,240.0,565.0,5.5,0.7737564403876992,-1.134267909122534,2,0
139.381951,35.619358,1,14.593375205993652,8.960416793823242,1518.0,47.82559967041016,150.0,126.0,5.5,0.4320498581058776,-0.18355109892570845,2,0
121.671389,25.050556,1,20.282791137695312,5.453750133514404,3301.0,25.58153915405273,656.0,307.0,4.8,3.9311894968341257,-0.40030568785655485,0,0
121.599428,25.169172,1,20.146408081054688,5.309290885925293,3226.0,21.810651779174805,709.0,247.0,5.0,4.032799706501876,-0.4598909877520813,0,0
121.799763,24.617783,1,21.90279197692871,5.782583713531494,2909.0,35.73944854736328,462.0,122.0,4.9,3.054598213741084,0.19879219769277803,0,0
139.460788,35.63962,1,14.841291427612305,8.569916725158691,1527.0,46.71638488769531,152.0,84.0,5.5,0.5276239184267361,-0.14815911723820918,2,0
6.802979,51.205948,1,10.617541313171388,7.677416801452637,790.0,12.385119438171388,170.0,40.0,4.8,0.9384500529367297,-1.1516069948297256,2,0
139.688284,35.659244,1,15.699874877929688,7.690249919891357,1508.0,43.9100341796875,151.0,27.0,5.5,0.7062622699858857,-0.06521393442295931,2,0
139.688294,35.659265,1,15.699874877929688,7.690249919891357,1508.0,43.9100341796875,151.0,27.0,5.5,0.7062622699858857,-0.06521393442295931,2,0
121.200805,24.753113,1,20.319583892822266,6.079166889190674,2361.0,50.643836975097656,215.0,280.0,5.1,1.6907976832542995,0.2885985386371637,2,0
88.313375,27.039421,1,18.310667037963867,8.494166374206543,2970.0,113.22860717773438,39.0,1551.0,5.2,0.028936075985390768,0.16024815347607127,2,0
101.700958,2.951454,1,27.20691680908203,9.45566749572754,2226.0,27.092344284057617,428.0,57.0,5.1,2.213707403370613,0.7970433524863014,0,0
101.700244,2.952072,1,27.20691680908203,9.45566749572754,2226.0,27.092344284057617,428.0,57.0,5.1,2.213707403370613,0.7970433524863014,0,0
139.440015,35.62672,1,14.841291427612305,8.569916725158691,1527.0,46.71638488769531,152.0,84.0,5.5,0.5276239184267361,-0.14815911723820918,2,0
121.314513,24.847422,1,20.67304229736328,6.145583152770996,2388.0,40.45592498779297,279.0,194.0,4.9,2.110501441570223,0.19775232910515797,0,0
114.330933,22.609147,1,21.36671257019043,6.305344104766846,2022.0,75.7085189819336,98.0,252.0,5.1,0.9095470614801741,0.8162625686022371,2,0
77.947514,30.322376,1,21.75629234313965,12.22558307647705,1914.0,135.77110290527344,90.0,625.0,6.1,-1.2071104794188285,1.5207672938804373,1,0
121.104303,24.764791,1,20.788124084472656,6.214916706085205,2116.0,48.23344421386719,201.0,196.0,5.1,1.5658075487237821,0.36874960228904596,2,0
129.702392,31.686711,1,16.12628936767578,6.106944561004639,2614.0,51.498809814453125,349.0,239.0,5.2,2.072560960655836,-0.22675956732039365,0,0
139.68084,35.668542,1,15.615541458129885,8.039416313171387,1466.0,45.43366622924805,143.0,34.0,5.5,0.5913574068857638,-0.04959339052403289,2,0
55.6267,-21.02728,1,19.74479103088379,5.638583183288574,1746.0,47.993412017822266,223.0,673.0,5.3,1.284179803956016,-0.1524495009327686,2,0
121.577689,25.141722,1,20.207000732421875,5.704166889190674,3005.0,26.002685546875,554.0,256.0,4.9,3.412332392300652,-0.28504548552410636,0,0
121.685341,25.114392,1,21.28715705871582,5.498883247375488,3378.0,20.319324493408203,747.0,96.0,4.7,4.409104360158375,-0.27921340961666796,0,0
121.316,24.905428,1,20.67304229736328,6.145583152770996,2388.0,40.45592498779297,279.0,194.0,5.0,2.0657555543497845,0.20497913425929062,0,0
108.932648,18.667722,1,22.11212539672852,6.487249851226807,1414.0,77.26356506347656,68.0,594.0,5.3,0.30348102114141867,0.659378632031642,2,0
55.628986,-21.298563,1,17.095375061035156,6.393249988555908,1552.0,50.78536987304688,193.0,1156.0,5.3,0.7693179506573528,-0.7424579511101994,2,0
81.048223,6.861331,1,21.478166580200195,7.910666465759277,1860.0,57.36178207397461,153.0,1059.0,5.4,0.5946688676607309,-0.0028834196140017,2,0
55.629143,-21.296455,1,17.095375061035156,6.393249988555908,1552.0,50.78536987304688,193.0,1156.0,5.5,0.6798261762164758,-0.728004340801934,2,0
55.62675,-21.292519,1,17.095375061035156,6.393249988555908,1552.0,50.78536987304688,193.0,1156.0,5.5,0.6798261762164758,-0.728004340801934,2,0
55.626609,-21.292582,1,17.095375061035156,6.393249988555908,1552.0,50.78536987304688,193.0,1156.0,5.5,0.6798261762164758,-0.728004340801934,2,0
80.162454,6.740377,1,27.00012588500977,6.488583564758301,3787.0,40.86736297607422,476.0,32.0,5.5,3.2470037418542397,1.0107405794696491,0,0
120.914896,23.924421,1,20.23204231262207,6.198749542236328,2461.0,82.95626831054688,105.0,597.0,5.1,0.9695077476296577,0.5507980823761685,2,0
127.144,35.78782,1,12.825249671936035,10.404500007629396,1282.0,79.43231964111328,105.0,86.0,5.8,-0.5243077460866546,0.11375583260541104,2,0
81.058875,6.869478,1,21.478166580200195,7.910666465759277,1860.0,57.36178207397461,153.0,1059.0,5.4,0.5946688676607309,-0.0028834196140017,2,0
78.35,26.0,1,25.804332733154297,13.949666023254396,1008.0,147.2806854248047,14.0,204.0,7.5,-2.6805709847868493,2.5562219621676925,1,0
120.790047,23.729373,1,18.488250732421875,5.788000106811523,2420.0,84.40406799316406,95.0,979.0,5.0,0.8648998960329942,0.08127185324170864,2,0
175.134428,-39.927161,1,13.19041633605957,8.53833293914795,999.0,11.442273139953612,217.0,74.0,5.8,0.6640828709128036,-0.8380673434040984,2,0
55.631667,-21.301944,1,17.095375061035156,6.393249988555908,1552.0,50.78536987304688,193.0,1156.0,5.3,0.7693179506573528,-0.7424579511101994,2,0
81.060581,6.868022,1,21.478166580200195,7.910666465759277,1860.0,57.36178207397461,153.0,1059.0,5.5,0.5499229804402926,0.004343385540130966,2,0
55.629301,-21.297828,1,17.095375061035156,6.393249988555908,1552.0,50.78536987304688,193.0,1156.0,5.5,0.6798261762164758,-0.728004340801934,2,0
88.655962,25.698078,1,24.887290954589844,10.277750015258787,1864.0,104.70506286621094,23.0,38.0,6.2,-0.6291544523056609,1.9424376557054144,2,0
80.421487,6.43941,1,24.148082733154297,6.465499877929688,4074.0,34.54012680053711,586.0,507.0,5.1,3.7685987320397265,0.15920130718391984,0,0
80.194122,6.257213,1,26.583499908447266,5.777500152587891,3655.0,36.54573440551758,505.0,60.0,5.1,3.5757908059106276,0.8092378518340079,0,0
121.392617,24.993825,1,21.199501037597656,6.2226667404174805,2529.0,32.551124572753906,364.0,103.0,4.7,2.628017741718033,0.14844273901708552,0,0
120.628975,23.929917,1,22.180458068847656,6.896749973297119,1909.0,85.2535629272461,71.0,149.0,5.3,0.5432549622267565,1.1426992476129965,2,0
81.058955,6.869509,1,21.478166580200195,7.910666465759277,1860.0,57.36178207397461,153.0,1059.0,5.4,0.5946688676607309,-0.0028834196140017,2,0
81.044438,6.873671,1,21.478166580200195,7.910666465759277,1860.0,57.36178207397461,153.0,1059.0,5.4,0.5946688676607309,-0.0028834196140017,2,0
120.628755,23.929992,1,22.180458068847656,6.896749973297119,1909.0,85.2535629272461,71.0,149.0,5.3,0.5432549622267565,1.1426992476129965,2,0
81.061353,6.876866,1,21.478166580200195,7.910666465759277,1860.0,57.36178207397461,153.0,1059.0,5.3,0.6394147548811696,-0.010110224768134437,2,0
81.06077,6.867318,1,21.478166580200195,7.910666465759277,1860.0,57.36178207397461,153.0,1059.0,5.5,0.5499229804402926,0.004343385540130966,2,0
118.83229,32.052163,1,16.001874923706055,8.381916999816895,1072.0,58.43724822998047,118.0,19.0,6.4,-0.2587779090851971,0.22699435257177555,2,0
81.061144,6.866934,1,21.478166580200195,7.910666465759277,1860.0,57.36178207397461,153.0,1059.0,5.5,0.5499229804402926,0.004343385540130966,2,0
118.759,30.94,1,16.184415817260742,8.269166946411133,1236.0,48.8039436340332,132.0,12.0,5.5,0.39230603552761645,0.0672340369043941,2,0
-67.583056,-16.398083,1,19.35991668701172,12.566166877746582,1193.0,64.37548828125,78.0,1815.0,5.5,-1.0079951978306871,-0.5907036450076584,2,0
-54.996212,-27.214207,1,20.1269588470459,11.916916847229004,1644.0,13.630475044250488,344.0,407.0,5.1,1.215524469098567,-0.32981968417964724,2,0
57.510515,-20.42116,1,22.0942497253418,6.280333518981934,1797.0,48.32500076293945,211.0,282.0,5.1,1.4271497931170305,0.41670635910505294,2,0
55.399421,-21.211565,1,18.448041915893555,6.105416774749756,1570.0,50.45746994018555,210.0,988.0,5.5,0.8589732465700334,-0.47772060719862136,2,0
55.627495,-21.162399,1,16.919416427612305,6.135833740234375,1760.0,46.12233352661133,240.0,1128.0,5.2,1.1467283299863544,-0.8367064684573927,2,0
108.114039,16.214129,1,23.79331970214844,6.363362312316895,2164.0,84.1610336303711,139.0,379.0,5.9,0.660187351817689,1.1279468554391592,2,0
55.440389,-20.922008,1,18.32366752624512,5.671666622161865,1679.0,52.215579986572266,204.0,1036.0,5.2,1.0587211702053194,-0.5223454339069491,2,0
120.779548,24.421982,1,20.71324920654297,6.315333366394043,2057.0,70.95539093017578,97.0,249.0,5.4,0.8262641890401184,0.7134308356766234,2,0
121.80488,24.612797,1,21.90279197692871,5.782583713531494,2909.0,35.73944854736328,462.0,122.0,4.8,3.0993441009615226,0.1915653925386453,0,0
88.395286,26.727081,1,25.07183265686035,10.167499542236328,3218.0,113.56514739990234,24.0,124.0,5.7,0.18273782658323381,2.0794157841777503,2,0
18.738092,-33.833743,1,17.307750701904297,11.262166976928713,649.0,65.5315933227539,58.0,104.0,6.3,-1.0897914460795326,0.47079302788450134,2,0
48.415593,-18.929308,1,19.07975006103516,10.926166534423828,1766.0,72.35250854492188,168.0,968.0,4.9,0.19339217473508755,-0.007709970156703945,2,0
127.0313,35.36759,1,12.246208190917969,10.088916778564451,1327.0,77.09939575195312,112.0,202.0,5.8,-0.45538162674254573,-0.0747253823888753,2,0
127.0312,35.36753,1,12.246208190917969,10.088916778564451,1327.0,77.09939575195312,112.0,202.0,5.8,-0.45538162674254573,-0.0747253823888753,2,0
127.031,35.36622,1,12.246208190917969,10.088916778564451,1327.0,77.09939575195312,112.0,202.0,5.8,-0.45538162674254573,-0.0747253823888753,2,0
109.947329,-7.360453,1,20.956375122070312,8.713417053222656,3232.0,52.869625091552734,282.0,945.0,5.3,1.6599715212673296,-0.024848200001361738,0,0
48.435413,-19.012819,1,18.65250015258789,10.095999717712402,1900.0,68.43873596191406,191.0,1058.0,4.7,0.5449456299469793,-0.21237665897375654,2,0
48.43518,-19.01293,1,18.65250015258789,10.095999717712402,1900.0,68.43873596191406,191.0,1058.0,4.8,0.500199742726541,-0.2051498538196239,2,0
121.613558,25.241116,1,20.146408081054688,5.309290885925293,3226.0,21.810651779174805,709.0,247.0,4.9,4.077545593722315,-0.467117792906214,0,0
121.777297,24.873683,1,19.967857360839844,5.214455604553223,3207.0,33.58320617675781,556.0,421.0,4.9,3.459038804659529,-0.33687112532203595,0,0
121.804802,24.612632,1,21.90279197692871,5.782583713531494,2909.0,35.73944854736328,462.0,122.0,4.8,3.0993441009615226,0.1915653925386453,0,0
55.629187,-21.296368,1,17.095375061035156,6.393249988555908,1552.0,50.78536987304688,193.0,1156.0,5.5,0.6798261762164758,-0.728004340801934,2,0
55.629157,-21.296439,1,17.095375061035156,6.393249988555908,1552.0,50.78536987304688,193.0,1156.0,5.5,0.6798261762164758,-0.728004340801934,2,0
55.531787,-21.23799,1,16.988874435424805,6.645082950592041,1548.0,53.16046905517578,187.0,1250.0,5.4,0.6149502828284297,-0.7770675975872526,2,0
55.626289,-21.292318,1,17.095375061035156,6.393249988555908,1552.0,50.78536987304688,193.0,1156.0,5.4,0.724572063436914,-0.7352311459560668,2,0
55.529964,-20.93801,1,20.11162567138672,6.032750129699707,1634.0,53.67045593261719,195.0,708.0,5.4,0.9820306946489595,-0.036121014325563416,2,0
55.626665,-21.027282,1,19.74479103088379,5.638583183288574,1746.0,47.993412017822266,223.0,673.0,5.3,1.284179803956016,-0.1524495009327686,2,0
55.626763,-21.295393,1,17.095375061035156,6.393249988555908,1552.0,50.78536987304688,193.0,1156.0,5.5,0.6798261762164758,-0.728004340801934,2,0
120.619779,23.601216,1,21.089332580566406,6.259500026702881,2447.0,91.79638671875,81.0,425.0,5.2,0.8110119826679193,0.9112363253546627,2,0
120.650598,22.977694,1,22.205291748046875,6.041416645050049,3111.0,103.20915222167967,69.0,339.0,5.3,1.0242209230378223,1.3066488262738152,2,0
39.702822,43.697735,1,12.795833587646484,8.0600004196167,1653.0,25.55557632446289,322.0,301.0,5.2,1.4151182830963174,-0.9719309474655824,2,0
129.1143,35.24488,1,13.85154151916504,8.545916557312012,1406.0,67.72005462646484,107.0,112.0,5.6,0.041602937233588835,0.017221241124598163,2,0
139.66664,35.729672,1,15.368416786193848,8.637833595275879,1488.0,46.97573852539063,142.0,47.0,5.5,0.48778820215890817,-0.05184000023526178,2,0
121.541783,24.962755,1,21.14137458801269,5.8770833015441895,3012.0,31.987716674804688,480.0,137.0,5.1,3.0754465979816237,0.06598839510736101,0,0
121.633082,25.030755,1,21.191375732421875,5.6879167556762695,3168.0,22.735084533691406,618.0,104.0,4.7,3.8706700373014287,-0.16261951728968482,0,0
120.777175,24.362862,1,20.215375900268555,6.27091646194458,2250.0,77.43557739257812,92.0,416.0,5.4,0.7894171876561867,0.6332893354659974,2,0
121.720978,25.056258,1,20.282791137695312,5.453750133514404,3301.0,25.58153915405273,656.0,307.0,4.9,3.886443609613687,-0.39307888270242214,0,0
55.626675,-21.027323,1,19.74479103088379,5.638583183288574,1746.0,47.993412017822266,223.0,673.0,5.3,1.284179803956016,-0.1524495009327686,2,0
55.629188,-21.296485,1,17.095375061035156,6.393249988555908,1552.0,50.78536987304688,193.0,1156.0,5.5,0.6798261762164758,-0.728004340801934,2,0
55.631495,-21.323552,1,17.095375061035156,6.393249988555908,1552.0,50.78536987304688,193.0,1156.0,5.4,0.724572063436914,-0.7352311459560668,2,0
135.79561,35.026242,1,14.383916854858398,8.640166282653809,1646.0,43.41466522216797,213.0,187.0,5.5,0.751712421990762,-0.3597015439128629,2,0
40.463834,40.923849,1,13.086041450500488,7.916083335876465,1490.0,31.32438087463379,253.0,339.0,5.5,0.952817055465558,-0.8296426732590354,2,0
40.108333,40.894444,1,12.98231315612793,7.401020526885986,1126.0,26.66071510314941,220.0,384.0,5.5,0.7824405547114042,-0.9431951178368779,2,0
139.451347,35.84759,1,14.614707946777344,9.23408317565918,1422.0,50.24152755737305,137.0,41.0,5.8,0.17036514816809165,-0.05678092470792646,2,0
30.359197,0.609727,1,19.57062530517578,11.006250381469728,1429.0,45.95125961303711,191.0,1471.0,5.4,0.00659632880389647,-0.662340382383966,2,0
126.8912,35.522,1,12.64479160308838,10.077917098999023,1273.0,76.1912841796875,109.0,131.0,5.5,-0.3176155148584992,-0.012671697595241137,2,0
-43.512141,-20.440644,1,17.450000762939453,11.352999687194824,1518.0,81.60735321044922,56.0,1258.0,5.1,-0.6227455411769854,-0.18510464441523694,2,0
151.2319,-33.991,1,17.895383834838867,8.665127754211426,1210.0,24.912660598754883,223.0,19.0,5.5,0.8757075239152213,-0.11811174006189669,2,0
121.592531,25.164017,1,20.091333389282227,5.44183349609375,3200.0,23.424787521362305,649.0,290.0,5.1,3.750976029379474,-0.41590716282467877,0,0
120.097888,30.949245,1,15.826499938964844,6.221333026885986,1126.0,52.65277099609375,122.0,3.0,6.7,0.020442737381699633,0.12360920806835973,2,0
48.419158,-18.93724,1,19.01799964904785,10.473166465759276,1900.0,68.70507049560547,193.0,1003.0,4.7,0.5165199570700774,-0.12135419023638094,2,0
48.419387,-18.94182,1,19.01799964904785,10.473166465759276,1900.0,68.70507049560547,193.0,1003.0,4.8,0.4717740698496391,-0.11412738508224829,2,0
48.420933,-18.937772,1,19.01799964904785,10.473166465759276,1900.0,68.70507049560547,193.0,1003.0,4.7,0.5165199570700774,-0.12135419023638094,2,0
-7.634901,7.452136,1,23.186542510986328,12.891083717346191,1627.0,69.01016235351562,77.0,677.0,5.1,-0.3107438919599437,0.7499820193289312,2,0
121.621017,25.122228,1,20.091333389282227,5.44183349609375,3200.0,23.424787521362305,649.0,290.0,4.8,3.8852136910407893,-0.43758757828707684,0,0
136.003297,34.466075,1,12.127166748046877,8.359333992004395,1920.0,48.44430923461914,190.0,604.0,5.5,0.6460378949740473,-0.8203148759358767,2,0
121.098437,24.831996,1,20.788124084472656,6.214916706085205,2116.0,48.23344421386719,201.0,196.0,5.2,1.5210616615033434,0.3759764074431787,2,0
55.438063,-4.661655,1,26.01388931274414,5.563756465911865,2358.0,41.76608276367188,338.0,226.0,5.6,2.1283611661969317,0.7630312146017305,0,0
55.604668,-21.32986,1,17.095375061035156,6.393249988555908,1552.0,50.78536987304688,193.0,1156.0,5.4,0.724572063436914,-0.7352311459560668,2,0
138.463917,34.982475,1,15.974183082580566,8.438562393188477,2117.0,42.52265930175781,229.0,73.0,5.3,1.229797014518898,-0.10473361710208613,2,0
57.522417,-20.427344,1,22.0942497253418,6.280333518981934,1797.0,48.32500076293945,211.0,282.0,5.2,1.3824039058965918,0.42393316425918565,2,0
40.293328,40.820729,1,11.114916801452637,8.661999702453613,958.0,22.46605682373047,196.0,825.0,5.5,0.32782715140377444,-1.493601292904082,2,0
81.167758,7.006828,1,22.956207275390625,7.721916675567627,1850.0,69.92289733886719,106.0,807.0,5.5,0.4031744844579545,0.5470746746224484,2,0
55.440469,-20.922147,1,18.32366752624512,5.671666622161865,1679.0,52.215579986572266,204.0,1036.0,5.2,1.0587211702053194,-0.5223454339069491,2,0
127.0349,35.36856,1,12.246208190917969,10.088916778564451,1327.0,77.09939575195312,112.0,202.0,5.9,-0.5001275139629845,-0.06749857723474258,2,0
128.7161,35.17684,1,13.09458351135254,9.574333190917969,1451.0,75.04318237304688,95.0,196.0,5.6,-0.23671319105012237,-0.0018850063347864844,2,0
128.7162,35.1767,1,13.09458351135254,9.574333190917969,1451.0,75.04318237304688,95.0,196.0,5.6,-0.23671319105012237,-0.0018850063347864844,2,0
121.573802,25.146718,1,20.207000732421875,5.704166889190674,3005.0,26.002685546875,554.0,256.0,4.7,3.501824166741529,-0.2994990958323717,0,0
121.49717,24.904422,1,18.928709030151367,5.445250034332275,2906.0,43.32150268554688,377.0,568.0,4.8,2.6311390526613576,-0.3065135709957521,0,0
121.091506,24.08676,1,15.103166580200195,5.866666793823242,2532.0,60.582706451416016,181.0,1526.0,5.0,1.1898078489819592,-1.0593778729318608,2,0
121.532997,25.239472,1,18.762958526611328,5.278583526611328,3057.0,27.712692260742188,567.0,538.0,4.8,3.4551367507201824,-0.6573477459929175,0,0
121.660897,25.025081,1,21.191375732421875,5.6879167556762695,3168.0,22.735084533691406,618.0,104.0,4.9,3.7811782628605517,-0.14816590698141943,0,0
121.46602,24.83434,1,18.928709030151367,5.445250034332275,2906.0,43.32150268554688,377.0,568.0,5.0,2.5416472782204806,-0.2920599606874867,0,0
121.125992,24.689189,1,20.3680419921875,6.200250148773193,2285.0,55.598121643066406,184.0,311.0,5.0,1.5291070919779923,0.3490276693485305,2,0
121.317688,23.224445,1,21.155542373657227,5.265416622161865,2197.0,65.24112701416016,187.0,491.0,5.5,1.268487244338727,0.42671424861078244,2,0
41.417968,41.38478,1,12.694574356079102,8.14696216583252,1703.0,28.770092010498047,283.0,470.0,5.1,1.275662633426905,-1.0352033335895028,2,0
41.045404,41.107724,1,12.650541305541992,8.298417091369629,1514.0,28.719051361083984,254.0,506.0,5.5,0.8846123023791564,-1.0245355918930326,2,0
40.868318,41.09715,1,13.432499885559082,7.778999805450439,1714.0,32.98899841308594,265.0,302.0,5.1,1.2995453539378186,-0.7677342692967652,2,0
89.000385,26.906338,1,24.536083221435547,8.680000305175781,4103.0,105.19757080078124,44.0,246.0,5.5,1.0360999562489839,1.834095801633249,2,0
55.629343,-21.295958,1,17.095375061035156,6.393249988555908,1552.0,50.78536987304688,193.0,1156.0,5.5,0.6798261762164758,-0.728004340801934,2,0
39.177999,41.039674,1,13.685312271118164,6.67020845413208,984.0,25.262056350708008,197.0,219.0,5.5,0.8252591497826801,-0.7668497144166883,2,0
40.383489,40.966018,1,13.646624565124512,7.608583450317383,1564.0,33.68349075317383,256.0,158.0,5.5,1.0805185164180064,-0.6074794347183495,2,0
55.630177,-21.296846,1,17.095375061035156,6.393249988555908,1552.0,50.78536987304688,193.0,1156.0,5.5,0.6798261762164758,-0.728004340801934,2,0
108.009524,14.060842,1,22.981416702270508,8.561833381652832,2202.0,95.5793685913086,18.0,747.0,5.7,-0.14205527411962862,1.0510660860282512,2,0
105.000989,21.227283,1,22.74449920654297,6.97516679763794,1553.0,84.97730255126953,63.0,164.0,5.6,0.2053892192432289,1.1919931047606633,2,0
80.964611,6.767026,1,20.13829231262207,7.988583087921143,1946.0,42.39235305786133,283.0,1275.0,5.4,1.0757634652942465,-0.6043468846285853,2,0
55.627648,-21.027025,1,19.74479103088379,5.638583183288574,1746.0,47.993412017822266,223.0,673.0,5.2,1.3289256911764544,-0.15967630608690125,2,0
29.698792,-1.049822,1,15.48870849609375,10.051249504089355,1364.0,37.13469314575195,177.0,2077.0,5.3,-0.045780419588854794,-1.6934495953692619,2,0
126.9053,35.4925,1,11.423125267028809,9.591083526611328,1334.0,76.41280364990234,115.0,363.0,5.6,-0.33673239219743245,-0.32134365004169674,2,0
115.4167,-32.0,1,18.689285278320312,6.699999809265137,615.0,85.76261901855469,34.0,13.0,5.5,-0.3206698766061448,0.8013199188039454,2,0
151.1921,-34.0068,1,17.423362731933594,7.641963958740234,1164.0,23.58405494689941,220.0,10.0,5.5,0.9982137948129022,-0.20341097826284663,2,0
120.926124,23.89361,1,18.613540649414062,5.935083389282227,2434.0,78.0635986328125,117.0,946.0,5.3,0.8599087039429745,0.047870310888960946,2,0
120.926317,23.893517,1,18.613540649414062,5.935083389282227,2434.0,78.0635986328125,117.0,946.0,5.3,0.8599087039429745,0.047870310888960946,2,0
139.63071,35.610918,1,15.524083137512209,8.357832908630371,1522.0,45.46813583374024,148.0,34.0,5.5,0.5858622581417628,-0.05225026023944351,2,0
139.630878,35.610826,1,15.524083137512209,8.357832908630371,1522.0,45.46813583374024,148.0,34.0,5.5,0.5858622581417628,-0.05225026023944351,2,0
139.631088,35.611007,1,15.524083137512209,8.357832908630371,1522.0,45.46813583374024,148.0,34.0,5.5,0.5858622581417628,-0.05225026023944351,2,0
139.630866,35.610972,1,15.524083137512209,8.357832908630371,1522.0,45.46813583374024,148.0,34.0,5.5,0.5858622581417628,-0.05225026023944351,2,0
55.45461,-4.67074,1,26.068191528320312,5.581910610198975,2350.0,41.2189826965332,344.0,209.0,5.6,2.1508653317414024,0.7692671599233725,0,0
55.45299,-4.67103,1,26.068191528320312,5.581910610198975,2350.0,41.2189826965332,344.0,209.0,5.6,2.1508653317414024,0.7692671599233725,0,0
55.45566,-4.67081,1,26.068191528320312,5.581910610198975,2350.0,41.2189826965332,344.0,209.0,5.6,2.1508653317414024,0.7692671599233725,0,0
55.634038,-21.315225,1,17.095375061035156,6.393249988555908,1552.0,50.78536987304688,193.0,1156.0,5.4,0.724572063436914,-0.7352311459560668,2,0
57.510543,-20.420911,1,22.0942497253418,6.280333518981934,1797.0,48.32500076293945,211.0,282.0,5.1,1.4271497931170305,0.41670635910505294,2,0
106.60592,20.962228,1,23.594083786010746,6.169666767120361,1739.0,86.41365814208984,78.0,7.0,6.2,0.23731321425091206,1.4477589652880694,2,0
81.061067,6.86668,1,21.478166580200195,7.910666465759277,1860.0,57.36178207397461,153.0,1059.0,5.5,0.5499229804402926,0.004343385540130966,2,0
55.465515,-20.945067,1,18.32366752624512,5.671666622161865,1679.0,52.215579986572266,204.0,1036.0,5.4,0.9692293957644423,-0.5078918235986837,2,0
55.507509,-21.35181,1,22.435625076293945,6.366666316986084,1217.0,48.22800827026367,148.0,254.0,5.5,0.7756963090961275,0.5142421437067741,2,0
55.465501,-20.945072,1,18.32366752624512,5.671666622161865,1679.0,52.215579986572266,204.0,1036.0,5.4,0.9692293957644423,-0.5078918235986837,2,0
55.623485,-21.02773,1,19.74479103088379,5.638583183288574,1746.0,47.993412017822266,223.0,673.0,5.3,1.284179803956016,-0.1524495009327686,2,0
55.662529,-21.023988,1,19.74479103088379,5.638583183288574,1746.0,47.993412017822266,223.0,673.0,5.5,1.194688029515139,-0.1379958906245032,2,0
120.918403,24.543433,1,19.058082580566406,5.871333599090576,2393.0,68.2485580444336,143.0,621.0,5.2,1.1733885408072955,0.1824255208482278,2,0
121.470402,25.167592,1,20.425954818725582,5.729217052459717,2945.0,24.2525577545166,606.0,109.0,5.2,3.4596161684261637,-0.2027550019046103,0,0
121.503586,25.164024,1,20.207000732421875,5.704166889190674,3005.0,26.002685546875,554.0,256.0,4.7,3.501824166741529,-0.2994990958323717,0,0
120.093,30.215,1,16.43570899963379,7.885916709899902,1337.0,43.31958770751953,155.0,63.0,5.5,0.6151684422686015,-0.031175721995616735,2,0
135.347755,35.45992,1,14.0600004196167,8.80960750579834,1800.0,18.792932510375977,388.0,116.0,4.9,1.857697834386011,-0.8306004246363368,0,0
120.577288,23.583509,1,22.500667572021484,6.962500095367432,1933.0,93.17902374267578,68.0,106.0,5.3,0.47142961181199383,1.313640583529007,2,0
121.506654,25.170148,1,18.762958526611328,5.278583526611328,3057.0,27.712692260742188,567.0,538.0,4.7,3.4998826379406207,-0.6645745511470501,0,0
121.50274,23.58519,1,22.283435821533203,5.110772609710693,2155.0,55.2548713684082,230.0,213.0,5.7,1.513039012395286,0.6040888924662305,2,0
130.571078,31.692756,1,15.975000381469728,8.24666690826416,2380.0,58.7723274230957,245.0,209.0,5.1,1.3152174714754872,-0.017456013355268307,2,0
55.626466,-21.295734,1,17.095375061035156,6.393249988555908,1552.0,50.78536987304688,193.0,1156.0,5.5,0.6798261762164758,-0.728004340801934,2,0
133.336837,36.205636,1,13.907614707946776,7.415804386138916,1707.0,22.04134559631348,316.0,77.0,5.5,1.507282252954067,-0.7082446936211958,2,0
139.422573,35.947083,1,14.635499954223633,9.328499794006348,1352.0,50.96062088012695,127.0,18.0,5.5,0.2257169312942067,-0.04486828738590186,2,0
55.62937,-21.296332,1,17.095375061035156,6.393249988555908,1552.0,50.78536987304688,193.0,1156.0,5.5,0.6798261762164758,-0.728004340801934,2,0
55.640278,-21.146111,1,16.919416427612305,6.135833740234375,1760.0,46.12233352661133,240.0,1128.0,5.2,1.1467283299863544,-0.8367064684573927,2,0
138.715448,35.729095,1,12.498000144958496,11.001832962036133,1211.0,52.00320053100586,112.0,468.0,5.5,-0.3127627140001442,-0.5643469258822537,2,0
139.721616,35.707584,1,15.615541458129885,8.039416313171387,1466.0,45.43366622924805,143.0,34.0,5.5,0.5913574068857638,-0.04959339052403289,2,0
127.423287,35.276775,1,11.7475004196167,9.890666007995604,1396.0,79.50411987304688,104.0,309.0,5.9,-0.52594438838742,-0.16407169739223187,2,0
80.685499,6.796089,1,17.94362449645996,8.071083068847656,2328.0,30.157873153686523,331.0,1625.0,5.3,1.4273786809389946,-1.2751296326519617,0,0
133.33692,36.205699,1,13.907614707946776,7.415804386138916,1707.0,22.04134559631348,316.0,77.0,5.5,1.507282252954067,-0.7082446936211958,2,0
120.917558,23.873373,1,18.613540649414062,5.935083389282227,2434.0,78.0635986328125,117.0,946.0,5.0,0.9941463656042897,0.02618989542656288,2,0
30.335803,0.637462,1,19.57062530517578,11.006250381469728,1429.0,45.95125961303711,191.0,1471.0,5.4,0.00659632880389647,-0.662340382383966,2,0
126.8125,35.45074,1,12.026958465576172,9.709583282470703,1292.0,75.61945343017578,113.0,248.0,5.6,-0.32754930939026355,-0.17788196898415642,2,0
126.6492,35.66278,1,12.581944465637209,9.502963066101074,1222.0,73.94650268554688,110.0,115.0,5.6,-0.27508864829820967,-0.04576371530429722,2,0
127.0352,35.36628,1,12.246208190917969,10.088916778564451,1327.0,77.09939575195312,112.0,202.0,5.8,-0.45538162674254573,-0.0747253823888753,2,0
139.518396,35.699516,1,15.024499893188477,8.691166877746582,1490.0,47.70411682128906,143.0,61.0,5.5,0.4650231379195319,-0.09090717717265022,2,0
135.77382,34.999481,1,15.328916549682615,8.96933364868164,1577.0,46.65379333496094,183.0,70.0,5.5,0.6002296923183524,-0.09974750397188263,2,0
144.9338,-37.8702,1,14.919979095458984,9.090384483337402,654.0,13.162237167358398,142.0,13.0,5.5,0.36169232370206456,-0.5504021097059294,2,0
121.510009,25.133625,1,20.207000732421875,5.704166889190674,3005.0,26.002685546875,554.0,256.0,5.2,3.278094730639337,-0.2633650700617083,0,0
139.49014,35.339165,1,15.676250457763672,8.553000450134277,1707.0,41.10773849487305,187.0,32.0,5.5,0.8147712400692826,-0.10333691004450678,2,0
121.597348,24.96695,1,20.223207473754883,5.4375834465026855,3190.0,30.962108612060547,555.0,317.0,4.7,3.567148975721568,-0.27362810410270094,0,0
121.2508,24.794322,1,19.032041549682617,5.607083320617676,2599.0,51.7043571472168,246.0,549.0,4.9,1.9452098548896617,-0.07397103314214695,2,0
139.682801,35.659754,1,15.699874877929688,7.690249919891357,1508.0,43.9100341796875,151.0,27.0,5.5,0.7062622699858857,-0.06521393442295931,2,0
121.44638,24.940172,1,21.068500518798828,5.993833541870117,2789.0,33.47024917602539,414.0,129.0,4.9,2.8284353021174558,0.11153169275244049,0,0
121.107855,24.764441,1,20.788124084472656,6.214916706085205,2116.0,48.23344421386719,201.0,196.0,5.2,1.5210616615033434,0.3759764074431787,2,0
139.095139,35.164345,1,15.315229415893556,7.309770107269287,1790.0,39.56507110595703,208.0,142.0,5.2,1.2097282449159146,-0.3050189422093572,2,0
132.468863,34.400132,1,15.888641357421877,8.567008972167969,1913.0,51.54458618164063,192.0,19.0,5.5,0.8281704562790473,0.07082237022334041,2,0
135.852919,34.530302,1,14.12108325958252,8.841166496276855,1618.0,48.64857864379883,159.0,257.0,5.6,0.4258963812800626,-0.3183449626385297,2,0
55.633344,-21.311608,1,17.095375061035156,6.393249988555908,1552.0,50.78536987304688,193.0,1156.0,5.3,0.7693179506573528,-0.7424579511101994,2,0
138.437912,34.958962,1,15.974183082580566,8.438562393188477,2117.0,42.52265930175781,229.0,73.0,5.3,1.229797014518898,-0.10473361710208613,2,0
140.385556,35.765278,1,14.582666397094728,8.293832778930664,1405.0,39.55091857910156,171.0,35.0,5.5,0.6456914397318216,-0.26165631473209455,2,0
128.0334,35.17654,1,12.932833671569824,9.928000450134276,1381.0,80.62518310546875,85.0,79.0,5.5,-0.3378572249658556,0.13960480483986526,2,0
55.627361,-21.299273,1,17.095375061035156,6.393249988555908,1552.0,50.78536987304688,193.0,1156.0,5.4,0.724572063436914,-0.7352311459560668,2,0
145.7483,-16.7867,1,24.474306106567383,7.795139312744141,2171.0,93.69963073730467,102.0,54.0,5.5,0.5315801239456477,1.5984800918840083,2,0
139.49532,35.59798,1,14.841291427612305,8.569916725158691,1527.0,46.71638488769531,152.0,84.0,5.5,0.5276239184267361,-0.14815911723820918,2,0
121.052521,24.82249,1,21.57162475585937,6.58008337020874,1939.0,47.11859130859375,192.0,81.0,5.2,1.4133226398567562,0.5360114680403735,2,0
121.740837,24.634997,1,21.141416549682617,5.76966667175293,2940.0,40.67331314086914,417.0,248.0,4.9,2.837399486152983,0.12449466115181404,0,0
57.522606,-20.427765,1,22.0942497253418,6.280333518981934,1797.0,48.32500076293945,211.0,282.0,5.1,1.4271497931170305,0.41670635910505294,2,0
80.332977,6.80323,1,26.805625915527344,6.753083229064941,4152.0,38.880149841308594,508.0,74.0,5.3,3.581014471369615,0.9259235501341132,0,0
121.50892,25.131711,1,20.207000732421875,5.704166889190674,3005.0,26.002685546875,554.0,256.0,5.3,3.2333488434188986,-0.2561382649075756,0,0
80.346375,7.251332,1,26.6802921295166,7.949749946594238,2575.0,42.244850158691406,344.0,157.0,5.5,1.983715381298776,0.9512308765975899,0,0
121.516397,25.216086,1,18.762958526611328,5.278583526611328,3057.0,27.712692260742188,567.0,538.0,5.1,3.320899089058867,-0.6356673305305194,0,0
121.145886,24.8098,1,20.788124084472656,6.214916706085205,2116.0,48.23344421386719,201.0,196.0,5.2,1.5210616615033434,0.3759764074431787,2,0
120.779311,24.42188,1,20.71324920654297,6.315333366394043,2057.0,70.95539093017578,97.0,249.0,5.4,0.8262641890401184,0.7134308356766234,2,0
118.858522,31.895367,1,15.661499977111816,8.441332817077637,1061.0,55.10783004760742,111.0,14.0,6.5,-0.3083546850532481,0.1660656124452088,2,0
121.127486,24.690283,1,20.3680419921875,6.200250148773193,2285.0,55.598121643066406,184.0,311.0,5.0,1.5291070919779923,0.3490276693485305,2,0
121.573967,25.106597,1,20.207000732421875,5.704166889190674,3005.0,26.002685546875,554.0,256.0,4.8,3.457078279521091,-0.29227229067823907,0,0
55.444294,-4.655173,1,26.01388931274414,5.563756465911865,2358.0,41.76608276367188,338.0,226.0,5.6,2.1283611661969317,0.7630312146017305,0,0
-80.186981,32.78138,1,18.220582962036133,11.597167015075684,1284.0,33.075130462646484,226.0,11.0,4.9,0.6887805862584749,0.04828029329336555,2,0
101.525864,17.286801,1,22.574874877929688,10.74091625213623,1154.0,80.305419921875,23.0,954.0,5.6,-0.8303201595694056,0.6144644746956346,2,0
121.576906,25.153193,1,20.207000732421875,5.704166889190674,3005.0,26.002685546875,554.0,256.0,4.7,3.501824166741529,-0.2994990958323717,0,0
121.579838,25.156102,1,20.207000732421875,5.704166889190674,3005.0,26.002685546875,554.0,256.0,4.7,3.501824166741529,-0.2994990958323717,0,0
80.526178,6.797788,1,18.887916564941406,7.550000667572021,2983.0,40.153541564941406,345.0,1442.0,5.0,1.9728725393589295,-0.9037997598220264,0,0
121.508912,25.13167,1,20.207000732421875,5.704166889190674,3005.0,26.002685546875,554.0,256.0,5.3,3.2333488434188986,-0.2561382649075756,0,0
121.024504,24.654953,1,19.4375,5.938666343688965,2368.0,62.97378921508789,161.0,523.0,5.2,1.2949755119654465,0.2155367877605812,2,0
121.822321,24.972971,1,19.43091583251953,5.16683292388916,3268.0,33.139862060546875,579.0,504.0,4.8,3.5785335964603733,-0.487444512282038,0,0
121.2981,24.850446,1,20.67304229736328,6.145583152770996,2388.0,40.45592498779297,279.0,194.0,5.0,2.0657555543497845,0.20497913425929062,0,0
55.337404,-21.042467,1,16.696624755859375,6.596750259399414,1636.0,52.776615142822266,207.0,1285.0,5.2,0.8021460164638816,-0.866488933144735,2,0
55.618282,-21.144111,1,16.919416427612305,6.135833740234375,1760.0,46.12233352661133,240.0,1128.0,5.4,1.0572365555454775,-0.8222528581491274,2,0
55.451396,-21.231533,1,19.104957580566406,5.984583377838135,1475.0,53.84690856933594,178.0,850.0,5.5,0.7516810635808615,-0.24234644146045026,2,0
55.626654,-21.027171,1,19.74479103088379,5.638583183288574,1746.0,47.993412017822266,223.0,673.0,5.3,1.284179803956016,-0.1524495009327686,2,0
135.409438,35.485875,1,14.0600004196167,8.80960750579834,1800.0,18.792932510375977,388.0,116.0,4.9,1.857697834386011,-0.8306004246363368,0,0
121.803196,24.615552,1,21.90279197692871,5.782583713531494,2909.0,35.73944854736328,462.0,122.0,4.8,3.0993441009615226,0.1915653925386453,0,0
175.132278,-37.702492,1,13.841583251953123,9.345832824707031,1376.0,16.508352279663086,275.0,68.0,5.7,0.912685437591029,-0.7103355493589621,2,0
91.30051,23.920528,1,25.0639591217041,10.267582893371582,2131.0,86.5847396850586,32.0,19.0,5.5,0.04881715445427756,1.7162478256039608,2,0
55.633869,-21.15582,1,16.919416427612305,6.135833740234375,1760.0,46.12233352661133,240.0,1128.0,5.3,1.1019824427659162,-0.8294796633032601,2,0
55.629207,-21.298326,1,17.095375061035156,6.393249988555908,1552.0,50.78536987304688,193.0,1156.0,5.3,0.7693179506573528,-0.7424579511101994,2,0
55.630403,-21.29527,1,17.095375061035156,6.393249988555908,1552.0,50.78536987304688,193.0,1156.0,5.5,0.6798261762164758,-0.728004340801934,2,0
135.376983,35.46545,1,14.0600004196167,8.80960750579834,1800.0,18.792932510375977,388.0,116.0,5.0,1.8129519471655728,-0.8233736194822041,0,0
55.606451,-21.137143,1,16.919416427612305,6.135833740234375,1760.0,46.12233352661133,240.0,1128.0,5.4,1.0572365555454775,-0.8222528581491274,2,0
55.458565,-20.91676,1,18.32366752624512,5.671666622161865,1679.0,52.215579986572266,204.0,1036.0,5.4,0.9692293957644423,-0.5078918235986837,2,0
30.336489,0.591771,1,19.57062530517578,11.006250381469728,1429.0,45.95125961303711,191.0,1471.0,5.5,-0.03814955841654183,-0.6551135772298332,2,0
127.497778,35.216111,1,12.602624893188477,9.78575038909912,1364.0,78.33082580566406,101.0,140.0,5.7,-0.36841337433406035,0.025031451601436227,2,0
121.818326,25.058393,1,20.35387420654297,5.322249889373779,3361.0,25.187774658203125,676.0,304.0,4.9,4.000435969088404,-0.4038486651997985,0,0
120.99,24.12,1,17.71091651916504,5.925166130065918,2502.0,75.50316619873047,128.0,1079.0,4.8,1.1224610667789503,-0.2230158362616725,2,0
140.183608,35.635728,1,15.111749649047852,8.045666694641113,1380.0,38.94172286987305,172.0,32.0,5.5,0.6904040368904822,-0.2167662420455148,2,0
55.635952,-21.127832,1,16.919416427612305,6.135833740234375,1760.0,46.12233352661133,240.0,1128.0,5.3,1.1019824427659162,-0.8294796633032601,2,0
121.817098,25.058067,1,20.35387420654297,5.322249889373779,3361.0,25.187774658203125,676.0,304.0,4.9,4.000435969088404,-0.4038486651997985,0,0
121.81539,25.058449,1,20.35387420654297,5.322249889373779,3361.0,25.187774658203125,676.0,304.0,4.9,4.000435969088404,-0.4038486651997985,0,0
121.804569,24.612411,1,21.90279197692871,5.782583713531494,2909.0,35.73944854736328,462.0,122.0,4.8,3.0993441009615226,0.1915653925386453,0,0
121.817097,25.058069,1,20.35387420654297,5.322249889373779,3361.0,25.187774658203125,676.0,304.0,4.9,4.000435969088404,-0.4038486651997985,0,0
153.261604,-28.22512,1,17.1668758392334,8.636083602905273,1876.0,46.3094367980957,202.0,480.0,4.9,1.0516292262727414,-0.24864873777247923,2,0
126.846109,35.190456,1,13.534292221069336,10.432750701904297,1308.0,75.75316619873047,112.0,45.0,5.5,-0.29494497804951647,0.15217177828543949,2,0
126.848611,35.891389,1,12.973333358764648,10.594666481018066,1231.0,76.20814514160156,107.0,13.0,5.8,-0.5138620219390232,0.14291610721910658,2,0
121.138931,24.685312,1,20.3680419921875,6.200250148773193,2285.0,55.598121643066406,184.0,311.0,4.9,1.5738529791984306,0.3418008641943978,2,0
121.695463,25.040711,1,20.282791137695312,5.453750133514404,3301.0,25.58153915405273,656.0,307.0,4.8,3.9311894968341257,-0.40030568785655485,0,0
135.783737,35.030408,1,14.383916854858398,8.640166282653809,1646.0,43.41466522216797,213.0,187.0,5.5,0.751712421990762,-0.3597015439128629,2,0
55.623589,-21.028041,1,19.74479103088379,5.638583183288574,1746.0,47.993412017822266,223.0,673.0,5.3,1.284179803956016,-0.1524495009327686,2,0
55.629112,-21.296734,1,17.095375061035156,6.393249988555908,1552.0,50.78536987304688,193.0,1156.0,5.5,0.6798261762164758,-0.728004340801934,2,0
30.347787,0.617432,1,19.57062530517578,11.006250381469728,1429.0,45.95125961303711,191.0,1471.0,5.5,-0.03814955841654183,-0.6551135772298332,2,0
39.734444,43.6875,1,12.795833587646484,8.0600004196167,1653.0,25.55557632446289,322.0,301.0,5.1,1.459864170316756,-0.9791577526197152,2,0
121.084876,24.635105,1,18.348125457763672,5.783750057220459,2522.0,61.89263534545898,183.0,760.0,4.8,1.5604309076649052,-0.13393743834951766,2,0
121.127319,24.690092,1,20.3680419921875,6.200250148773193,2285.0,55.598121643066406,184.0,311.0,5.0,1.5291070919779923,0.3490276693485305,2,0
55.465462,-20.944994,1,18.32366752624512,5.671666622161865,1679.0,52.215579986572266,204.0,1036.0,5.4,0.9692293957644423,-0.5078918235986837,2,0
55.623549,-21.028028,1,19.74479103088379,5.638583183288574,1746.0,47.993412017822266,223.0,673.0,5.3,1.284179803956016,-0.1524495009327686,2,0
57.512362,-20.419189,1,22.0942497253418,6.280333518981934,1797.0,48.32500076293945,211.0,282.0,5.1,1.4271497931170305,0.41670635910505294,2,0
55.629448,-21.297153,1,17.095375061035156,6.393249988555908,1552.0,50.78536987304688,193.0,1156.0,5.5,0.6798261762164758,-0.728004340801934,2,0
121.501136,24.902314,1,19.543790817260746,5.388583183288574,3065.0,39.15346145629883,453.0,441.0,4.9,2.988732880737775,-0.24496040171965108,0,0
-54.264937,-27.269396,1,19.97345924377441,11.995583534240724,1768.0,11.037678718566896,390.0,283.0,5.2,1.414700741013284,-0.3089658257876386,0,0
100.575682,21.969787,1,19.317041397094727,11.783916473388672,1559.0,83.9783706665039,56.0,1371.0,5.2,-0.726113313951141,-0.01337548657310901,2,0
121.148246,24.705961,1,20.3680419921875,6.200250148773193,2285.0,55.598121643066406,184.0,311.0,5.3,1.3948694303166769,0.3707080848109286,2,0
121.204702,24.708905,1,19.043874740600582,5.865583419799805,2533.0,57.38471221923828,203.0,578.0,5.3,1.5021362736889128,0.043617002790004814,2,0
121.099362,24.709696,1,20.3680419921875,6.200250148773193,2285.0,55.598121643066406,184.0,311.0,5.5,1.3053776558758,0.38516169511919396,2,0
120.996255,24.768397,1,21.646957397460938,6.473583221435547,1848.0,47.927040100097656,180.0,44.0,5.5,1.2169120127244644,0.6045129652650116,2,0
32.974818,-18.292639,1,18.33112525939941,11.083250045776367,1142.0,97.7216567993164,41.0,1094.0,5.6,-1.148426417892921,0.2453452617981738,2,0
55.627059,-21.026591,1,19.74479103088379,5.638583183288574,1746.0,47.993412017822266,223.0,673.0,5.2,1.3289256911764544,-0.15967630608690125,2,0
41.007249,41.062249,1,10.987916946411133,8.602999687194824,1175.0,22.595125198364254,227.0,872.0,5.4,0.5636502155774129,-1.559720817777808,2,0
88.591911,27.17431,1,20.61137580871582,8.468083381652832,3573.0,103.88597869873048,49.0,1033.0,5.1,0.7038906674833013,0.7174395288914491,2,0
40.511599,41.021754,1,13.741071701049805,7.293253421783447,1787.0,35.14292526245117,277.0,137.0,5.5,1.2920495913052006,-0.57106417689992,2,0
30.35301,0.600888,1,19.57062530517578,11.006250381469728,1429.0,45.95125961303711,191.0,1471.0,5.4,0.00659632880389647,-0.662340382383966,2,0
121.312088,23.433173,1,19.906124114990234,5.531083106994629,2185.0,59.83652114868164,201.0,743.0,5.6,1.180874873467786,0.03417846084481526,2,0
121.356887,23.472757,1,22.65166664123535,5.892499923706055,2172.0,62.91279602050781,189.0,176.0,5.7,1.2259641614982317,0.8219976134912997,2,0
121.662422,24.96665,1,20.223207473754883,5.4375834465026855,3190.0,30.962108612060547,555.0,317.0,4.6,3.6118948629420067,-0.2808549092568337,0,0
121.423728,25.135447,1,20.966041564941406,5.832250118255615,2825.0,25.096942901611328,528.0,78.0,4.8,3.347452248279084,-0.0756295277363146,0,0
30.359722,0.609722,1,19.57062530517578,11.006250381469728,1429.0,45.95125961303711,191.0,1471.0,5.4,0.00659632880389647,-0.662340382383966,2,0
128.439722,35.138333,1,12.995115280151367,9.485249519348145,1461.0,76.26033782958984,94.0,141.0,5.7,-0.2662177884828948,0.04995183435912717,2,0
130.211497,33.377508,1,13.672791481018066,6.786916732788086,2100.0,60.03594970703125,225.0,407.0,5.3,1.1194941317911482,-0.42609822781968393,2,0
-42.875527,-20.767752,1,19.32654190063477,12.064249992370604,1289.0,77.4493637084961,66.0,746.0,5.1,-0.5852354885420956,0.33960641907436384,2,0
139.415211,35.598749,1,14.593375205993652,8.960416793823242,1518.0,47.82559967041016,150.0,126.0,5.4,0.4767957453263159,-0.1907779040798411,2,0
140.00435,35.940933,1,14.410749435424805,8.548333168029785,1315.0,44.83245849609375,133.0,14.0,5.6,0.3541234202203625,-0.16039287450222395,2,0
121.148981,24.707036,1,20.3680419921875,6.200250148773193,2285.0,55.598121643066406,184.0,311.0,5.3,1.3948694303166769,0.3707080848109286,2,0
136.415047,36.161555,1,11.563833236694336,7.53849983215332,2250.0,20.38067054748535,456.0,443.0,5.0,2.2604802037630325,-1.375327370703302,0,0
121.678933,25.086495,1,21.28715705871582,5.498883247375488,3378.0,20.319324493408203,747.0,96.0,5.2,4.185374924056183,-0.2430793838460045,0,0
121.126522,24.689244,1,20.3680419921875,6.200250148773193,2285.0,55.598121643066406,184.0,311.0,5.0,1.5291070919779923,0.3490276693485305,2,0
121.126264,24.689128,1,20.3680419921875,6.200250148773193,2285.0,55.598121643066406,184.0,311.0,5.0,1.5291070919779923,0.3490276693485305,2,0
83.818161,28.41881,1,6.7382917404174805,10.102749824523926,924.0,76.4437255859375,83.0,3664.0,6.0,-1.909189936702181,-3.256969075429612,1,-1
120.90905,23.88115,1,19.707250595092773,5.943166732788086,2506.0,83.1556396484375,107.0,744.0,5.0,1.025490384652757,0.37501781800471806,2,0
55.62913,-21.297595,1,17.095375061035156,6.393249988555908,1552.0,50.78536987304688,193.0,1156.0,5.3,0.7693179506573528,-0.7424579511101994,2,0
120.595691,23.59182,1,21.089332580566406,6.259500026702881,2447.0,91.79638671875,81.0,425.0,5.2,0.8110119826679193,0.9112363253546627,2,0
139.666352,35.729738,1,15.368416786193848,8.637833595275879,1488.0,46.97573852539063,142.0,47.0,5.5,0.48778820215890817,-0.05184000023526178,2,0
128.41187,34.820289,1,13.7042818069458,8.683565139770508,1549.0,71.57146453857422,109.0,84.0,5.3,0.19759208272630266,0.06033840946713727,2,0
127.143511,35.797337,1,12.825249671936035,10.404500007629396,1282.0,79.43231964111328,105.0,86.0,5.5,-0.39007008442533936,0.09207541714301297,2,0
139.666609,35.729733,1,15.368416786193848,8.637833595275879,1488.0,46.97573852539063,142.0,47.0,5.5,0.48778820215890817,-0.05184000023526178,2,0
121.536736,24.492356,1,14.4107084274292,5.413083553314209,2805.0,38.73553466796875,359.0,1626.0,4.7,2.2353350523017648,-1.6489091787164043,0,0
80.427088,6.989829,1,24.643917083740234,7.440667152404785,4223.0,43.378753662109375,453.0,441.0,5.2,3.2062283592087373,0.5326643666761758,0,0
55.629307,-21.297722,1,17.095375061035156,6.393249988555908,1552.0,50.78536987304688,193.0,1156.0,5.5,0.6798261762164758,-0.728004340801934,2,0
117.256792,29.261807,1,17.181875228881836,8.262749671936035,1673.0,58.17887496948242,169.0,118.0,5.2,0.7474558239438268,0.1946551923441418,2,0
135.553597,34.986581,1,13.310916900634766,8.504666328430176,1559.0,44.51852035522461,187.0,346.0,5.2,0.7071271020918843,-0.5912822088096225,2,0
55.465431,-20.945139,1,18.32366752624512,5.671666622161865,1679.0,52.215579986572266,204.0,1036.0,5.4,0.9692293957644423,-0.5078918235986837,2,0
120.596971,23.54409,1,19.789417266845703,5.974332809448242,2526.0,91.6682586669922,76.0,748.0,5.0,0.8508239927980291,0.5161221564742233,2,0
120.670438,23.037537,1,19.078332901000977,5.792666912078857,2881.0,96.15431213378906,77.0,941.0,5.1,0.8978106116143282,0.3806382230912511,2,0
139.381616,35.619631,1,14.593375205993652,8.960416793823242,1518.0,47.82559967041016,150.0,126.0,5.5,0.4320498581058776,-0.18355109892570845,2,0
120.882036,23.919172,1,20.23204231262207,6.198749542236328,2461.0,82.95626831054688,105.0,597.0,5.0,1.0142536348500961,0.5435712772220358,2,0
126.576259,35.495764,1,12.921957969665527,9.645416259765623,1208.0,72.82594299316406,110.0,83.0,5.7,-0.3193956620133502,0.011047478185131148,2,0
127.640939,35.264198,1,9.26491641998291,9.431833267211914,1546.0,80.39693450927734,107.0,805.0,5.8,-0.5308888291915357,-0.8040072463061833,2,0
120.617176,23.608697,1,21.089332580566406,6.259500026702881,2447.0,91.79638671875,81.0,425.0,5.2,0.8110119826679193,0.9112363253546627,2,0
121.806687,24.611538,1,21.90279197692871,5.782583713531494,2909.0,35.73944854736328,462.0,122.0,4.8,3.0993441009615226,0.1915653925386453,0,0
121.050575,24.677753,1,20.99683380126953,6.259166717529297,2037.0,53.18337631225586,171.0,159.0,5.2,1.3495127466319137,0.50901168473603,2,0
107.380981,-7.15066,1,15.74916648864746,7.436666965484619,3323.0,49.68893051147461,312.0,1661.0,5.3,1.701383287466201,-1.2196555094117538,0,0
121.152026,24.893619,1,20.678667068481445,6.280166149139404,2066.0,42.37063980102539,226.0,204.0,5.3,1.5722793011758731,0.2678115267739601,2,0
80.689606,7.195807,1,23.108125686645508,8.280082702636719,2360.0,41.12081909179688,374.0,792.0,5.3,1.763281813657743,0.018389935689732725,0,0
80.455971,6.41186,1,24.288249969482425,6.165666580200195,3885.0,33.36894607543945,605.0,467.0,5.2,3.75356518707375,0.15805125128734412,0,0
139.065588,35.307437,1,12.60379123687744,8.826083183288574,1705.0,47.93267440795898,168.0,643.0,5.2,0.5450200144617118,-0.8120885874468634,2,0
127.1715,35.81406,1,11.883500099182127,10.247833251953123,1300.0,80.11687469482422,104.0,220.0,5.9,-0.6048812172458691,-0.07541088120073845,2,0
127.0336,35.36988,1,12.246208190917969,10.088916778564451,1327.0,77.09939575195312,112.0,202.0,5.8,-0.45538162674254573,-0.0747253823888753,2,0
121.298837,24.632217,1,15.722416877746582,5.636332988739014,2486.0,53.73235321044922,228.0,1285.0,4.9,1.5345839026243697,-0.9544869003977763,2,0
55.41464,-4.64703,1,26.32308959960937,5.352430820465088,2317.0,41.6448974609375,334.0,171.0,5.5,2.1944875198098797,0.825024074067848,0,0
55.629004,-21.296619,1,17.095375061035156,6.393249988555908,1552.0,50.78536987304688,193.0,1156.0,5.5,0.6798261762164758,-0.728004340801934,2,0
91.605823,24.294317,1,24.662500381469727,10.59533405303955,2375.0,82.7090835571289,43.0,37.0,5.4,0.22920287144202942,1.620810937490068,2,0
80.623718,7.238627,1,23.394624710083008,8.239250183105469,2591.0,33.06501770019531,458.0,718.0,5.1,2.332154866489323,-0.06625374787296448,0,0
105.203662,23.039766,1,20.19037437438965,7.940583229064941,1667.0,90.81330108642578,64.0,736.0,5.8,-0.23895655034096525,0.6001230158151254,2,0
35.086601,-16.082387,1,19.5922908782959,10.39175033569336,1250.0,85.72895050048828,64.0,975.0,5.3,-0.6050355418328693,0.27711726606883613,2,0
126.934722,34.668889,1,12.693249702453612,9.740166664123535,1437.0,72.41535186767578,112.0,227.0,5.8,-0.2969558843854469,-0.10005285062763036,2,0
55.580966,-20.963365,1,20.11162567138672,6.032750129699707,1634.0,53.67045593261719,195.0,708.0,5.3,1.0267765818693981,-0.043347819479696154,2,0
121.812523,24.993741,1,19.43091583251953,5.16683292388916,3268.0,33.139862060546875,579.0,504.0,4.9,3.5337877092399346,-0.4802177071279053,0,0
99.170013,20.025974,1,22.289875030517575,10.998749732971191,1334.0,83.53687286376953,37.0,945.0,5.7,-0.8187137304228487,0.6443313145861514,2,0
99.171074,20.026691,1,22.289875030517575,10.998749732971191,1334.0,83.53687286376953,37.0,945.0,5.6,-0.77396784320241,0.6371045094320188,2,0
81.063131,6.871512,1,21.478166580200195,7.910666465759277,1860.0,57.36178207397461,153.0,1059.0,5.4,0.5946688676607309,-0.0028834196140017,2,0
120.623765,23.581781,1,19.789417266845703,5.974332809448242,2526.0,91.6682586669922,76.0,748.0,5.1,0.8060781055775909,0.523348961628356,2,0
55.629034,-21.296709,1,17.095375061035156,6.393249988555908,1552.0,50.78536987304688,193.0,1156.0,5.5,0.6798261762164758,-0.728004340801934,2,0
55.309518,-20.960229,1,23.928241729736328,6.804629802703857,1519.0,61.132362365722656,166.0,70.0,5.5,0.862660970955485,0.9928425419688331,2,0
80.792091,6.972248,1,16.08074951171875,8.20383358001709,1936.0,29.025165557861328,320.0,1933.0,5.5,0.9754308410148571,-1.7288672065426562,2,0
55.62915,-21.296075,1,17.095375061035156,6.393249988555908,1552.0,50.78536987304688,193.0,1156.0,5.5,0.6798261762164758,-0.728004340801934,2,0
81.045217,6.861747,1,21.478166580200195,7.910666465759277,1860.0,57.36178207397461,153.0,1059.0,5.3,0.6394147548811696,-0.010110224768134437,2,0
80.698387,7.055527,1,18.547666549682617,8.148833274841309,2289.0,27.787918090820312,423.0,1515.0,5.3,1.7326719238630508,-1.240290578600653,0,0
30.095699,-0.375,1,20.252416610717773,10.692167282104492,1280.0,40.01230239868164,187.0,1460.0,5.4,0.04597618217946484,-0.6672335322327225,2,0
139.331375,35.611033,1,14.064374923706056,9.095083236694336,1493.0,49.52802658081055,142.0,200.0,5.5,0.3266980072996241,-0.2680115559820347,2,0
121.804767,24.612527,1,21.90279197692871,5.782583713531494,2909.0,35.73944854736328,462.0,122.0,4.8,3.0993441009615226,0.1915653925386453,0,0
120.605739,23.54023,1,19.789417266845703,5.974332809448242,2526.0,91.6682586669922,76.0,748.0,5.0,0.8508239927980291,0.5161221564742233,2,0
40.242709,40.80609,1,11.57029151916504,8.421416282653809,945.0,22.26527976989746,195.0,764.0,5.6,0.33717919546040326,-1.3985582515907329,2,0
138.4089,36.9115,1,11.19225025177002,9.184999465942385,1564.0,22.149932861328125,274.0,388.0,5.2,1.0460800345362684,-1.1951980808590175,2,0
55.623603,-21.137022,1,16.919416427612305,6.135833740234375,1760.0,46.12233352661133,240.0,1128.0,5.2,1.1467283299863544,-0.8367064684573927,2,0
55.557283,-20.968254,1,20.11162567138672,6.032750129699707,1634.0,53.67045593261719,195.0,708.0,5.6,0.8925389202080829,-0.02166740401729808,2,0
55.410665,-21.211408,1,18.448041915893555,6.105416774749756,1570.0,50.45746994018555,210.0,988.0,5.5,0.8589732465700334,-0.47772060719862136,2,0
40.328737,40.986173,1,13.809772491455078,7.181364059448242,1475.0,33.0544548034668,249.0,126.0,5.5,1.096029385704542,-0.5836993147935524,2,0
121.421645,25.045554,1,21.836374282836918,6.466415882110596,2645.0,28.5,430.0,17.0,5.2,2.7002314228010236,0.22435869058001393,0,0
37.388192,-0.429743,1,18.29308319091797,11.365666389465332,1562.0,86.09553527832031,156.0,1590.0,5.2,-0.4787906795651283,-0.362587610276682,2,0
126.845621,35.190596,1,13.534292221069336,10.432750701904297,1308.0,75.75316619873047,112.0,45.0,5.5,-0.29494497804951647,0.15217177828543949,2,0
132.753611,33.885556,1,15.35151481628418,8.003704071044922,1655.0,49.271034240722656,176.0,169.0,5.5,0.7037749279548683,-0.1470383727898351,2,0
103.08867,18.879953,1,19.515499114990234,10.07349967956543,1451.0,96.12890625,21.0,1408.0,6.0,-1.1289223293844064,0.1736527188842245,2,0
138.467966,35.288983,1,12.969083786010742,8.996000289916992,1638.0,45.95022201538086,165.0,427.0,5.4,0.4774931566365,-0.6201461621984138,2,0
55.46033,-4.65956,1,26.01388931274414,5.563756465911865,2358.0,41.76608276367188,338.0,226.0,5.5,2.17310705341737,0.7558044094475979,0,0
41.497711,41.403349,1,12.694574356079102,8.14696216583252,1703.0,28.770092010498047,283.0,470.0,5.3,1.186170858986028,-1.0207497232812373,2,0
139.453817,36.335591,1,13.588916778564451,9.042999267578123,1282.0,47.78582000732422,141.0,146.0,5.5,0.24826308667138552,-0.31943118091917844,2,0
55.631669,-21.308625,1,17.095375061035156,6.393249988555908,1552.0,50.78536987304688,193.0,1156.0,5.5,0.6798261762164758,-0.728004340801934,2,0
88.170982,26.886673,1,21.284957885742188,8.653083801269531,3096.0,114.100341796875,33.0,979.0,5.3,0.22068929955156866,0.9515284523052423,2,0
129.297721,35.545676,1,13.760457992553713,9.42241668701172,1247.0,67.5542221069336,102.0,51.0,5.7,-0.20778864940494068,0.06831454625117389,2,0
129.287778,35.5475,1,13.760457992553713,9.42241668701172,1247.0,67.5542221069336,102.0,51.0,5.7,-0.20778864940494068,0.06831454625117389,2,0
129.298611,35.545833,1,13.760457992553713,9.42241668701172,1247.0,67.5542221069336,102.0,51.0,5.7,-0.20778864940494068,0.06831454625117389,2,0
81.047255,6.910656,1,21.478166580200195,7.910666465759277,1860.0,57.36178207397461,153.0,1059.0,5.3,0.6394147548811696,-0.010110224768134437,2,0
121.53157,24.850725,1,19.543790817260746,5.388583183288574,3065.0,39.15346145629883,453.0,441.0,4.9,2.988732880737775,-0.24496040171965108,0,0
55.629796,-21.2969,1,17.095375061035156,6.393249988555908,1552.0,50.78536987304688,193.0,1156.0,5.5,0.6798261762164758,-0.728004340801934,2,0
41.188541,41.199617,1,12.407666206359863,8.365333557128906,1554.0,28.382598876953125,259.0,532.0,5.1,1.0798489099709283,-1.1035437387533962,2,0
39.296389,41.047778,1,13.70025634765625,6.713845729827881,980.0,24.95857810974121,199.0,219.0,5.5,0.8263027903163239,-0.7701079966655641,2,0
55.626917,-21.026713,1,19.74479103088379,5.638583183288574,1746.0,47.993412017822266,223.0,673.0,5.2,1.3289256911764544,-0.15967630608690125,2,0
39.2925,41.050278,1,13.70025634765625,6.713845729827881,980.0,24.95857810974121,199.0,219.0,5.5,0.8263027903163239,-0.7701079966655641,2,0
121.599907,25.169563,1,20.146408081054688,5.309290885925293,3226.0,21.810651779174805,709.0,247.0,5.0,4.032799706501876,-0.4598909877520813,0,0
121.685076,25.040178,1,20.282791137695312,5.453750133514404,3301.0,25.58153915405273,656.0,307.0,4.7,3.975935384054564,-0.4075324930106875,0,0
121.833008,24.896295,1,19.967857360839844,5.214455604553223,3207.0,33.58320617675781,556.0,421.0,4.9,3.459038804659529,-0.33687112532203595,0,0
121.509357,25.250496,1,20.46147918701172,5.260714530944824,3079.0,22.54523658752441,689.0,109.0,5.5,3.7210062936179766,-0.27236286427251405,0,0
121.599663,25.169392,1,20.146408081054688,5.309290885925293,3226.0,21.810651779174805,709.0,247.0,5.0,4.032799706501876,-0.4598909877520813,0,0
127.105944,35.765128,1,12.825249671936035,10.404500007629396,1282.0,79.43231964111328,105.0,86.0,5.5,-0.39007008442533936,0.09207541714301297,2,0
139.298318,35.446168,1,14.36620807647705,8.673417091369629,1605.0,45.44521713256836,163.0,210.0,5.4,0.5971478346444129,-0.31848719467874553,2,0
139.587928,35.568409,1,15.652999877929688,8.146332740783691,1561.0,43.37531661987305,159.0,20.0,5.5,0.6970516853095804,-0.06468035071058814,2,0
121.804653,24.612552,1,21.90279197692871,5.782583713531494,2909.0,35.73944854736328,462.0,122.0,4.8,3.0993441009615226,0.1915653925386453,0,0
113.737226,25.172195,1,18.802583694458008,8.056833267211914,1497.0,61.09502029418945,125.0,274.0,6.1,0.11758293139735136,0.37972356459892354,2,0
113.737188,25.172202,1,18.802583694458008,8.056833267211914,1497.0,61.09502029418945,125.0,274.0,6.1,0.11758293139735136,0.37972356459892354,2,0
99.323308,18.947728,1,23.07875061035156,11.078332901000977,1125.0,83.82984924316406,21.0,864.0,5.6,-0.9013290088144099,0.7872317796267635,2,0
135.462144,34.83655,1,14.083374977111816,8.803916931152344,1475.0,46.36396789550781,165.0,280.0,5.5,0.4383980709105156,-0.3928811179815133,2,0
40.476145,40.916686,1,13.086041450500488,7.916083335876465,1490.0,31.32438087463379,253.0,339.0,5.5,0.952817055465558,-0.8296426732590354,2,0
120.621483,23.587328,1,21.089332580566406,6.259500026702881,2447.0,91.79638671875,81.0,425.0,5.0,0.9005037571087963,0.8967827150463973,2,0
135.783832,35.030617,1,14.383916854858398,8.640166282653809,1646.0,43.41466522216797,213.0,187.0,5.5,0.751712421990762,-0.3597015439128629,2,0
127.02456,35.729326,1,11.89745807647705,10.03008270263672,1299.0,78.67510223388672,106.0,235.0,5.6,-0.4223828098899225,-0.131071703675628,2,0
126.846047,35.190376,1,13.534292221069336,10.432750701904297,1308.0,75.75316619873047,112.0,45.0,5.5,-0.29494497804951647,0.15217177828543949,2,0
127.105937,35.765149,1,12.825249671936035,10.404500007629396,1282.0,79.43231964111328,105.0,86.0,5.5,-0.39007008442533936,0.09207541714301297,2,0
127.642369,35.214089,1,11.58620834350586,9.542583465576172,1414.0,80.30732727050781,94.0,328.0,5.8,-0.4681777464498577,-0.1904895918107171,2,0
126.99805,35.209476,1,13.031749725341797,10.142000198364258,1321.0,76.39960479736328,110.0,104.0,5.7,-0.37569063459966273,0.07164818645051985,2,0
99.333414,19.066978,1,21.475873947143555,10.92074966430664,1132.0,83.2679214477539,22.0,1187.0,5.6,-0.9901754166993759,0.3591913914543128,2,0
121.590661,24.666445,1,20.150959014892575,5.723750114440918,2928.0,45.8974609375,371.0,434.0,5.3,2.3966817313045263,0.009399365850877873,0,0
114.198172,22.400325,1,21.868013381958008,5.74882173538208,2133.0,78.21121215820312,92.0,189.0,5.5,0.8511017974420664,0.9805648282628989,2,0
80.408158,6.736167,1,26.80670738220215,6.758083343505859,4072.0,37.587921142578125,519.0,78.0,5.2,3.6293020719158022,0.883572071953854,0,0
55.73999,-4.332375,1,26.78510093688965,5.232828140258789,2285.0,43.08650207519531,315.0,86.0,5.7,2.069001772095095,0.9834031849994498,0,0
139.535186,35.502376,1,15.38670825958252,8.31641674041748,1575.0,44.11526870727539,160.0,42.0,5.4,0.7075238886956751,-0.10465335416575687,2,0
47.241222,-20.521453,1,16.620458602905273,11.176250457763672,1437.0,87.08092498779297,72.0,1472.0,5.4,-0.8614513353313124,-0.37188093331319905,2,0
48.435347,-19.013093,1,18.65250015258789,10.095999717712402,1900.0,68.43873596191406,191.0,1058.0,4.8,0.500199742726541,-0.2051498538196239,2,0
-58.478493,-34.596465,1,17.39787483215332,9.908583641052246,1099.0,22.79866981506348,192.0,21.0,5.5,0.5612843495995724,-0.15453696017828691,2,0
139.937423,35.801216,1,15.076416015625,8.397000312805176,1346.0,44.71575546264648,134.0,25.0,5.7,0.3621350130581453,-0.09080750830563272,2,0
139.266083,35.394508,1,15.41029167175293,8.773083686828613,1665.0,42.04437255859375,182.0,67.0,5.5,0.7218360354457743,-0.14136657391907365,2,0
-80.189885,32.786401,1,18.220582962036133,11.597167015075684,1284.0,33.075130462646484,226.0,11.0,4.9,0.6887805862584749,0.04828029329336555,2,0
135.405112,35.474348,1,14.0600004196167,8.80960750579834,1800.0,18.792932510375977,388.0,116.0,5.3,1.6787142855042574,-0.801693204019806,0,0
139.673905,35.7218,1,15.615541458129885,8.039416313171387,1466.0,45.43366622924805,143.0,34.0,5.5,0.5913574068857638,-0.04959339052403289,2,0
120.635679,23.752346,1,22.478708267211918,6.995250225067139,2073.0,92.06053161621094,75.0,136.0,5.4,0.5161131332194119,1.2882602280991897,2,0
-50.406944,-24.552222,1,18.24745750427246,12.580083847045898,1379.0,26.71286964416504,236.0,797.0,5.5,0.2048154708889664,-0.5474809323692067,2,0
121.149724,24.750606,1,20.788124084472656,6.214916706085205,2116.0,48.23344421386719,201.0,196.0,5.0,1.6105534359442204,0.3615227971349133,2,0
120.081562,30.202276,1,16.06708335876465,7.939000129699707,1345.0,44.95416641235352,148.0,102.0,5.8,0.42082161557760456,-0.05102054182675895,2,0
121.023184,24.655547,1,19.4375,5.938666343688965,2368.0,62.97378921508789,161.0,523.0,5.2,1.2949755119654465,0.2155367877605812,2,0
138.834,37.7379,1,12.96262550354004,7.665250301361084,2178.0,37.41415786743164,342.0,5.0,4.8,1.9339795910075326,-0.6002697764897492,0,0
129.112579,35.208703,1,13.85154151916504,8.545916557312012,1406.0,67.72005462646484,107.0,112.0,5.6,0.041602937233588835,0.017221241124598163,2,0
-75.04178654202532,20.263613117233803,0,22.145666122436523,7.748833179473877,1602.0,51.38528823852539,166.0,622.0,5.9,0.501460716716269,0.32193728277454353,2,0
97.12872234534056,40.44603215680031,0,7.415083408355713,14.981833457946776,73.0,58.50609588623047,7.0,1386.0,8.2,-3.4090243232183286,-1.4451895862244497,1,0
31.85714947938439,-11.652019412414852,0,19.77662467956543,11.598583221435549,1052.0,114.6815414428711,3.0,1293.0,5.9,-1.7186002895284072,0.5257921535104471,1,0
-76.59580509241559,45.62469510708129,0,4.776958465576172,11.26508331298828,842.0,13.843466758728027,168.0,125.0,5.8,-0.17026259580031808,-1.6861721282322868,2,0
-58.08084955805887,-4.297486332909784,0,26.9950008392334,8.860833168029785,2398.0,52.57892227172852,244.0,57.0,4.1,2.0227607255903353,1.1819818164917304,0,0
56.18128993037408,46.76816366975333,0,8.527083396911621,11.35966682434082,156.0,20.65710830688477,28.0,86.0,7.7,-1.7696586290644374,-0.9489581921814414,1,0
102.0108323008076,41.027480965994776,0,9.317208290100098,15.191916465759276,48.0,94.58041381835938,0.0,1168.0,8.2,-3.7558591193815585,-0.6203381935447229,1,0
3.752254078911221,44.585544460839294,0,6.278333187103272,7.718166828155518,1255.0,27.029376983642575,214.0,1275.0,6.2,0.07647323071126015,-2.268922470096724,2,0
24.77691759777514,-32.54008185152476,0,18.12041664123535,16.235000610351562,318.0,40.44827651977539,46.0,689.0,7.3,-2.335968187108543,-0.01774682340474828,1,0
-79.69028141927495,39.75134571164599,0,9.275833129882812,11.29633331298828,1173.0,14.90253734588623,250.0,645.0,4.3,0.8414652515267925,-1.7165480769456682,2,0
72.06761733711252,50.45216695460922,0,2.501499891281128,11.152166366577148,295.0,33.3534049987793,46.0,494.0,7.1,-1.72579191792823,-1.8153987274434504,1,0
-58.60910867789919,-4.818204671089916,0,26.896791458129883,8.93375015258789,2302.0,49.1577033996582,240.0,87.0,4.1,1.9781487384952023,1.1040954698638439,0,0
-101.12150633928722,36.23954874182088,0,13.67549991607666,15.987833023071287,490.0,57.78403472900391,41.0,946.0,7.1,-2.4893636297978787,-0.4885472447617111,1,0
-56.28752569680054,-1.746058099193128,0,26.757457733154297,8.859416961669922,2408.0,59.2244873046875,224.0,74.0,4.3,1.799730828278879,1.2580871472701014,2,0
70.72446461537314,30.533980784034945,0,25.24479103088379,14.912416458129885,200.0,102.06768798828124,10.0,143.0,8.0,-2.97589038079393,1.978304820688045,1,0
15.257720287490258,-12.550223955772015,0,18.944292068481445,12.519583702087402,1420.0,86.18319702148438,3.0,1689.0,6.0,-1.5346692398557433,-0.1534461757632537,1,0
115.19146694227332,48.34480872309917,0,1.3578333854675293,13.047333717346191,212.0,113.71865844726562,3.0,732.0,7.6,-3.337809477625579,-1.0210399876409917,1,0
7.778068082424909,35.357230746321655,0,14.189042091369627,12.706083297729492,413.0,29.354297637939453,58.0,1156.0,7.7,-2.0176103079031336,-0.987424039551581,1,0
-58.314994212831394,-17.949168618039547,0,26.328001022338867,11.348167419433594,1180.0,61.64275360107422,87.0,170.0,6.0,-0.4006631607064325,1.3693287856294465,2,0
-87.21626166977632,45.24346102387607,0,6.7823333740234375,9.610666275024414,748.0,31.96652030944824,108.0,176.0,5.5,-0.1837453218444476,-1.2907648885815701,2,0
101.39502873767574,34.798063866878714,0,-0.1045416891574859,15.501250267028809,579.0,93.3091812133789,10.0,3621.0,7.2,-3.9258700730251594,-3.5322095480157425,1,0
-3.7490191330100657,50.29554291186192,0,10.513973236083984,5.947811126708984,989.0,30.009056091308597,165.0,86.0,6.0,0.5344077180888048,-0.910824531023817,2,0
-117.76609251074451,47.79732675119112,0,8.312582969665527,11.910499572753906,433.0,39.03485107421875,58.0,656.0,6.4,-1.399730161320345,-1.256611995825358,1,0
-88.21577403130158,15.171557088050598,0,23.01895904541016,10.953749656677246,1686.0,60.10618591308594,126.0,738.0,6.1,-0.23166513860474966,0.5671160605979171,2,0
131.2594407651437,-28.81225708109169,0,19.65145874023437,15.183417320251465,209.0,19.978565216064453,41.0,320.0,7.6,-2.034261056798241,0.16842752255191146,1,0
-105.54415353511672,32.35324899380708,0,15.545833587646484,17.24683380126953,308.0,73.64688110351562,25.0,1395.0,7.8,-3.377377667854162,-0.34262121991576,1,0
-81.35456770397698,29.831049975996983,0,20.74504280090332,10.768750190734863,1253.0,37.88739776611328,213.0,17.0,4.5,0.934673393727917,0.34443850234500756,2,0
-56.411513329453726,-32.72473555731635,0,17.77483367919922,11.136833190917969,1225.0,10.81399631500244,280.0,80.0,5.5,0.8226842867141209,-0.34633503251775316,2,0
13.563313416597651,-6.1875400644901575,0,24.38716697692871,8.881166458129883,1017.0,85.5305404663086,5.0,316.0,5.4,-0.4331371657036739,1.3032326968415457,2,0
36.845026394952725,50.59434081061827,0,6.632458686828613,8.060916900634766,581.0,21.836883544921875,109.0,183.0,5.9,-0.11738949658138981,-1.4566689457495203,2,0
-0.1891017776823247,9.238720706928705,0,27.548208236694336,11.24608325958252,1198.0,85.42316436767578,16.0,192.0,6.1,-0.8617515855431375,1.850955450832574,2,0
32.14939886650629,-13.589235792884534,0,22.169124603271484,12.595749855041504,973.0,118.35508728027344,1.0,949.0,6.3,-1.9798507111117916,1.1373179166633116,1,0
57.07118932776072,37.64776775768815,0,15.066791534423828,12.181249618530272,314.0,55.90937042236328,25.0,719.0,7.7,-2.23049687032506,-0.22884226052387616,1,0
121.44493788636588,11.817796750750205,0,27.69583320617676,6.669444561004639,3532.0,80.75090789794922,126.0,7.0,5.5,1.6710059280122325,1.8958423799352682,2,0
5.019371835753915,14.3586977916083,0,29.103500366210938,13.218666076660156,358.0,143.55674743652344,0.0,302.0,6.5,-2.4139472715387242,2.6736905560660778,1,0
17.103683991524207,-18.93989259553468,0,22.15620803833008,16.27808380126953,478.0,111.62635803222656,2.0,1146.0,7.8,-3.4135321767927946,1.0542012630794904,1,0
-94.57068244436104,46.45587190919746,0,4.627666473388672,12.411333084106444,691.0,54.18219757080078,57.0,427.0,5.7,-1.2075271426596736,-1.3254157039227585,2,0
12.93994192667796,13.642321832265305,0,28.638126373291016,15.107083320617676,242.0,168.7953643798828,0.0,297.0,7.6,-3.5151861699376616,3.0475280464985635,1,0
69.43631326758774,34.41793226273429,0,9.822625160217283,12.616083145141602,514.0,88.76219177246094,29.0,2327.0,6.9,-2.732428970615812,-1.6355447377314374,1,0
18.80865790776579,-22.145876937925976,0,19.067459106445312,16.804250717163086,381.0,98.85797882080078,2.0,1526.0,7.6,-3.4844065163719633,0.2622174172643433,1,0
-40.71666155522576,-5.502301543950416,0,25.4617919921875,10.25641632080078,767.0,115.68939208984376,12.0,346.0,6.0,-1.3133129134966977,1.8172587912952654,1,0
13.52052076581822,-6.9197744440151965,0,24.36520767211914,8.07508373260498,888.0,87.52119445800781,7.0,356.0,5.7,-0.5430901667881382,1.2872277201517024,2,0
-4.447029238024797,20.67019446527417,0,28.61345863342285,14.55275058746338,24.0,98.4731903076172,0.0,279.0,7.8,-2.8803472011399083,2.177987238193276,1,0
-11.339041987562808,10.010138133070576,0,25.16462516784668,14.268583297729492,1929.0,90.19078063964844,19.0,456.0,5.2,-0.6928412815149791,1.5079588348686008,2,0
19.85743570447849,40.439585250900215,0,13.748749732971191,10.866833686828612,1169.0,50.73315048217773,104.0,419.0,6.7,-0.8209008404214998,-0.31763154202894395,2,0
71.76418778503364,39.0258197823097,0,-8.3680419921875,9.811749458312988,977.0,39.68103790283203,114.0,4718.0,5.5,-1.7492349088260166,-6.229561061645043,1,-1
15.368719089770394,-3.753862502774389,0,23.73229217529297,10.139416694641112,1681.0,64.74539184570312,34.0,700.0,5.2,-0.005018126227149315,0.7311454186753016,2,0
103.49117329447516,45.47963676956216,0,2.2146666049957275,14.173832893371582,153.0,111.12700653076172,4.0,1393.0,8.0,-3.84471390190527,-1.4015393447215254,1,0
35.85831990369829,30.29840235292648,0,17.728708267211914,13.954750061035156,69.0,87.56021881103516,0.0,983.0,7.9,-3.127085872258898,0.31433940621246254,1,0
27.32352931652113,-29.135371486014694,0,14.498125076293944,15.945917129516602,709.0,64.96009826660156,39.0,1650.0,6.1,-2.1861988014080302,-0.8859151127286793,1,0
7.770946168002155,28.10571695196457,0,23.22170829772949,15.279083251953123,25.0,48.81217575073242,1.0,485.0,8.4,-2.892797882944179,0.8762457217968368,1,0
42.0833911290413,35.72993916790369,0,21.84320831298828,13.229416847229004,295.0,89.57659912109375,0.0,261.0,7.9,-2.6410715803305043,1.3335171341889294,1,0
-5.301484671205685,38.961816223067096,0,15.75475025177002,12.553500175476074,525.0,55.06072998046875,35.0,411.0,6.2,-1.3679803675544633,-0.026280338301505505,1,0
16.825657420854753,-6.378112086249757,0,23.78866577148437,10.79599952697754,1491.0,66.23390197753906,26.0,574.0,5.1,-0.1539236393098713,0.8481031499737519,2,0
99.65885758960314,16.16067879799221,0,27.87220764160156,11.300250053405762,1127.0,79.5245361328125,23.0,74.0,6.1,-0.7824293360858385,1.8910050745312823,2,0
13.622454829368138,27.85373621235734,0,21.49399948120117,13.383500099182127,19.0,48.00435256958008,0.0,510.0,8.1,-2.525712170621892,0.5938868400737268,1,0
171.97942578412744,-41.97667956477206,0,10.337916374206545,8.926166534423828,2362.0,15.47184944152832,488.0,303.0,5.0,2.2748813404087915,-1.4566386325700318,0,0
132.11051371992892,-12.993767108667464,0,27.565082550048828,11.96933364868164,1447.0,106.74494171142578,9.0,59.0,6.0,-1.0060393658110753,2.2491449478069567,2,0
110.82523009025596,31.79923046572176,0,12.139374732971191,9.13741683959961,1127.0,64.74083709716797,58.0,1151.0,6.0,-0.800255895953841,-0.9177221189504244,2,0
41.50979685704616,23.266225854094834,0,27.442916870117188,15.309999465942385,112.0,70.3115463256836,6.0,1043.0,8.2,-3.0442567789016963,1.181725435582718,1,0
4.524523535521723,31.838130751760552,0,22.443458557128903,13.825250625610352,46.0,50.55095672607422,2.0,261.0,8.3,-2.597184588115589,0.9397971535723574,1,0
99.53441536087524,34.20427531014433,0,-4.091333389282227,13.302499771118164,522.0,90.26732635498048,15.0,4385.0,7.1,-3.842846865391979,-4.642911265691355,1,0
78.64873637955253,21.14070255426824,0,26.12262535095215,13.035250663757324,1032.0,121.02108764648438,35.0,490.0,7.2,-2.133943715040342,1.997339903407301,1,0
102.36824274438987,34.13824737689304,0,0.7362083196640015,14.012749671936035,665.0,88.20458221435547,12.0,3588.0,6.8,-3.401093910831126,-3.533654638754548,1,0
61.918333119966064,44.260178390967305,0,10.206375122070312,11.596917152404783,110.0,42.32383728027344,10.0,66.0,7.8,-2.1140122725052732,-0.45701644510596606,1,0
30.32205226280479,-2.502883866904924,0,20.195457458496094,10.807416915893556,997.0,61.58183288574219,35.0,1480.0,5.7,-0.926529089988173,-0.28489916867993054,2,0
141.82652194367785,-34.27459571553605,0,17.353208541870117,14.54741668701172,308.0,23.19017219543457,58.0,60.0,7.8,-1.9431167791494628,0.14019727449464406,1,0
45.9829151737822,28.94664541447336,0,25.12624931335449,15.0086669921875,186.0,81.90486145019531,2.0,336.0,7.9,-2.816662299999337,1.574805402529655,1,0
138.40415170022942,48.89436815857051,0,-2.7851250171661377,10.346750259399414,875.0,68.78155517578125,58.0,850.0,5.5,-1.1550002621925155,-2.325722953292851,2,0
145.3514273454987,-19.520738140543845,0,22.935291290283203,12.998916625976562,689.0,97.511962890625,28.0,456.0,6.5,-1.8166560744159301,1.307774735488814,1,0
-87.13395341935802,43.32983116627563,0,8.741999626159668,8.032999992370605,841.0,27.02345848083496,136.0,175.0,5.5,0.26720201668370425,-1.1861758128234423,2,0
90.9917034326268,39.37541324726515,0,6.781708240509033,15.663416862487791,28.0,87.07363891601562,1.0,1803.0,7.6,-3.7134343857389074,-1.5006217517007645,1,0
6.067817652428545,15.781859170437386,0,28.44154167175293,13.696083068847656,245.0,150.66412353515625,0.0,466.0,7.1,-2.944009488089963,2.610512255148677,1,0
71.0374864215492,45.57905191209367,0,7.935083389282227,13.12049961090088,148.0,34.344512939453125,18.0,367.0,8.1,-2.472959493600901,-0.9791916582071473,1,0
78.81436254484979,24.045771236447344,0,25.51499938964844,13.397832870483398,1185.0,147.18641662597656,22.0,465.0,7.1,-2.3870600944293554,2.295401786288617,1,0
-66.92887711314059,45.30540806487759,0,5.601999759674072,11.137999534606934,1231.0,10.987743377685549,282.0,68.0,4.5,1.021555438795002,-1.7554608296597878,2,0
82.50092041824698,23.30204600889291,0,24.553083419799805,11.78083324432373,1301.0,141.7803192138672,24.0,567.0,7.4,-2.214498694190153,2.0407408118240697,1,0
-39.67110283593637,-14.652415244684551,0,22.491374969482425,7.48224925994873,1206.0,24.605451583862305,224.0,353.0,5.8,0.9211827930150469,0.13291535235439397,2,0
100.43485917156278,-0.1420001266856374,0,22.10712432861328,8.620416641235352,2373.0,27.9243221282959,366.0,817.0,4.9,1.9888777080740352,-0.2863576259469392,0,0
105.50973035679048,39.5279976758456,0,9.428500175476074,15.006333351135254,125.0,89.90636444091797,5.0,1072.0,8.3,-3.6414202028902487,-0.5891901550636846,1,0
15.108362068529743,5.953564143988828,0,24.320749282836918,10.778833389282228,1396.0,80.26707458496094,16.0,691.0,5.6,-0.6231448073004254,1.0295663246943048,2,0
102.68401834712554,-2.426488942700651,0,26.277374267578125,7.908916473388672,3096.0,30.12932777404785,453.0,73.0,4.7,3.071630682136456,0.7056647917791479,0,0
-78.10372478143898,50.92832479948553,0,-0.0990832895040512,9.461666107177734,811.0,39.524749755859375,109.0,181.0,5.6,-0.40050268967447544,-1.9545768942456343,2,0
49.79525404704279,22.768732676853663,0,28.14179229736328,12.321249961853027,64.0,114.52111053466795,1.0,167.0,8.0,-2.7742858469460603,2.374393713952002,1,0
105.46906773168196,28.718487208539123,0,17.71324920654297,6.084166526794434,1111.0,67.5074691772461,74.0,366.0,5.7,0.12118324576660487,0.21207128070023615,2,0
99.1433813135447,37.2011578757048,0,-0.6976667046546936,14.547833442687988,283.0,106.3931655883789,2.0,3504.0,7.8,-4.3488876008117785,-3.3445242198235974,1,0
-95.63866366436538,41.452954014686775,0,9.734833717346191,12.177666664123535,816.0,51.18742370605469,66.0,358.0,6.2,-1.1484852829101557,-0.7128376484486125,2,0
2.775882193450272,47.34225130281568,0,10.275208473205566,9.301249504089355,754.0,10.72607135772705,166.0,265.0,6.8,-0.27314180370882174,-1.1963792256891086,2,0
-87.27555654774133,37.04850168014263,0,13.751041412353516,12.1475830078125,1260.0,14.301655769348145,261.0,160.0,5.6,0.44934350292216,-0.7586792227756093,2,0
50.45832895430843,29.83875103079425,0,24.49016571044922,14.21383285522461,264.0,123.9771728515625,1.0,43.0,7.6,-2.9116311321797004,2.207720589183889,1,0
-9.606824757915746,12.135804234421393,0,26.19670867919922,14.233750343322754,1085.0,118.73963928222656,1.0,523.0,5.9,-1.7807687330101962,1.9202710971324728,1,0
72.91204674600885,19.27676422014708,0,26.976959228515625,9.550582885742188,2199.0,148.17938232421875,4.0,22.0,6.5,-0.9590791588161239,2.7704390768919165,2,-1
127.6617854855668,50.28921627726459,0,0.5247917175292969,11.915249824523926,543.0,96.67340087890624,19.0,123.0,6.0,-1.9109385390990385,-0.997902884534465,1,0
28.669005429608035,-2.1224130988822054,0,15.125916481018066,9.170833587646484,1848.0,44.13839340209961,142.0,2154.0,5.1,0.2097545527031196,-1.6671137869272565,2,0
-64.02287800490966,-14.120177150671177,0,25.851457595825195,10.491083145141602,1476.0,68.0797348022461,69.0,157.0,5.5,-0.031091210276635358,1.3910620915306264,2,0
98.62331643095196,25.739154161289346,0,13.40945816040039,10.413582801818848,1327.0,69.00562286376953,82.0,2282.0,5.5,-0.9236460198969748,-1.578794492451972,2,0
-41.89771238489416,-17.671010837269407,0,21.601959228515625,11.911250114440918,1049.0,78.03356170654297,51.0,654.0,5.6,-0.883915507981548,0.693542178286183,2,0
-94.52410742661044,48.89689773209708,0,2.801500082015991,11.94083309173584,585.0,61.48451232910156,48.0,334.0,6.3,-1.5785061841702956,-1.3360239015131492,1,0
131.93712317092383,-21.355285513382587,0,24.383625030517575,15.504083633422852,319.0,89.66635131835938,19.0,489.0,7.6,-2.778571368180958,1.4590826458222572,1,0
141.5721665139182,-23.06163703254546,0,24.80208396911621,15.577834129333496,317.0,81.72844696044922,22.0,137.0,7.5,-2.5451766458497147,1.660874594932922,1,0
22.54480029586682,2.9657267282923527,0,24.70224952697754,10.612333297729492,1712.0,38.78238677978516,181.0,475.0,5.1,0.7745730009055586,0.5593123758668231,2,0
10.10042273486016,8.296642111701921,0,27.78287506103516,11.282916069030762,1300.0,92.30873107910156,4.0,124.0,5.9,-0.8104448026122013,2.0176623375017817,2,0
62.88391099568298,37.76758025905594,0,16.980749130249023,14.616166114807127,172.0,86.17733764648438,2.0,234.0,7.9,-2.957318126599525,0.7923109999991859,1,0
125.7109065957656,-26.809555918188178,0,21.67791748046875,15.255167007446287,222.0,45.37019348144531,28.0,479.0,7.7,-2.392572131901342,0.6082518738580134,1,0
-80.38014375835508,-1.056214270442588,0,24.711042404174805,9.571749687194824,714.0,103.26280212402344,27.0,143.0,6.7,-1.337680216755216,1.7499982905523876,1,0
64.35359500251278,27.26734953971765,0,20.62554168701172,14.634249687194824,116.0,67.0502700805664,8.0,1308.0,8.0,-3.0332608597394444,0.15980913785570997,1,0
-94.55554151834494,40.75420690933951,0,10.051291465759276,12.05958366394043,889.0,48.71234130859375,76.0,377.0,6.6,-1.2166412152580153,-0.6991050632846547,1,0
-91.41074418637557,42.11030041660897,0,8.774291038513184,11.734416007995604,896.0,44.1364860534668,94.0,273.0,6.5,-1.0184321440169217,-0.8493695844239357,2,0
98.06096576746344,50.11168731542248,0,-7.766083240509033,14.297332763671877,302.0,101.0699234008789,11.0,2013.0,7.0,-3.5971203538485716,-3.153749510720672,1,0
102.13947694549807,39.937685692795405,0,9.098666191101074,14.868499755859377,77.0,95.24629974365234,0.0,1294.0,8.0,-3.6518406181950644,-0.7491125069107452,1,0
18.40636807561617,46.47573608136042,0,10.52299976348877,8.373833656311035,582.0,26.655256271362305,89.0,184.0,6.7,-0.5471628650863297,-0.8849727009727923,2,0
103.63533716582964,24.63348592056179,0,14.546875,10.631250381469728,988.0,80.87377166748047,52.0,1912.0,6.1,-1.4813047987144417,-0.9846467647278401,1,0
124.88187694588184,8.183972526083117,0,21.93091583251953,9.724499702453612,2837.0,31.132308959960938,440.0,1246.0,5.1,2.031901295394645,-0.5754249883188726,0,0
-6.923484707536403,33.426719274538776,0,16.906917572021484,11.334166526794434,434.0,73.46849060058594,8.0,388.0,6.7,-1.705391250502954,0.3710033373017548,1,0
-64.30291393324526,-4.67421674458263,0,26.482084274291992,9.249500274658203,2398.0,39.955963134765625,283.0,78.0,3.8,2.332078132402402,0.9060216986840192,0,0
75.61504412534399,36.651562257057485,0,-10.775124549865724,10.99941635131836,147.0,50.79388427734375,18.0,5337.0,7.3,-3.76663209469963,-6.644488799937519,1,-1
-87.41654569030293,47.59689570058607,0,4.341708183288574,6.08275032043457,855.0,23.850116729736328,143.0,179.0,5.5,0.515570599547774,-1.7627702413315522,2,0
51.11589281390113,50.592401547833695,0,6.450916767120361,10.862500190734863,287.0,19.76976776123047,53.0,18.0,7.4,-1.4404784243961068,-1.1834047894722293,1,0
16.794953195907084,30.818747078844417,0,19.732250213623047,11.410000801086426,138.0,85.58674621582031,1.0,125.0,8.0,-2.4637890792653807,1.105672842974536,1,0
-81.62932461578735,47.3110858793822,0,1.916208386421204,12.541083335876465,791.0,25.6192626953125,137.0,432.0,5.1,-0.42916837455431733,-2.084867063861142,2,0
23.722879193430003,6.663468786910215,0,24.700708389282227,12.972082138061523,1455.0,76.14285278320312,25.0,648.0,5.7,-0.864761034389401,1.1047384580395956,2,0
129.0055990489921,41.98525612914843,0,2.8651251792907715,11.531749725341797,685.0,90.54846954345705,29.0,868.0,5.8,-1.757721619673707,-1.3881910402745552,1,0
131.00387488256897,-11.253276015749918,0,27.185577392578125,8.060897827148438,1539.0,103.03591918945312,12.0,9.0,5.5,-0.11704799922194904,2.0819474775245337,2,0
-58.68614523243293,-30.28887882712139,0,19.64729118347168,12.266583442687988,1198.0,34.41929626464844,157.0,66.0,6.0,-0.14350063934344362,0.3311679411708117,2,0
138.59931186623953,49.96933904496294,0,-1.7927082777023315,11.009583473205566,705.0,66.75562286376953,52.0,452.0,5.0,-0.9767685037117054,-1.975228283592831,2,0
15.135420245633073,18.883079167756076,0,25.854707717895508,15.658748626708984,60.0,115.0318374633789,0.0,498.0,8.2,-3.497150473715942,1.9696908150888257,1,0
-101.00343952662683,45.97789521121519,0,6.363874912261963,13.20924949645996,418.0,65.661865234375,27.0,663.0,6.7,-2.1466047380589917,-1.0731465301038674,1,0
-84.75310505663873,31.86304579368984,0,18.049291610717773,13.23408317565918,1283.0,23.91856002807617,222.0,136.0,5.1,0.409840418740437,-0.12236948372541648,2,0
82.86838809184823,45.89662110697413,0,0.7417498826980591,11.489166259765623,334.0,52.63608169555664,32.0,1798.0,6.9,-2.3122585300998595,-2.733289849833852,1,0
18.06520167268431,2.5241663733199005,0,24.77870750427246,9.953916549682615,1699.0,39.20970916748047,174.0,352.0,5.1,0.8741118301588383,0.6552914305448931,2,0
35.60431274244499,12.703754671750223,0,28.11520767211914,15.157249450683594,813.0,123.7057647705078,0.0,515.0,6.6,-2.3776367780393106,2.248902094529704,1,0
-94.47514348096824,50.663124787885856,0,1.3538331985473633,10.441333770751951,637.0,51.52799987792969,74.0,362.0,5.9,-1.0134377177044716,-1.7203187391351584,2,0
47.05603387048328,-16.060947692194897,0,26.631542205810547,13.243749618530272,1457.0,127.12213897705078,5.0,106.0,6.2,-1.5364502578446215,2.4082466753588934,1,0
-88.60569853437107,44.54071051006601,0,6.575583457946777,11.675832748413086,785.0,38.12509536743164,96.0,240.0,5.9,-0.7651834067183485,-1.19753825283199,2,0
26.58687652632247,28.10309680512588,0,21.14804077148437,14.466917037963867,27.0,76.6428451538086,0.0,138.0,8.1,-2.887301677941465,1.2085401784240983,1,0
18.7490207275047,49.93942322379522,0,8.460166931152344,9.002333641052246,737.0,40.71190643310547,104.0,265.0,5.8,-0.32966004183850234,-1.0526755313281169,2,0
36.6376869953387,29.596583904083666,0,19.56583404541016,14.569499969482422,28.0,59.08391571044922,0.0,895.0,8.1,-2.9588879679856075,0.2573718742637257,1,0
58.11961815974442,32.40230988904036,0,21.289249420166016,15.878999710083008,137.0,101.14349365234376,1.0,826.0,7.8,-3.3485127995718713,1.031434703601809,1,0
46.33624009067037,8.668037329600523,0,24.090749740600582,11.654333114624023,190.0,111.50818634033205,5.0,864.0,7.8,-2.761319545864717,1.3489033678661209,1,0
-59.33609418408679,0.9855008526983796,0,26.53766632080078,8.5711669921875,1820.0,59.71083068847656,217.0,187.0,4.6,1.3484818326204904,1.1292802071026378,2,0
89.23610980465898,37.12436955934516,0,-4.725375175476074,14.840582847595217,146.0,123.05558776855467,0.0,4377.0,7.9,-5.017408927040489,-4.229780437270245,1,0
20.740002462251965,-0.2788870904608558,0,25.632125854492188,9.625916481018066,2119.0,23.25317001342773,428.0,347.0,4.6,2.285479808528526,0.31893187500331505,0,0
-44.958698654162106,-12.967741171307216,0,23.25950050354004,13.041500091552734,1127.0,88.41478729248047,4.0,759.0,5.7,-1.2939124770362203,1.0073054597893742,1,0
102.45736274894242,36.28328951867662,0,4.226875305175781,12.502583503723145,430.0,95.86044311523438,4.0,2614.0,8.1,-3.642672420545597,-2.2806484035901344,1,0
19.158522328242867,27.883112685379167,0,20.70420837402344,13.20525074005127,8.0,39.08033752441406,0.0,256.0,8.1,-2.3563908593171234,0.5807506268178951,1,0
134.09288471466056,-20.14846858946838,0,25.290082931518555,13.333499908447266,358.0,103.8559341430664,10.0,378.0,6.9,-2.2593442566147584,1.7295926755998072,1,0
40.62782983907442,9.602791459856803,0,25.676082611083984,14.729499816894531,571.0,78.53289031982422,30.0,792.0,8.1,-2.669354845107012,1.2699112117850189,1,0
27.24408827364647,48.47187027147286,0,7.7439165115356445,8.995499610900879,594.0,42.81742477416992,96.0,259.0,6.8,-0.9076171355649589,-1.0339404883013545,2,0
36.48311815752416,20.281174894445925,0,24.60762405395508,12.956417083740234,56.0,77.59356689453125,1.0,714.0,8.2,-2.793317326287222,1.1505639510802588,1,0
-106.4919739846682,47.02505885772219,0,7.124458312988281,15.661916732788086,286.0,71.8055191040039,24.0,820.0,7.4,-2.982636745973892,-0.9340319247957988,1,0
85.36696957259684,47.1302975289094,0,-5.484000205993652,9.838500022888184,456.0,56.53725814819336,38.0,2858.0,6.7,-2.374443666687756,-4.207753745578684,1,0
37.40793065916347,47.93014794380711,0,8.451958656311035,9.14008331298828,515.0,21.5682315826416,103.0,153.0,7.0,-0.7663838587366567,-1.133292981933942,2,0
7.633572835985205,50.71481477326308,0,8.771082878112793,8.313833236694336,1031.0,14.24778652191162,229.0,270.0,5.8,0.5691118339064811,-1.451243479166647,2,0
58.23124035891368,45.409592619162176,0,8.295958518981934,9.679749488830566,125.0,30.67588806152344,17.0,160.0,7.7,-1.7069503785488145,-0.9356729852145866,1,0
-64.98522904584927,-33.73101933778376,0,16.565750122070312,14.947333335876465,664.0,60.19026184082031,47.0,429.0,7.0,-2.009174996554032,0.22384546710514305,1,0
-89.55972113319784,14.138209160974888,0,24.207374572753903,11.725749969482422,1506.0,96.23246002197266,10.0,628.0,6.3,-1.1901601526886,1.3458753821476297,1,0
6.269109748290504,15.904650335923243,0,28.25404167175293,13.78308391571045,238.0,152.06275939941406,0.0,483.0,7.2,-3.0284950693447596,2.60288899250673,1,0
105.49575159984974,36.45542944767256,0,6.211291790008545,12.463916778564451,356.0,87.23645782470703,11.0,2019.0,8.1,-3.3542232175680313,-1.7382181627112225,1,0
45.89775795525159,10.706576550953905,0,27.520708084106445,9.292750358581545,70.0,56.10238265991211,9.0,265.0,8.0,-1.7280339467942154,1.4416079839953202,1,0
146.6988450088205,43.80808169006411,0,4.925447940826416,5.03028678894043,1143.0,34.77628326416016,177.0,99.0,5.8,0.6958738105667679,-1.5128339815005938,2,0
24.388007341709283,29.694576100142832,0,20.941707611083984,12.87558364868164,17.0,83.61624908447266,0.0,36.0,8.0,-2.6680321310906843,1.3044140779385716,1,0
27.78288843103087,6.860314855513387,0,26.565624237060547,12.787083625793455,1100.0,85.85052490234375,8.0,530.0,6.1,-1.276735706558493,1.529216469806625,1,0
-78.9033820242189,49.43246080200621,0,0.1895833015441894,12.134166717529297,868.0,40.65347290039063,112.0,285.0,5.4,-0.6944763148021236,-1.940104510033667,2,0
135.13877914009015,46.360368323353306,0,1.3262916803359983,14.41575050354004,794.0,73.77503967285156,46.0,252.0,5.2,-1.4836916499722148,-1.2936009009793334,1,0
-94.84267467562204,36.46833566795636,0,14.701166152954102,12.52566623687744,1116.0,28.6785945892334,168.0,287.0,5.9,-0.25110586622794034,-0.46903745937256175,2,0
133.9889298916484,-13.166012564795892,0,26.292499542236328,12.18633270263672,1191.0,112.11521911621094,5.0,290.0,6.2,-1.4164664386426067,2.0045564013956367,1,0
-80.78186603650192,8.964262219151315,0,26.16433334350586,6.974666595458984,2944.0,47.75263214111328,254.0,74.0,5.5,2.002719585041427,1.113765998936929,0,0
-55.8169193823516,-16.339585472687485,0,25.15904235839844,11.970250129699709,1408.0,69.41029357910156,56.0,139.0,5.5,-0.34082165425330496,1.3827124754339062,2,0
120.9502152505418,-33.5420908028912,0,16.34637451171875,12.056583404541016,431.0,28.65467643737793,71.0,167.0,6.7,-1.1006143015297076,-0.11913259366111291,1,0
-55.922911315204246,-0.4264411853500931,0,25.75716590881348,8.873000144958496,2479.0,48.14558792114258,347.0,275.0,4.2,2.2768506037188727,0.7496328946762127,0,0
-86.13882650911609,44.21392740278235,0,7.431166648864746,10.675167083740234,857.0,26.269794464111328,146.0,228.0,4.8,0.20126294205015158,-1.3803731330907119,2,0
144.39357349079506,-36.87279067952127,0,14.097833633422852,12.337833404541016,640.0,27.59434509277344,109.0,257.0,6.1,-0.7183006365155996,-0.5021998121023302,2,0
137.74040884311063,-25.2993122970085,0,23.170499801635746,15.421165466308594,114.0,44.5782356262207,12.0,70.0,7.9,-2.4530039797544427,1.091261806297577,1,0
42.71660276772656,15.388728618890395,0,29.143333435058597,7.280000686645508,53.0,72.77190399169922,3.0,3.0,5.5,-0.4149022683793951,1.8001212356951701,2,0
-67.20507869005203,5.930964657140812,0,26.772499084472656,10.013500213623049,2352.0,75.23097229003906,85.0,195.0,5.0,0.6833145080032236,1.5634156199684492,2,0
-66.44272483567946,-40.55085440876054,0,14.569624900817873,14.749083518981934,252.0,22.51971244812012,46.0,216.0,7.7,-2.086152844975314,-0.28848123684711346,1,0
79.53112318695838,33.63291799027703,0,-2.5872082710266118,14.736916542053224,50.0,107.5522918701172,2.0,4787.0,7.9,-4.948548489906622,-4.5005004978539525,1,0
-65.81707534001758,-25.232358807222525,0,13.093667030334473,14.419333457946776,233.0,116.70303344726562,1.0,2566.0,7.2,-3.6454931752778776,-1.0443802943418126,1,0
44.96364257676342,24.66375644246002,0,25.868000030517575,14.82800006866455,150.0,105.77536010742188,1.0,777.0,8.0,-3.2180091846608554,1.6238631781069426,1,0
-85.99911396801687,35.208944356966974,0,13.94862461090088,11.85124969482422,1545.0,16.066511154174805,312.0,445.0,5.8,0.6008653269982097,-0.9416476075813959,2,0
-76.25026695007148,39.3010076968005,0,12.795370101928713,9.829629898071287,1123.0,11.400139808654783,250.0,7.0,5.5,0.7810447032312069,-0.845581780081308,2,0
94.95270741975584,32.14353651559811,0,-5.515291690826416,11.377583503723145,651.0,97.8445281982422,23.0,5132.0,6.5,-3.5270144862963457,-5.344507882576879,1,0
79.64609383257553,36.619787902903646,0,5.414875030517578,13.62125015258789,24.0,94.2809066772461,0.0,2821.0,8.0,-3.991789955249068,-2.3349095949012084,1,0
-105.82546873911426,37.34180151333448,0,5.660624980926514,20.382583618164062,220.0,62.31664276123047,19.0,2293.0,7.8,-4.231757731597672,-2.1760602190525034,1,-1
1.741081668749672,7.392046049586895,0,27.042041778564453,9.825416564941406,1021.0,63.98551559448242,35.0,148.0,6.3,-0.5500603148939169,1.5157905307662836,2,0
16.37842165334081,5.9896412334403735,0,23.54408264160156,11.173832893371582,1409.0,82.43402862548828,20.0,827.0,5.5,-0.6947714186135385,0.8680863872738054,2,0
144.25152372430404,-17.69464150684268,0,24.651166915893555,13.65683364868164,843.0,113.8803482055664,16.0,381.0,6.6,-2.030735583609987,1.7996632967182764,1,0
123.85043172077482,41.370298800804186,0,7.543291568756103,11.14941692352295,801.0,103.44962310791016,26.0,242.0,6.3,-1.7400947085789302,-0.20683767405156156,1,0
-93.86383236748838,41.98044933817517,0,8.938541412353516,11.911083221435549,845.0,50.58650588989258,74.0,305.0,6.5,-1.2020591070459408,-0.7579267718133347,1,0
45.35636098509849,40.020202441626,0,1.7153749465942385,9.939083099365234,562.0,39.94402694702149,84.0,2741.0,6.5,-1.749650462901475,-3.5735084112624547,1,-1
-90.8725187653224,51.12114809200636,0,-0.3433749675750732,11.149916648864746,722.0,45.4346923828125,91.0,384.0,5.4,-0.776958120806249,-2.0283695480103527,2,0
33.00124061026784,-2.6754196872165537,0,22.65854263305664,11.739250183105469,972.0,69.95521545410156,30.0,1220.0,6.4,-1.3660412901922714,0.3571853048334137,1,0
142.7874441092468,42.54932330715248,0,1.859624981880188,8.186583518981934,1351.0,35.16929626464844,193.0,1046.0,5.0,0.4162485693339607,-2.537120130590189,2,0
116.180240142119,37.34374288049021,0,13.05833339691162,10.623833656311035,529.0,124.3168487548828,15.0,24.0,7.9,-2.5940019062158814,0.9136228494221933,1,0
-78.48576527620503,43.001408492415685,0,8.14554214477539,9.988916397094728,934.0,15.961594581604004,181.0,223.0,6.0,0.03059681665882148,-1.377959303180267,2,0
122.88868786991928,41.93756694010856,0,8.139416694641113,11.347833633422852,587.0,104.82115173339844,14.0,29.0,7.4,-2.3465527732775073,0.11139446773722544,1,0
-4.949624331665461,26.370138807254285,0,26.520915985107425,15.871334075927734,13.0,47.81783676147461,0.0,459.0,8.2,-2.8098627755067818,1.2467338863589683,1,0
26.171465854950185,6.821213050088616,0,25.139333724975582,12.423333168029783,1376.0,80.74486541748047,17.0,733.0,5.8,-0.9568105604463918,1.1426558408632603,2,0
-3.4001781394405555,21.40966926021796,0,28.393917083740234,14.965499877929688,19.0,102.36074829101562,0.0,311.0,8.0,-3.0870297896023127,2.2007886765819427,1,0
130.43906989102464,-21.949969639045964,0,24.35375022888184,15.18933391571045,348.0,82.53557586669922,16.0,554.0,7.5,-2.62513306913825,1.3107731984628228,1,0
21.32608456482353,29.290358826530245,0,22.127582550048828,12.738499641418455,19.0,58.25969314575195,0.0,28.0,8.1,-2.3941460356490425,1.1341664891659502,1,0
18.61678265340632,-18.226099599351755,0,22.648250579833984,15.952667236328123,554.0,110.87505340576172,2.0,1166.0,7.4,-3.136251633926819,1.0547392762263756,1,0
113.458254750295,0.1453823000916116,0,24.380416870117188,9.122499465942385,4028.0,20.318904876708984,716.0,588.0,5.0,3.9182117018877443,-0.12046156285248553,0,0
15.90608861056657,-23.691282660641157,0,19.28333282470703,15.135000228881836,121.0,116.594482421875,2.0,1053.0,8.5,-3.8300484291672148,0.862917819164759,1,0
-65.369162390048,-26.89424821512272,0,18.90870857238769,12.126583099365234,981.0,79.50176239013672,49.0,833.0,5.8,-1.1674429992963447,0.2960242063635893,2,0
17.443474699361786,-25.56730541484908,0,19.68666648864746,15.571833610534668,184.0,110.76952362060548,3.0,1138.0,8.7,-3.900917433606524,0.8010141523414767,1,0
72.13782977997627,46.97664690956318,0,5.007166862487793,13.236833572387695,187.0,22.92010307312012,35.0,549.0,7.9,-2.32227015833377,-1.6028833973172474,1,0
-51.99918279405071,-19.89204280247472,0,23.07291603088379,12.28166675567627,1386.0,67.99857330322266,76.0,436.0,5.5,-0.4508022819421444,0.9008036026679785,2,0
-106.93292645587115,46.04559338511759,0,7.031291484832764,15.36258316040039,361.0,56.800811767578125,42.0,1081.0,6.9,-2.5401396345002603,-1.3755815440680317,1,0
65.57266948514118,40.045573489356265,0,14.138875007629396,13.374083518981934,239.0,76.47930908203125,6.0,529.0,7.6,-2.63733852314613,0.09249421844956147,1,0
109.66993495293048,24.38979351177553,0,20.23066711425781,7.654833316802978,1632.0,67.85430908203125,140.0,160.0,5.6,0.5012187439300471,0.6581272537110979,2,0
-7.751068951125902,17.065389702060557,0,29.681833267211918,15.373499870300291,161.0,134.77688598632812,0.0,236.0,7.6,-3.1926632404935678,2.789229864615127,1,0
-108.5214574349138,28.686401417276265,0,14.875082969665527,18.49850082397461,882.0,96.6570053100586,46.0,1746.0,6.5,-2.982955758016517,-0.4332426667401942,1,0
-60.28694858156943,-24.748320288272566,0,22.767208099365234,13.037750244140623,903.0,57.40097427368164,63.0,127.0,6.1,-0.9176639609596753,0.9983598096346828,2,0
-76.59390605202788,21.184352457950418,0,26.28333282470703,8.979347229003906,963.0,52.61415863037109,103.0,13.0,7.3,-0.5641496933796964,1.3799624057384061,2,0
-98.90039543784174,27.60517148302973,0,21.888750076293945,13.066999435424805,563.0,50.81259536743164,77.0,231.0,7.7,-1.746229587352073,0.8186400385569147,1,0
-102.51889717498558,44.714023589051685,0,7.574291706085205,14.462249755859377,403.0,71.59137725830078,27.0,841.0,7.3,-2.6907627825345863,-0.929087277990801,1,0
-8.27892566760977,25.601784813464228,0,24.9112491607666,14.614333152770996,17.0,71.58052062988281,0.0,378.0,8.2,-2.891277094216775,1.3938765999140714,1,0
14.953760582389547,-3.279167876126209,0,24.356916427612305,9.721500396728516,1762.0,62.91419219970703,38.0,570.0,5.1,0.22166056979897655,0.8609996246724853,2,0
-5.316920409828683,26.799703251782084,0,26.110166549682617,15.41016674041748,14.0,51.44496154785156,0.0,451.0,8.2,-2.78791059637758,1.2418351738713702,1,0
-52.49067358098715,-12.697572373685883,0,25.211000442504883,14.258166313171388,1627.0,81.98307037353516,18.0,346.0,4.9,-0.5933832785094535,1.4481581792967997,2,0
-92.70160651106652,30.63471719054609,0,19.420875549316406,11.697417259216309,1604.0,12.1825532913208,360.0,26.0,6.1,0.9326546662071614,-0.0928547525410028,2,0
27.38187635942612,4.345789952955904,0,24.073375701904297,11.604583740234377,1641.0,57.8307991027832,78.0,700.0,5.5,-0.1622332121754689,0.6945589162723572,2,0
7.165146453602233,50.48376161035535,0,7.985583305358887,7.011333465576172,876.0,10.826156616210938,201.0,467.0,5.9,0.517767152363525,-1.7352810971110957,2,0
-84.38120567942286,44.63183900319785,0,6.101291656494141,12.633417129516602,745.0,30.43546867370605,117.0,361.0,5.0,-0.42175715604814995,-1.5008239837896735,2,0
-71.80601758360984,49.182174623030114,0,0.4817915856838226,11.382416725158691,993.0,32.449684143066406,148.0,309.0,5.2,-0.2415792795010559,-2.079645746225323,2,0
-4.0418096586317205,11.873733975618729,0,28.13541603088379,12.214499473571776,881.0,114.40978240966795,3.0,282.0,6.0,-1.4764884451203482,2.2051468680429744,1,0
-90.22936642334892,20.160537478968727,0,26.59370803833008,13.231916427612305,1129.0,79.34712982177734,63.0,14.0,7.3,-1.4897239638871431,1.884975784131541,1,0
87.72090442687963,30.436607080904047,0,-2.372166633605957,13.89716625213623,233.0,87.32959747314453,16.0,5269.0,8.1,-4.697651233310124,-5.0851131349096175,1,0
9.80367234073941,45.137949484051965,0,12.377124786376951,9.554250717163086,825.0,24.377552032470703,175.0,45.0,6.9,-0.33201972823198805,-0.6220583767997442,2,0
-53.24447768354909,-8.70331816617852,0,25.536582946777344,11.345666885375977,2031.0,69.57051086425781,48.0,339.0,4.8,0.304627204405381,1.2718632197422264,2,0
118.2247913738464,51.08692004288309,0,-3.460791826248169,15.052916526794434,391.0,110.24652862548828,11.0,849.0,6.1,-2.9407081444946206,-1.7408420057630436,1,0
6.097886731876116,16.4578473371665,0,28.77574920654297,14.44833278656006,190.0,151.9811553955078,0.0,419.0,7.9,-3.4322814285082814,2.7683613074761335,1,0
75.10334714878795,47.00258397253082,0,5.659291744232178,11.05441665649414,150.0,23.317562103271484,27.0,420.0,8.0,-2.048101797052981,-1.4662914652446482,1,0
-47.31875899044592,-15.593046570874105,0,21.301958084106445,11.470916748046877,1426.0,84.9140625,21.0,929.0,5.4,-0.7839715587627276,0.5745027101280994,2,0
72.4311289127248,23.737244112576924,0,26.829500198364254,14.171667098999023,620.0,155.0831298828125,4.0,110.0,7.3,-2.883406610968611,2.803052866107495,1,0
-111.92410331883268,47.39579172043522,0,7.52595853805542,13.888583183288574,341.0,60.071475982666016,36.0,1225.0,6.8,-2.374458397312017,-1.423336270428745,1,0
123.99075289814148,-30.387681493303155,0,18.95425033569336,14.873167037963867,213.0,28.50624656677246,37.0,288.0,7.9,-2.230123019692822,0.2387691302805637,1,0
113.61423607201256,30.729772828288965,0,16.694374084472656,8.018750190734863,1146.0,52.77580261230469,111.0,25.0,6.9,-0.3395990657313671,0.270113118463771,2,0
-107.54141649229156,38.64830884162537,0,5.739166736602783,18.375,342.0,22.508808135986328,70.0,2326.0,7.3,-3.0911449113618343,-2.7974520125076823,1,0
122.90568780935712,7.534523165941387,0,27.182811737060547,8.019999504089355,2434.0,51.62228775024414,221.0,39.0,5.5,1.4883176828075697,1.310885800024527,2,0
2.453506948802058,17.776597190412602,0,28.920166015625,14.306333541870115,125.0,147.58578491210938,0.0,391.0,8.0,-3.43160240456585,2.7498959376725782,1,0
-49.32813090474762,-21.65774350300054,0,22.099040985107425,11.630083084106444,1240.0,69.80652618408203,90.0,396.0,5.4,-0.37379258093628887,0.7989377561192409,2,0
-1.8139514071877445,33.1115533341688,0,16.151708602905273,13.706417083740234,243.0,39.9874153137207,23.0,1252.0,8.1,-2.6271333995003587,-0.642446965558169,1,0
133.6014575761235,42.92578762313786,0,5.110041618347168,10.290749549865724,762.0,64.7376480102539,58.0,202.0,5.4,-0.7677800458449396,-1.0381930647133593,2,0
26.75286882325389,21.479306899157077,0,23.14695930480957,16.07841682434082,5.0,63.55317306518555,0.0,518.0,8.2,-3.099763601814581,1.0269909092460787,1,0
128.2733573274964,50.35349171379904,0,-0.2720832824707031,11.890167236328123,539.0,95.86832427978516,19.0,167.0,6.0,-1.9299459973207345,-1.1295311814011078,1,0
-109.20335239330738,39.19923781368112,0,11.445667266845703,17.58449935913086,246.0,21.950693130493164,49.0,1474.0,7.9,-2.9903639431380773,-1.5026946693177472,1,0
131.0003212745161,47.85108053425849,0,1.9929165840148928,12.29699993133545,597.0,95.63941955566406,20.0,126.0,6.4,-2.0734975346554085,-0.8096562180698232,1,0
-93.7387975655848,46.21608031583303,0,4.872250080108643,11.123666763305664,713.0,55.88263702392578,57.0,377.0,5.5,-0.9198957628506016,-1.281100647832464,2,0
20.38488434818524,38.11701297198682,0,17.741666793823242,7.266666889190674,830.0,76.6442642211914,24.0,18.0,5.5,-0.24733097747653973,0.6197038985593833,2,0
75.80422951101531,21.389484301209244,0,25.308250427246094,13.078999519348145,867.0,127.97216033935548,9.0,658.0,7.1,-2.3926706301022493,1.8715561454248442,1,0
-9.530135764537704,17.93791532572618,0,29.15250015258789,14.625834465026855,87.0,130.6645050048828,1.0,255.0,7.8,-3.1812973740831056,2.657124211183052,1,0
-4.792812371603475,21.140084600418994,0,28.691707611083984,14.788583755493164,19.0,102.36074829101562,0.0,271.0,7.9,-2.999251710108958,2.252362419802726,1,0
-44.07318565212054,-3.8666338080380456,0,27.292207717895508,10.542916297912598,1847.0,86.32296752929688,78.0,55.0,5.3,0.12895975780205976,1.8595184319309968,2,0
75.9446505527979,18.065797870728872,0,26.83708381652832,13.231999397277832,758.0,107.37287902832033,10.0,525.0,7.7,-2.4461936180392243,1.9231113599582506,1,0
32.78093714325141,-2.917717069503226,0,22.95633316040039,10.513833045959473,929.0,69.86351013183594,23.0,1141.0,6.4,-1.201755026606141,0.42371156417982764,1,0
16.088786303242756,-5.583295661197127,0,23.22429084777832,10.23224925994873,1559.0,65.86116027832031,26.0,760.0,5.2,-0.14271405384500302,0.6433332751646421,2,0
110.70206782235374,27.335579062612677,0,12.926541328430176,7.505917072296143,1544.0,51.2272834777832,174.0,1202.0,5.5,0.3536550718394819,-1.177098669725885,2,0
65.7863967815988,28.2220920927387,0,20.82699966430664,14.851666450500488,154.0,72.1466293334961,8.0,1327.0,7.9,-3.0560875726469745,0.23128045382439402,1,0
3.70461117630046,8.788915180701451,0,25.925416946411133,11.332999229431152,1124.0,77.26753234863281,22.0,372.0,6.2,-0.9366562140090028,1.4350313671757309,2,0
-63.93115267057901,-7.785086354265466,0,25.929000854492188,10.573667526245115,2305.0,61.15876388549805,122.0,85.0,4.0,1.2964421908406805,1.2815345164256908,2,0
122.1398478557953,-20.709902872658105,0,26.95612525939941,15.509249687194824,374.0,100.26335906982422,10.0,247.0,7.7,-2.813353903802803,2.0737812709106542,1,0
142.82310056184411,-13.738998418446036,0,26.09791755676269,10.34866714477539,1328.0,119.21755981445312,7.0,112.0,5.9,-0.9720141602674444,2.1501975405611,2,0
25.41735173577905,43.55689148572164,0,11.90220832824707,11.764416694641112,553.0,24.84235000610352,105.0,84.0,7.2,-1.1523659512524502,-0.5869261502604434,1,0
56.76172757256714,28.837263721295663,0,15.113916397094728,11.10550022125244,186.0,84.037841796875,10.0,2188.0,7.7,-2.891479930571242,-0.989926632913104,1,0
97.94176578052654,32.34450998342198,0,-2.1197917461395264,12.62125015258789,595.0,93.28981018066406,18.0,4551.0,6.6,-3.5116666864031743,-4.5587653593712885,1,0
23.32237236987981,-30.09798835294168,0,17.96324920654297,16.63800048828125,260.0,67.83570861816406,21.0,1044.0,8.0,-3.2036537623481203,0.11501846080816928,1,0
-109.9829619903673,40.232232561167855,0,8.137207984924316,17.334917068481445,209.0,28.115272521972656,35.0,1550.0,7.9,-3.1709262089866423,-1.8452217465702105,1,0
95.06316242249711,36.90118781554403,0,5.56220817565918,15.110583305358888,39.0,85.20648193359375,3.0,2687.0,7.9,-4.00869423597438,-2.3067441473369907,1,0
-97.41635728937295,29.838810692960717,0,19.455707550048828,12.685583114624023,932.0,32.81592559814453,173.0,171.0,6.2,-0.3975778860308295,0.1995906805875035,2,0
13.136929113538883,5.369796148966458,0,23.54537582397461,9.703083038330078,1540.0,72.23662567138672,32.0,718.0,5.3,-0.15261949065589106,0.7771349075030126,2,0
32.241529708947354,6.995381189263966,0,27.87237548828125,13.340749740600586,870.0,78.64775848388672,12.0,423.0,6.4,-1.4611081016719014,1.6760532665996197,1,0
116.82903695021574,41.07588192256845,0,7.5720415115356445,13.336750030517578,477.0,120.80239868164062,6.0,695.0,7.0,-2.901721710747613,-0.2370171887996821,1,0
55.80577775174004,41.55588447018173,0,12.78041648864746,11.980000495910645,125.0,51.54414367675781,11.0,204.0,7.8,-2.240918041175261,-0.15274495994095688,1,0
85.20329884566337,37.84723455577176,0,10.45383358001709,16.90333366394043,35.0,94.57049560546876,0.0,1422.0,7.7,-3.8324376103253632,-0.6832570986695982,1,0
17.0484320816866,-24.51675552992172,0,17.272916793823242,15.470666885375977,189.0,119.97488403320312,1.0,1389.0,8.9,-4.1984682316321695,0.475104884323553,1,0
149.7987102672006,-30.247983429141165,0,18.917875289916992,14.97641658782959,653.0,37.51757049560547,118.0,237.0,6.9,-1.4225247409929955,0.2763418948453759,1,0
28.165718973028163,16.79136563358579,0,25.97425079345703,16.41033363342285,70.0,183.93072509765625,0.0,468.0,8.3,-4.36921068415828,2.876842995102886,1,0
68.74492695153995,31.337784712651548,0,15.247958183288574,13.872249603271484,242.0,63.15476608276367,14.0,1899.0,7.8,-2.9900021756990816,-0.9483936586753452,1,0
-83.08070611560834,34.84350744024426,0,14.892583847045898,13.34749984741211,1551.0,10.016311645507812,359.0,337.0,5.2,0.9075094191718343,-0.8839531532853041,2,0
90.77580556499066,26.48251911526402,0,24.507667541503903,9.336833953857422,2889.0,100.01264190673828,35.0,46.0,5.4,0.45705115425166076,1.8315882906050716,2,0
32.55855041097439,-4.871931107321593,0,23.2916259765625,11.808250427246094,1001.0,93.0954360961914,3.0,1176.0,5.6,-1.3029266065751033,0.71489882549626,1,0
124.96219429392389,48.92296360210617,0,0.7116250395774841,13.260250091552734,488.0,117.7638931274414,8.0,274.0,6.6,-2.6964707665263297,-0.751931526466649,1,0
17.075017407389254,47.62553182120725,0,10.266833305358888,9.467833518981934,564.0,27.936729431152344,91.0,116.0,6.3,-0.5296769368067353,-0.855287318897926,2,0
24.18381003696828,13.279448390779235,0,22.234832763671875,17.83416748046875,492.0,155.139404296875,0.0,1305.0,7.0,-3.7857275216409776,1.4589226265353092,1,-1
98.8027429632653,12.441304725316868,0,26.88949966430664,8.013166427612305,3127.0,97.11555480957033,51.0,54.0,5.5,0.8495516440913691,2.03685193971915,2,0
24.753639038397864,-15.072279688385766,0,20.66170883178711,15.139249801635742,804.0,114.53778839111328,0.0,1168.0,5.9,-2.308939073688346,0.7746357956927148,1,0
-67.32166470932191,0.4197594911689819,0,26.264083862304688,9.807332992553713,2860.0,23.283641815185547,548.0,96.0,4.6,3.0654133416735494,0.5320690543472368,0,0
-55.22534456468283,-2.0416854073822748,0,26.852832794189453,8.410499572753906,1785.0,66.79624938964844,130.0,4.0,5.5,0.6804941206847973,1.5244976793523108,2,0
-61.08833648466975,-25.83339801785938,0,21.88629150390625,13.09041690826416,818.0,64.47737121582031,47.0,136.0,6.1,-1.1114077175163395,0.9898637908996141,1,0
91.9407063095839,40.55668419988134,0,9.126625061035156,15.704083442687988,22.0,92.56744384765624,0.0,1312.0,8.0,-3.7761926549342393,-0.7785709730219478,1,0
22.432134828681825,1.7570606569588492,0,24.90595817565918,10.024083137512209,1825.0,31.491832733154297,242.0,449.0,4.7,1.362270889414404,0.42392541101990433,2,0
51.27503088163189,11.915282751013637,0,25.146875381469727,7.814583301544189,51.0,129.98263549804688,0.0,170.0,5.5,-1.2433848430800767,1.9515806484770009,2,0
-80.75486936454774,-3.815529733103368,0,24.81745147705078,10.010265350341797,184.0,130.04281616210938,2.0,36.0,7.3,-2.2633588420449207,2.2026500743943846,1,0
-88.04503091014952,40.32195860261084,0,10.53933334350586,11.444000244140623,980.0,26.469221115112305,158.0,224.0,6.2,-0.37418975666942034,-0.9138760041345884,2,0
23.916620734797878,41.07384873773416,0,13.653499603271484,10.401666641235352,521.0,28.95103454589844,80.0,327.0,7.2,-1.1186041617405225,-0.5330979222201164,1,0
-107.41968865161104,43.94118066196169,0,7.286041736602783,16.16408348083496,295.0,45.44539260864258,41.0,1448.0,7.2,-2.8021460391725483,-1.7250570386598776,1,0
96.17101233465364,39.68475322578151,0,2.5077083110809326,15.605416297912598,113.0,92.12165832519533,5.0,2722.0,7.8,-4.140666019231676,-2.5777803540674427,1,0
110.4797436822952,-7.777901258871822,0,26.305084228515625,8.418832778930664,2095.0,73.26841735839844,100.0,118.0,5.6,0.5914781224358159,1.518677026239562,2,0
-9.551721052219063,5.458045385910246,0,25.60777473449707,9.814690589904783,3498.0,59.858001708984375,329.0,18.0,5.5,1.9649433404737529,1.2824278446318311,0,0
-117.2876976539088,44.09839521570253,0,10.278541564941406,15.19041633605957,289.0,39.26301574707031,36.0,747.0,7.3,-2.3989832466355505,-0.9591191646513604,1,0
106.83380021692972,25.95989585880583,0,14.602582931518556,7.973499774932861,1204.0,70.94830322265625,68.0,1236.0,5.9,-0.5569027008503186,-0.667470746745162,2,0
110.21585552780246,36.16476686379172,0,10.339083671569824,12.217499732971191,514.0,89.77981567382812,11.0,985.0,8.3,-2.979659882543895,-0.459875645017317,1,0
54.00564642401344,28.101404605795917,0,22.40862464904785,13.946083068847656,269.0,114.23291015625,7.0,832.0,8.0,-3.1920910079507547,1.2893363969452754,1,0
-65.46406043426278,-41.16278155179437,0,14.205583572387695,13.50783348083496,244.0,23.16604232788086,46.0,178.0,7.8,-1.9596565078167083,-0.3131377465633838,1,0
-69.38978671382017,-24.613415221568104,0,14.247124671936035,15.09191608428955,7.0,42.22471237182617,0.0,2277.0,8.2,-3.407974408812094,-1.5484088907183815,1,0
139.3178481361026,-8.044812926691094,0,27.207040786743164,7.505417346954346,1767.0,64.65135955810547,122.0,11.0,5.6,0.7626099008484154,1.5252930096451573,2,0
0.9778554121539004,5.918095368693997,0,27.073610305786133,6.019444942474365,920.0,72.4373550415039,64.0,1.0,5.5,0.3425657261505657,1.556936407737081,2,0
19.814812818393108,28.60884611040769,0,20.21091651916504,13.18966579437256,18.0,55.26794052124024,0.0,255.0,8.2,-2.5766525878589377,0.7336649403642385,1,0
113.2833566788138,34.33449414637351,0,13.755958557128906,10.451250076293944,671.0,82.05170440673828,28.0,360.0,7.4,-1.8639154398881506,0.18141487736775166,1,0
126.48539033604148,-23.331575327524924,0,25.159542083740234,14.757583618164062,284.0,68.26178741455078,20.0,363.0,7.8,-2.4951510243277775,1.3697319701764525,1,0
-61.65905140730173,-34.64985366354003,0,16.03008270263672,12.98900032043457,974.0,51.78776931762695,86.0,91.0,6.4,-1.0154588328426009,0.2164600969110184,2,0
28.960494735469386,2.8515903083145915,0,24.13483428955078,11.133500099182127,1781.0,42.16103363037109,160.0,836.0,5.5,0.3454408420594555,0.334733436481628,2,0
39.81220355394311,2.8821137812959208,0,25.133249282836918,10.04050064086914,358.0,116.9681396484375,5.0,687.0,7.5,-2.2958324844222067,1.6197015241833532,1,0
-78.80885487141543,38.02101956211381,0,12.235041618347168,12.400750160217283,1129.0,13.62032985687256,233.0,401.0,5.0,0.4415838909707565,-1.1371366173221786,2,0
-66.39728850404771,-10.91699334522555,0,26.868457794189453,10.085249900817873,1730.0,63.70663070678711,84.0,139.0,4.9,0.5411712686217046,1.4182113258176032,2,0
123.29074617296492,44.1669910462625,0,6.553708076477051,12.360416412353516,446.0,120.16533660888672,6.0,152.0,7.9,-3.0426310071141667,0.08717757185697075,1,0
107.80715222813356,32.518168073818536,0,10.76129150390625,7.864083290100098,1000.0,69.72041320800781,40.0,1479.0,6.1,-0.9512714223886513,-1.2674683433525706,2,0
74.04445101688987,30.454600088379685,0,24.42925071716309,14.041500091552734,324.0,116.78477478027344,16.0,179.0,7.8,-2.8647989615602834,2.0135342177501894,1,0
-37.56917277891384,-11.778395803838702,0,25.067651748657227,8.4007568359375,1523.0,53.27388381958008,185.0,8.0,5.1,0.9935924307144336,1.057502954919682,2,0
69.39913137827284,46.47011690874647,0,6.8124165534973145,13.033499717712402,150.0,31.027626037597656,22.0,321.0,8.2,-2.4681788493100285,-1.1081095565361627,1,0
31.20357887707144,2.1023157713982954,0,24.600584030151367,10.409667015075684,1013.0,45.76472854614258,83.0,782.0,5.5,-0.17520762742808274,0.4614642315896156,2,0
-50.28766222223415,1.938621783475277,0,26.83392906188965,7.22261905670166,2427.0,72.48994445800781,67.0,20.0,5.5,0.9276226821996222,1.6640712853598134,2,0
17.317489236291863,18.13089412547661,0,27.391542434692383,15.231083869934082,38.0,120.1453628540039,0.0,362.0,8.2,-3.4304491862824533,2.292490748354547,1,0
34.29765522023288,50.89121355484114,0,6.629291534423828,8.51675033569336,611.0,27.6146240234375,113.0,174.0,6.8,-0.6183467580057116,-1.3054351977961258,2,0
143.59425072816248,-21.73335727097157,0,24.296749114990234,15.211333274841309,438.0,90.0693359375,24.0,286.0,8.1,-2.8349644667414635,1.64025680624011,1,0
142.3656733217398,44.54397202150136,0,4.750041484832764,7.759416580200195,1134.0,33.657745361328125,180.0,238.0,5.0,0.6332093523920591,-1.6508737091510148,2,0
-121.20099118648147,37.31710670804196,0,16.352792739868164,14.593250274658203,407.0,87.47949981689453,6.0,301.0,6.7,-2.33263804239229,0.6174895343236025,1,0
27.472430861000248,50.34138933542935,0,6.750583171844482,8.171667098999023,659.0,38.08601379394531,107.0,229.0,6.5,-0.5518557232659177,-1.224011422923024,2,0
0.3529081625482035,28.439343683028447,0,24.860042572021484,15.036916732788086,16.0,38.04108810424805,1.0,342.0,8.4,-2.6728430754185895,1.025287332392129,1,0
90.2327824300974,50.52471788526557,0,-8.100749969482422,11.145999908447266,310.0,80.50871276855469,19.0,2858.0,6.7,-3.003552634681193,-4.168705052505973,1,0
52.63026786590149,19.412701993815688,0,28.549707412719727,13.68191623687744,72.0,82.62843322753906,4.0,205.0,8.1,-2.6646876211648016,2.0340669938622233,1,0
130.841578961052,51.09499405775245,0,-3.6302082538604736,15.69225025177002,681.0,91.9844207763672,24.0,538.0,5.3,-2.213085400413654,-1.7848130760384007,1,0
-46.88482321574746,-21.718662770164524,0,19.71162414550781,11.874250411987305,1458.0,74.83901977539062,75.0,906.0,5.4,-0.5890542839586387,0.2544559626704325,2,0
-42.3392235857596,-13.123116684757782,0,24.28037452697754,13.267250061035156,783.0,90.62576293945312,5.0,550.0,6.3,-1.7094884553554839,1.3219410885912986,1,0
-60.57375409267046,5.637554482425195,0,23.732458114624023,9.006916046142578,2012.0,45.06661605834961,288.0,547.0,4.8,1.4956640550247435,0.3469536553464253,2,0
80.06104712157435,29.457804205446102,0,19.5987491607666,10.956500053405762,1707.0,108.2284927368164,91.0,1242.0,6.1,-1.0494443071848703,0.43929197517314944,2,0
127.38343849349091,-30.05394755382663,0,19.045833587646484,15.922499656677246,170.0,22.28556060791016,33.0,233.0,7.8,-2.286724164185624,0.22909369896579404,1,0
19.074057454328823,13.640569811483305,0,29.63387489318848,15.149916648864746,338.0,151.4639434814453,0.0,361.0,7.5,-3.2399980097797934,2.898600046062773,1,0
-50.61898817622922,-12.967560616000362,0,26.18691635131836,12.03516674041748,1552.0,85.4540786743164,14.0,215.0,5.4,-0.5252319650923079,1.6811393055046662,2,0
39.075642750687024,22.92172027639148,0,28.795917510986328,13.601166725158691,66.0,101.73323059082033,1.0,51.0,8.0,-2.77561272805344,2.403878921572394,1,0
104.97752398184151,48.38344166897783,0,-0.8859583139419556,14.474583625793455,289.0,112.94632720947266,7.0,1198.0,7.3,-3.5285235471877607,-1.6128363607361924,1,0
85.67859556954005,49.9473006660076,0,-5.28529167175293,8.14525032043457,628.0,57.62153625488281,49.0,2334.0,5.5,-1.3353862111658916,-3.902613834657575,2,-1
-118.40213601019072,44.3547008164222,0,3.440333366394043,14.907333374023438,500.0,37.54436111450195,69.0,1861.0,5.9,-1.966487052215229,-2.68447367811623,1,-1
19.4055581057834,-0.9343449095538928,0,25.42791748046875,9.474166870117188,1993.0,25.8000602722168,347.0,341.0,4.6,1.978450112946667,0.39162778815455,0,0
-0.5773109231572846,13.4860624331952,0,28.43112564086914,14.441916465759276,543.0,132.11927795410156,0.0,313.0,6.4,-2.347891442543337,2.485189368399353,1,0
-102.14707666756811,22.017709040647567,0,16.894582748413086,17.84583282470703,468.0,101.26473236083984,16.0,1976.0,7.3,-3.613213182496747,-0.28740034204407056,1,0
55.575103255604006,19.8486782049386,0,28.188167572021484,14.29383373260498,97.0,86.36266326904297,3.0,109.0,8.1,-2.7641361723911846,2.1276614297159786,1,0
112.09806994243836,42.97987331719751,0,4.297375202178955,13.62125015258789,186.0,110.20247650146484,5.0,1109.0,8.0,-3.612064910637436,-0.9817338744728615,1,0
131.4357485178423,-20.620247880017637,0,25.00566673278809,15.377666473388672,362.0,103.78740692138672,13.0,446.0,7.4,-2.7919163824931346,1.7252039290636818,1,0
-49.59754902677139,-28.240047036763254,0,12.793749809265137,9.366166114807127,1704.0,16.510822296142578,340.0,1471.0,5.1,1.119729901034459,-1.9435991367397283,2,0
-59.44802167558218,-34.98909840024248,0,17.129499435424805,13.001667022705078,1097.0,26.418197631835938,174.0,43.0,7.0,-0.6605417651534727,0.03606005116676184,2,0
138.04749893562007,-19.486932026411765,0,25.32933235168457,16.03350067138672,456.0,106.84537506103516,13.0,265.0,7.6,-2.903991698918298,1.9696184595636734,1,0
100.74240187015369,32.39355994023631,0,-0.8245832324028015,13.454500198364258,725.0,90.15028381347656,15.0,4194.0,6.4,-3.325166803664097,-4.1716485350278285,1,0
110.00369143631036,-1.2620142883456111,0,27.1386833190918,7.326014041900635,3386.0,25.365039825439453,564.0,28.0,4.9,3.617171740511084,0.7010332299652773,0,0
123.99896214646073,44.33921004356807,0,5.851083278656006,11.934833526611328,466.0,119.29229736328124,8.0,181.0,7.9,-2.978934533093641,-0.032309498094019624,1,0
120.37444088287089,41.97586230315039,0,6.947666645050049,12.540666580200195,475.0,119.30880737304688,7.0,622.0,7.6,-3.0302977608795105,-0.24531752760645353,1,0
-104.56087301814824,22.618486053217588,0,22.71337509155273,17.023584365844727,812.0,112.36751556396484,19.0,1100.0,6.3,-2.6151840426094233,1.079057955750001,1,0
101.5473919516958,4.573125015331655,0,21.03708267211914,8.787667274475098,2952.0,29.8104305267334,497.0,1040.0,4.8,2.5777613746747376,-0.6216914177168567,0,0
49.45036655898082,32.848360898341205,0,13.58133316040039,14.000333786010742,319.0,86.65760040283203,3.0,2024.0,7.7,-3.2777136824829554,-0.9248566615672464,1,0
106.36205718963896,41.08325315582612,0,4.415208339691162,12.678750038146973,140.0,96.1811752319336,6.0,1784.0,8.2,-3.621729350118133,-1.6535539422652952,1,0
134.07294590772142,-22.069658405779407,0,23.20245742797852,14.720417022705078,238.0,50.6263313293457,25.0,506.0,7.8,-2.3918634612134624,0.8210213111208154,1,0
74.24490904225735,25.14060400762008,0,25.399917602539062,13.31999969482422,559.0,148.45643615722656,6.0,497.0,7.4,-2.8976332442109243,2.257624333759231,1,0
-89.61678257856208,15.22649754584934,0,20.438499450683597,8.363332748413086,2253.0,71.27752685546875,171.0,1154.0,5.8,0.4041538434883784,0.037367037763593715,2,0
-61.390509090017616,-0.5477039035184958,0,26.63716697692871,8.610666275024414,2438.0,35.50373077392578,414.0,42.0,4.0,2.7967364505266774,0.7806339256500051,0,0
113.92162882502068,36.793059715339744,0,11.666208267211914,12.003250122070312,605.0,108.6183624267578,14.0,588.0,7.4,-2.553390765269485,0.14862226618282662,1,0
-13.688254408409051,22.532534341079334,0,24.8886661529541,13.7611665725708,45.0,111.44525909423828,3.0,281.0,8.1,-3.0989511554629434,1.9273267710396706,1,0
120.1588567956084,27.01254895163391,0,17.32724952697754,7.170666694641113,1582.0,54.60275650024414,142.0,272.0,5.5,0.6448630422543887,0.06704901467415576,2,0
-66.65995943993931,-35.480676113626714,0,16.07724952697754,17.31766700744629,393.0,53.06517028808594,31.0,357.0,7.4,-2.628344959548669,0.20868145160852666,1,0
55.291908134426336,31.52984668228041,0,20.3925838470459,16.151166915893555,112.0,94.12804412841795,2.0,1003.0,7.8,-3.3911115902641944,0.7174434266759152,1,0
133.76489406329017,-1.055575734725899,0,19.386083602905277,8.2586669921875,3045.0,18.60869407653809,592.0,1437.0,5.0,2.861619181753812,-1.3123896065831984,0,0
93.69183991899064,23.556356849759787,0,18.28445816040039,9.608416557312012,1792.0,87.84716796875,43.0,1238.0,5.6,-0.5370673787875753,0.030978371615189196,2,0
23.212936910555925,3.9085548115752857,0,25.084125518798828,10.864083290100098,1672.0,43.65955352783203,150.0,476.0,5.4,0.4494693516573329,0.7126874754969413,2,0
152.09107194262157,-27.8348671952758,0,16.888334274291992,11.254666328430176,768.0,45.718223571777344,100.0,617.0,6.6,-0.9812837772732883,-0.20712109613649793,2,0
-77.01518660701105,43.69141999969175,0,8.921500205993652,8.038166999816895,965.0,14.678001403808594,208.0,73.0,5.5,0.7022764151527546,-1.2970645259672653,2,0
14.16009812218516,-1.6180444996682084,0,24.17479133605957,10.054750442504885,1941.0,57.038028717041016,71.0,602.0,5.2,0.36498619648781133,0.744201027225274,2,0
-1.1075289485787465,10.302769878301618,0,28.405292510986328,11.943416595458984,1002.0,96.70035552978516,7.0,129.0,6.4,-1.3063726904844446,2.1602408222034213,1,0
-118.2356633894196,34.83581891843723,0,16.928625106811523,15.989250183105469,188.0,84.16866302490234,7.0,754.0,7.6,-3.1233788955780946,0.38054922571833477,1,0
114.4422988430882,35.83449270227194,0,14.077958106994627,10.785083770751951,552.0,106.08856964111328,17.0,82.0,7.8,-2.355233638276796,0.7555671500409394,1,0
134.07484416264225,-27.629533520909064,0,20.89316749572754,13.682000160217283,206.0,35.35060501098633,32.0,291.0,7.3,-1.840230782718456,0.4697226475331193,1,0
28.06149291845074,-21.269973372249552,0,21.009292602539062,14.47658348083496,429.0,98.5355453491211,2.0,941.0,6.9,-2.6029830438476393,0.8102593678818876,1,0
-93.68876439390894,36.59983954389195,0,13.588708877563477,12.870749473571776,1121.0,22.56935310363769,197.0,387.0,6.0,-0.24523028445000103,-0.752544884352117,2,0
43.535846419152335,30.73679155300247,0,23.3908748626709,14.951583862304688,90.0,100.1414566040039,0.0,354.0,7.9,-3.0990765471432913,1.5863714624835705,1,0
26.74542291636789,-29.88406001188559,0,14.968125343322754,16.73324966430664,586.0,62.2446174621582,40.0,1543.0,7.0,-2.6931217374440877,-0.7165200158028765,1,0
-90.47836844914612,43.25059198714994,0,7.483250141143799,11.9375,836.0,42.39847946166992,89.0,296.0,6.0,-0.8841998909828066,-1.0627488209301,2,0
63.12580694745554,27.60538472690707,0,24.22333335876465,15.164999961853027,63.0,93.57544708251952,2.0,714.0,8.1,-3.2397958857833316,1.345296541413056,1,0
-78.06004837844543,47.56392983293549,0,1.9701666831970213,11.533166885375977,961.0,27.684789657592773,166.0,332.0,5.2,-0.15114939817105222,-2.0062573347896353,2,0
40.00802359469458,15.204398765054911,0,24.04212188720703,10.385286331176758,266.0,67.29669189453125,21.0,11.0,7.5,-1.6508245348459167,1.3761723472842957,1,0
55.71276033207934,33.7681155470351,0,21.91958236694336,12.43066692352295,104.0,89.46205139160156,0.0,706.0,7.3,-2.474778121452687,0.9333736733861772,1,0
-86.23444676025952,37.22360469717919,0,13.51645851135254,12.775750160217283,1296.0,14.798304557800291,268.0,206.0,5.4,0.4635185083592568,-0.8167974644823209,2,0
-5.255194638278695,41.06191173103344,0,11.861624717712402,12.011916160583496,414.0,32.441650390625,60.0,820.0,7.0,-1.5865779645889189,-1.0247273732020885,1,0
-69.66873125856603,-11.417630327593471,0,24.532459259033203,11.150083541870115,1818.0,55.08019256591797,137.0,324.0,5.0,0.5319110496585178,0.9060965504944157,2,0
-9.429013562276609,21.43956522374686,0,27.374292373657227,14.836915969848633,26.0,98.7965850830078,0.0,372.0,8.0,-3.06557846775753,1.9965989069791468,1,0
-92.45738522625896,33.300358637055744,0,17.173500061035156,13.139333724975586,1322.0,11.858647346496582,285.0,39.0,5.0,0.8081315621942134,-0.3584550581369894,2,0
80.78010481824404,48.79915255297482,0,2.4801249504089355,12.428083419799805,352.0,26.646936416625977,63.0,758.0,7.1,-1.8343990059423523,-2.079196677368918,1,0
109.0428124884109,33.25838001482284,0,12.026583671569824,9.060999870300291,813.0,68.83641815185547,30.0,938.0,6.8,-1.3739078487829073,-0.6658559538745433,1,0
-62.24196818992058,7.5815035541847635,0,25.862998962402344,9.892833709716797,1456.0,61.25619125366211,120.0,204.0,5.8,0.11918595509770454,1.2344081869133923,2,0
148.91631885362528,-24.331110381958897,0,21.602375030517575,13.774582862854004,623.0,52.3363037109375,70.0,272.0,6.7,-1.4248015846330457,0.7296702565088794,1,0
-67.78911261314182,-27.813912853163096,0,13.911041259765623,15.066583633422852,108.0,103.9230499267578,4.0,2229.0,7.8,-3.8143631869853807,-0.8160952947012389,1,0
71.84220498620883,38.654663819805045,0,3.7125415802001953,12.185583114624023,376.0,51.030216217041016,29.0,2893.0,6.4,-2.4014056091808245,-3.2528924863192326,1,-1
112.11291063301456,-2.5004474510723966,0,26.970916748046875,8.510334014892578,2674.0,22.94853782653809,461.0,27.0,5.0,2.764757633341564,0.7212972389794464,0,0
36.193157645469086,17.326261817909923,0,29.24420928955078,15.08708381652832,113.0,149.92652893066406,0.0,510.0,8.1,-3.6464269840882237,2.749405018583667,1,0
15.989013666179403,-8.666137723893605,0,21.208749771118164,13.52150058746338,1222.0,81.35955047607422,7.0,1152.0,5.6,-1.3396484701960465,0.4099811315899072,1,0
111.45099483109408,48.13636020024794,0,-1.017875075340271,14.264416694641112,319.0,113.81248474121094,8.0,1225.0,7.4,-3.5444084164906013,-1.6326578737465578,1,0
19.723765977114624,3.3074327528501826,0,24.34429168701172,10.644416809082031,1718.0,44.786258697509766,136.0,516.0,5.6,0.335360704552825,0.6410359661861934,2,0
18.31232208196332,4.7770920369949295,0,25.381500244140625,11.164166450500488,1464.0,65.1726303100586,59.0,409.0,5.4,-0.16790990542956424,1.1315943491829943,2,0
144.26366215007607,-25.898535412758907,0,22.320541381835938,13.91925048828125,386.0,53.4246940612793,44.0,251.0,5.7,-1.1840194707428027,0.773058362125273,1,0
128.58195429152826,45.84312567186179,0,2.8200833797454834,12.374833106994627,570.0,103.24075317382812,16.0,150.0,6.3,-2.135418730577238,-0.6466486246766856,1,0
-4.966205184219064,10.046890018503229,0,27.145708084106445,10.49375057220459,1141.0,93.58924102783205,14.0,294.0,6.2,-0.9564531476573194,1.8189442434301792,2,0
99.53179888302662,48.1284706359348,0,-3.8252499103546143,11.837499618530272,215.0,119.13658142089844,3.0,2064.0,7.2,-3.5215145537331316,-2.5727948672697956,1,0
40.14845130480424,7.965861722070116,0,21.117000579833984,13.98033332824707,819.0,58.91569519042969,50.0,1442.0,7.3,-2.088550806149494,-0.030622786495553576,1,0
-74.57867498069982,20.34090400113448,0,25.365781784057617,6.903645992279053,2633.0,36.58321380615234,413.0,87.0,5.6,2.3719270596452584,0.7150062469148701,0,0
43.06741619859844,32.45705577385291,0,22.515291213989254,14.98191738128662,78.0,83.46051025390625,0.0,191.0,7.9,-2.9048545051167487,1.4052208956454293,1,0
26.11854765103658,3.24657921622574,0,22.754125595092773,10.649916648864746,1782.0,44.80606842041016,147.0,655.0,5.4,0.41562811168184954,0.34304667711794373,2,0
10.198170306942645,20.454584054181268,0,26.545000076293945,14.713000297546388,14.0,78.30918884277344,0.0,488.0,8.2,-2.974709511008716,1.5775087968811774,1,0
103.45362217472784,34.78259198812349,0,1.448791742324829,12.299583435058594,618.0,87.71122741699219,8.0,3292.0,7.1,-3.2203289204337175,-3.256939394218695,1,0
100.9494666454086,48.87624614311593,0,-1.0377081632614136,13.64858341217041,273.0,126.33013916015624,4.0,1610.0,7.0,-3.5524605251254795,-1.8095837732270965,1,0
114.10966548563206,-23.437692325361677,0,24.8802490234375,15.907999992370604,233.0,84.79550170898438,3.0,23.0,8.0,-2.9135555790741483,1.8455809603881437,1,0
135.9335765615952,-32.7060931159836,0,17.522083282470703,13.924166679382324,285.0,28.937715530395508,48.0,170.0,7.9,-2.0268477036104384,0.14854704339815494,1,0
-52.44316619733797,-17.35167316237079,0,21.012792587280277,12.631916046142578,1685.0,73.68508911132812,61.0,964.0,5.4,-0.6007659653357017,0.38892573625348426,2,0
-58.75597642185892,-34.121882124647605,0,17.362499237060547,11.10966682434082,1003.0,23.12618637084961,171.0,6.0,5.5,0.27815631489170695,-0.10591418701560616,2,0
42.33107081428679,45.157129085979456,0,10.239791870117188,10.009750366210938,503.0,35.80194854736328,73.0,272.0,6.9,-1.0874824193836203,-0.8110344214694126,1,0
93.16926896301176,38.83190337724992,0,2.5997917652130127,16.526416778564453,22.0,84.91062927246094,1.0,2774.0,8.3,-4.490679685923042,-2.6424740369467465,1,0
37.28268686701193,5.193149923087169,0,22.609832763671875,12.41100025177002,544.0,50.90242767333984,71.0,1135.0,7.3,-1.7369618515491123,0.18831740661588572,1,0
56.16816055786211,39.32446751863565,0,16.38858413696289,11.497166633605955,155.0,53.19821548461914,10.0,46.0,7.6,-1.9663525074688493,0.3625154285173927,1,0
5.165359261586005,21.820197730339565,0,24.8231258392334,14.48425006866455,26.0,98.7965850830078,1.0,715.0,8.3,-3.295734320907956,1.4725407851998487,1,0
-104.61982260529828,34.36601935288028,0,13.769042015075684,17.539417266845703,357.0,64.16445922851562,38.0,1465.0,7.7,-3.268515798940118,-0.7163456437198494,1,0
35.07228961104747,13.507109937400472,0,26.303916931152344,14.159667015075684,611.0,137.25726318359375,0.0,553.0,7.4,-2.887088913782614,2.2063549039312584,1,0
7.528927655527156,29.85832744502685,0,23.95779228210449,15.305583953857422,28.0,48.42989349365234,1.0,289.0,8.2,-2.7312983217321856,1.0850038759935656,1,0
28.69960358434008,50.42682655738006,0,6.84137487411499,8.85141658782959,614.0,41.78125,93.0,221.0,6.8,-0.8829726336140579,-1.1170868216846805,2,0
94.23211104888068,29.292243986900665,0,2.201791524887085,10.97558307647705,584.0,89.65470886230469,15.0,4123.0,5.8,-2.6803731609638954,-3.8993087622902234,1,0
-73.93409309582651,9.843272894041178,0,28.29629135131836,11.339917182922363,1472.0,61.77036666870117,79.0,62.0,5.9,-0.15994576038040767,1.6926530015884813,2,0
11.922532472360215,10.280688675765283,0,27.128250122070312,13.442333221435549,884.0,117.3028793334961,0.0,352.0,6.6,-2.001317539593016,2.1504457655548976,1,0
-64.4137503932344,10.340881731064664,0,26.027856826782227,8.85285758972168,732.0,63.26499557495117,45.0,73.0,5.5,-0.16145398252741908,1.3386718396181494,2,0
-6.319336984595324,6.756069391866383,0,25.87270736694336,10.107416152954102,1207.0,53.7015495300293,82.0,231.0,6.0,-0.1642999565447709,1.1555857778109297,2,0
-64.3954692418982,-38.0254463560366,0,15.703624725341797,15.250749588012695,426.0,41.07928085327149,49.0,112.0,7.5,-2.1173657099477765,0.15052478377663045,1,0
-71.81261120806047,-36.96526291052554,0,10.892708778381348,13.381083488464355,1391.0,79.8350601196289,86.0,620.0,6.0,-1.2381505258983894,-0.38628518652500393,1,0
-69.076500946648,-4.340883471950015,0,26.14120864868164,8.663749694824219,2557.0,29.824125289916992,381.0,133.0,4.3,2.643661072301987,0.6507080549285976,0,0
0.6958242088878279,34.52693106483478,0,15.220582962036133,12.99216651916504,313.0,38.931396484375,32.0,1064.0,7.6,-2.194857235197739,-0.6728686600522187,1,0
72.09759129968145,43.544017369116894,0,10.385791778564451,13.144916534423828,230.0,44.29292297363281,21.0,497.0,7.7,-2.337568126742727,-0.7067309925811222,1,0
103.60631679334514,49.63521383604122,0,-2.6795833110809326,14.839333534240724,450.0,110.5624008178711,13.0,1477.0,5.9,-2.94644634432028,-2.1333289850498303,1,0
91.4776882205744,46.58310736689199,0,-1.9915416240692136,11.090916633605955,156.0,77.47164154052734,8.0,2210.0,6.9,-2.8520893716822098,-3.038092690852642,1,0
-84.76064593396796,41.47841482545496,0,9.12916660308838,11.506333351135254,888.0,23.135961532592773,156.0,259.0,6.5,-0.5738941569505486,-1.1195617256152874,2,0
53.42774776224314,36.94446636381587,0,17.5362491607666,8.065999984741211,467.0,48.43047332763672,48.0,-29.0,5.5,-0.16679782895738401,0.2510511584444591,2,0
14.885734692582504,17.346008680180567,0,27.052291870117188,15.582584381103516,55.0,141.9459228515625,0.0,396.0,8.1,-3.6770448870902737,2.4995973876884743,1,0
14.269773511218972,10.35712443086939,0,27.16625022888184,12.807167053222656,814.0,123.44058227539062,0.0,428.0,7.0,-2.209700231854349,2.1829173899033387,1,0
26.28399671564705,15.185777688774174,0,25.169416427612305,17.95833396911621,167.0,175.66661071777344,0.0,985.0,8.2,-4.572123124483495,2.336561267972869,1,0
131.07742459014622,-1.2421756004367095,0,27.504472732543945,6.3547797203063965,3082.0,29.875850677490234,562.0,26.0,5.5,3.2898973198415797,0.7974598893475007,0,0
52.849866800549165,21.473003236475343,0,28.82925033569336,13.681333541870115,71.0,97.17366790771484,2.0,99.0,8.0,-2.74580533453674,2.317092348377389,1,0
-43.26377812957088,-17.548024809040466,0,21.565874099731445,11.980916023254396,1084.0,90.64997863769533,22.0,739.0,5.4,-1.0300986042118663,0.7976397412426411,2,0
-74.51123518635717,3.944921072715992,0,15.946416854858398,8.046333312988281,1593.0,29.46681785583496,303.0,2067.0,5.5,0.7306373229003476,-1.8540836692657716,2,0
25.184041873340647,-33.02927740452454,0,18.66170883178711,14.503582954406738,300.0,32.30436325073242,48.0,358.0,7.5,-1.9880427118533432,0.16129342914119518,1,0
58.146655095505366,38.678184875928885,0,16.89870834350586,11.940083503723145,159.0,62.05847930908203,6.0,78.0,7.7,-2.177245708199122,0.5249619465756157,1,0
118.07941558077889,45.22980784598902,0,1.566666841506958,13.89816665649414,319.0,105.97314453125,8.0,874.0,8.0,-3.5236641466566896,-1.1469339543529764,1,0
115.26563209552378,35.97250046954242,0,13.596875190734863,10.980250358581545,550.0,103.30409240722656,24.0,48.0,7.9,-2.3798988240239307,0.6983857666015841,1,0
0.0380985195543246,19.70178922319277,0,28.56716728210449,14.392499923706056,70.0,130.419921875,1.0,432.0,8.2,-3.3942959286421193,2.4802384008728207,1,0
-60.87588527523543,-3.472670419367091,0,26.86087417602539,8.022083282470703,2353.0,48.98130416870117,237.0,22.0,4.6,1.922390544453998,1.169346559937409,0,0
-63.020580916160704,-15.826285621788234,0,25.60012435913086,10.468916893005373,1167.0,61.54203796386719,108.0,246.0,5.7,-0.1204790402744278,1.170150286098673,2,0
69.17779567038849,38.62450922805255,0,11.761792182922363,10.740583419799805,700.0,79.61290740966797,17.0,1417.0,7.4,-2.233874696372182,-0.8360468183086881,1,0
81.36138510975059,17.406786288092974,0,25.35091590881348,8.964332580566406,1186.0,103.93679809570312,17.0,478.0,5.9,-0.7695506904776721,1.556739764101803,2,0
7.018129319715143,43.94211574252582,0,10.889333724975586,8.057167053222656,856.0,32.01416015625,128.0,882.0,7.0,-0.6276753267087984,-1.2952839926464115,2,0
-47.91627299257807,-18.614861726737363,0,21.46270751953125,11.229249954223633,1505.0,89.00682067871094,20.0,853.0,5.3,-0.6863735582451733,0.6939551019393717,2,0
25.45575208174867,0.6025055724606219,0,24.595582962036133,9.312333106994627,1725.0,30.81138610839844,263.0,463.0,4.5,1.5618977774462472,0.31363869216353085,2,0
-57.23566914796498,-23.77634178037957,0,24.04483413696289,12.071499824523926,1357.0,39.31351852416992,159.0,75.0,5.9,0.05432942523114136,0.8708697909099375,2,0
-45.00758305478664,-3.8589334572880887,0,27.225624084472656,10.314916610717772,1698.0,89.0544662475586,68.0,22.0,5.4,-0.008520654647299807,1.9093220100995494,2,0
-4.724979593039819,27.24897390584362,0,26.101457595825195,15.886417388916016,13.0,52.01398468017578,0.0,398.0,8.2,-2.8487100312382285,1.2975872236577775,1,0
120.44528206029966,-27.539988842909597,0,21.270915985107425,14.470666885375977,218.0,44.982669830322266,24.0,476.0,7.2,-2.0728363121512543,0.5106882387231191,1,0
126.360671828692,-28.760665143471947,0,20.257959365844727,15.504583358764648,192.0,37.4560661315918,29.0,293.0,7.7,-2.334831842215312,0.4941773909748721,1,0
40.48782326756938,43.54188270309053,0,2.650791645050049,9.408249855041504,1424.0,16.95569610595703,273.0,2158.0,5.3,0.27623441012059424,-3.517803261372855,2,-1
72.75640044913447,50.78494608343754,0,2.1319167613983154,10.8100004196167,318.0,32.24623489379883,50.0,565.0,7.0,-1.6241950499021722,-1.939097254699365,1,0
149.47661548974753,-29.21196221430555,0,19.805583953857425,14.134666442871094,557.0,40.37146759033203,87.0,178.0,7.6,-1.747872672650692,0.5057923685447354,1,0
-74.24035118161493,-12.031273746425732,0,18.68487548828125,11.606249809265137,1539.0,41.51178741455078,208.0,1915.0,5.2,0.019212388384528482,-1.1525424029522944,2,0
110.29257800268266,45.38175486851714,0,3.4588332176208496,13.98383331298828,133.0,123.68360137939452,3.0,854.0,7.9,-3.742827192004836,-0.721072506746961,1,0
19.73339344275894,-9.44644529588966,0,21.76449966430664,14.336666107177734,1415.0,75.90924835205078,19.0,1126.0,5.4,-1.1583909595437811,0.4321209755722469,2,0
5.09890792898797,16.91132510456034,0,29.07699966430664,14.366499900817873,170.0,151.18724060058594,0.0,377.0,7.9,-3.40399091781338,2.819709103698126,1,0
73.45378838909161,24.704816981947623,0,23.28199958801269,11.647833824157717,791.0,151.1328887939453,8.0,824.0,7.1,-2.5634754377911992,1.7721923219149007,1,0
122.9064953901364,-27.600991654724417,0,20.519290924072266,14.27341651916504,207.0,46.32560729980469,21.0,521.0,7.5,-2.235686268362548,0.42978512724587026,1,0
144.67931440582328,-34.004554853545564,0,17.510042190551758,14.379083633422852,345.0,11.297045707702637,78.0,89.0,7.3,-1.4961616309219656,-0.0650831369523842,1,0
-79.01481385339598,34.59814432808408,0,16.7569580078125,13.39674949645996,1214.0,22.509654998779297,234.0,33.0,5.5,0.22363945671756674,-0.19014282553268777,2,0
-70.07686167536757,-30.756002631869144,0,0.4748333692550659,11.319833755493164,182.0,57.95578384399414,21.0,3758.0,7.4,-3.2286525479147303,-4.124074146873288,1,0
100.65103514558196,39.485983281790105,0,6.752333641052246,15.083666801452637,176.0,98.1830062866211,6.0,1734.0,8.2,-3.908731933770907,-1.2776992243906853,1,0
62.21897289644159,44.85031172056457,0,9.787041664123535,11.965916633605955,105.0,36.36064910888672,12.0,71.0,7.8,-2.110753635349782,-0.5745893230788081,1,0
48.85621933776332,38.22233752548835,0,13.958916664123535,7.659999847412109,857.0,54.61559295654297,80.0,62.0,7.0,-0.656671777181563,-0.03368009690481396,2,0
73.79585693452486,35.06522923830816,0,-0.8854167461395264,10.44533348083496,665.0,42.92466735839844,81.0,4039.0,6.2,-2.0938954779770973,-4.788639199659093,1,-1
-57.38033166743468,5.338337279867986,0,26.84258270263672,8.58983325958252,2010.0,49.1097297668457,258.0,37.0,4.6,1.7222500582867806,1.1230884339665212,2,0
-2.899241397754864,41.320486469426605,0,10.348041534423828,12.276082992553713,487.0,29.407379150390625,73.0,1165.0,7.5,-1.86973208439909,-1.4497099873289345,1,0
-97.41268155129372,45.13816954364756,0,6.036583423614502,12.474833488464355,539.0,61.34281921386719,38.0,543.0,7.0,-2.0091228034308966,-1.067676518879149,1,0
139.6949651441439,-17.907337759805323,0,26.763999938964844,12.072333335876465,912.0,127.64324188232422,8.0,7.0,6.7,-1.8326348764570888,2.4660167649604268,1,0
104.41687998082534,30.94196413028974,0,16.150833129882812,7.505500316619873,938.0,97.56146240234376,26.0,549.0,7.0,-1.297440040043627,0.42696488629405194,1,0
-115.38813800967876,45.65222229551214,0,2.8335416316986084,16.192249298095703,695.0,28.708341598510746,111.0,1789.0,6.2,-1.9643922908379767,-2.778910514962814,1,-1
15.763111404242522,45.76602825613248,0,10.732291221618652,9.27358341217041,960.0,22.147274017333984,168.0,148.0,6.3,-0.015038617449554835,-0.9400958419034556,2,0
19.925593825824564,-4.02627701203734,0,24.64295768737793,9.103750228881836,1644.0,52.32740020751953,93.0,468.0,5.0,0.6033417083379664,0.7581912058034416,2,0
134.66480492933795,35.62737231235784,0,13.809020042419434,8.449019432067871,1931.0,21.78377723693848,372.0,139.0,4.9,1.8858044034507286,-0.8213797882899716,0,0
48.13703573844916,10.07587283038594,0,23.196916580200195,12.581500053405762,127.0,93.08747100830078,5.0,1016.0,8.1,-2.9262448611143412,0.9473613705429695,1,0
27.77073321212936,27.551148372072923,0,20.96500015258789,14.73716640472412,7.0,50.0817756652832,0.0,245.0,8.0,-2.6421730841138826,0.7792337739916858,1,0
109.26843156563528,48.5373477526606,0,-4.4239583015441895,14.96424961090088,407.0,110.9507293701172,11.0,1892.0,6.8,-3.551561928626037,-2.563878611313628,1,0
54.917344872650034,50.37663938755235,0,5.045291900634766,10.344416618347168,295.0,18.963850021362305,58.0,194.0,7.2,-1.327872906836785,-1.509248540700585,1,0
-68.08719894499623,-13.13409995034792,0,25.644458770751957,10.805083274841309,1950.0,57.403263092041016,176.0,192.0,5.0,0.7974414016737723,1.123822221805442,2,0
130.226013226264,-21.01465484406617,0,25.599750518798828,16.096500396728516,379.0,98.65735626220705,13.0,353.0,7.8,-2.9729293481518746,1.842979734916124,1,0
-12.8206891231454,15.795764526986382,0,29.937707901000977,14.212750434875488,304.0,144.19776916503906,2.0,72.0,6.7,-2.5935492497047514,2.9747395419107363,1,0
20.96901117425864,10.625048270801578,0,27.475040435791016,15.53658390045166,799.0,118.14930725097656,0.0,435.0,6.3,-2.2373470330184415,2.154682373082891,1,0
-77.07096132024012,21.60916983279261,0,26.114999771118164,8.323332786560059,1062.0,55.781551361083984,104.0,4.0,5.5,0.3541145331913254,1.2697578691200089,2,0
17.375205428861506,-29.242287536561264,0,20.057416915893555,15.38949966430664,74.0,32.497676849365234,11.0,349.0,8.3,-2.6655979467586617,0.4168393558989032,1,0
67.99326547057052,37.94236126012307,0,16.53675079345703,13.309666633605955,299.0,88.97381591796875,2.0,666.0,7.6,-2.7297810498722845,0.41669772962711826,1,0
18.841440679860423,10.54556131417518,0,27.67020797729492,14.16825008392334,846.0,116.89603424072266,1.0,466.0,6.5,-2.093629495185211,2.1253072925109313,1,0
84.62856960350666,38.01326149457105,0,11.249750137329102,17.520666122436523,27.0,97.4113540649414,0.0,1257.0,7.9,-3.982568960400772,-0.4103620242011992,1,0
130.5617697406603,-28.79481659348172,0,19.942750930786133,15.53849983215332,190.0,24.141883850097656,34.0,266.0,7.7,-2.1834135961958148,0.3117285517789337,1,0
32.355580691237066,4.621992691165389,0,27.47337532043457,14.102916717529297,1000.0,62.8841438293457,38.0,564.0,6.2,-1.2201522962609543,1.3226921095606112,1,0
-56.41097997230237,-0.7749261665908591,0,26.604999542236328,8.935832977294922,2589.0,47.82162857055664,377.0,112.0,4.1,2.522175023061554,0.9366426104323089,0,0
21.08478946301417,9.94523313819706,0,27.282791137695312,15.297248840332031,856.0,110.2628936767578,1.0,419.0,6.1,-1.9971182325318606,2.0324188730522326,1,0
120.19008691157129,-27.698357033692368,0,20.850292205810547,14.30091667175293,245.0,39.13975524902344,30.0,503.0,7.1,-1.9266444238033578,0.3581048237982566,1,0
-80.5497419081591,48.58658526796045,0,1.0468748807907104,12.850749969482422,808.0,28.262083053588867,137.0,266.0,5.3,-0.5552314197695496,-2.002561036214372,2,0
107.11548557784704,32.1883479581956,0,13.80104160308838,7.442416667938232,1022.0,74.78531646728516,35.0,955.0,5.8,-0.6029655679284791,-0.5040906874254708,2,0
-89.58850838489741,47.0426886448636,0,5.006583213806152,9.467999458312988,842.0,28.216716766357425,136.0,179.0,5.5,-0.032852739719613666,-1.5562472343271048,2,0
37.43181978684311,-2.352223046948808,0,21.866125106811523,11.744916915893556,632.0,91.06838989257812,9.0,1106.0,7.3,-2.212563701405275,0.6701053513766326,1,0
11.997823554822643,16.391264171201648,0,26.814083099365234,14.82800006866455,58.0,164.40142822265625,0.0,422.0,8.3,-3.907756701040805,2.72822634049941,1,0
138.33454817816232,-27.80320164538968,0,22.187833786010746,14.469833374023438,153.0,39.96993637084961,25.0,30.0,7.5,-2.039693505089604,0.8973638727735396,1,0
70.80334183762415,30.63638325876817,0,24.909500122070312,14.209500312805176,195.0,100.290771484375,10.0,137.0,8.2,-2.952863080264011,1.9224971393579426,1,0
16.14794686981827,-22.676254706764357,0,18.136083602905277,14.990833282470703,262.0,119.2369384765625,3.0,1636.0,7.8,-3.6368451797474894,0.2921514393291156,1,0
32.62637215407199,0.4053245664146274,0,21.62445831298828,10.825583457946776,1288.0,33.62086486816406,223.0,1184.0,5.3,0.35435070658533013,-0.4250967017991398,2,0
-76.6911180690654,-3.4663906483757003,0,26.413875579833984,10.160249710083008,2269.0,12.387565612792969,487.0,204.0,4.6,2.6278834382913225,0.3487755946966626,0,0
91.13840182907616,28.47173404927529,0,-4.94279146194458,12.720250129699709,318.0,96.82565307617188,12.0,5485.0,6.6,-4.041200172998363,-5.5368074243404,1,0
0.9997786679102774,6.240780646808631,0,27.275291442871094,7.888583183288574,1018.0,61.47586441040039,84.0,35.0,5.5,0.2918656273725445,1.4500433560768307,2,0
105.2471961736022,32.19041236614975,0,13.992375373840332,7.533750057220459,878.0,94.42374420166016,17.0,1014.0,6.8,-1.4104533909046078,-0.2065847764758227,1,0
122.8493927564171,-24.723198479164783,0,23.798707962036133,15.355916023254396,230.0,69.12569427490234,16.0,409.0,7.8,-2.671448552762568,1.2078968820484142,1,0
-66.13206203506688,-16.419634434813005,0,22.199708938598636,12.005582809448242,2583.0,54.89825820922852,271.0,1089.0,5.2,0.8340145897546775,0.052126822749247154,2,0
-71.73091837808698,44.113327409767386,0,4.137249946594238,11.345832824707031,1314.0,12.997464179992676,273.0,782.0,4.2,0.8900610507041409,-2.4256010644271067,2,0
-114.50738537377914,47.27651764098778,0,4.448958396911621,12.753417015075684,464.0,22.91291046142578,95.0,1552.0,6.0,-1.3791088919929506,-2.589469307955104,1,-1
39.4425682906826,3.77778595786512,0,23.08041763305664,9.993833541870115,474.0,110.51091003417967,16.0,1019.0,6.9,-1.9973138972915847,1.0216772181455283,1,0
-1.8554411676495164,28.47457188323566,0,25.0297908782959,15.563916206359863,12.0,60.3022689819336,0.0,300.0,8.2,-2.8864824173663464,1.3466377439094155,1,0
120.50408885555656,-1.0566859838553029,0,27.096342086791992,8.47317123413086,2069.0,26.52281188964844,358.0,53.0,5.1,2.0776860601450218,0.8096512449638646,0,0
-81.45346299344345,31.38465390971717,0,19.55875015258789,10.809999465942385,1293.0,34.33475875854492,222.0,7.0,5.1,0.7220574630746407,0.21636709071775506,2,0
106.12776945142689,32.868040237976125,0,13.31337547302246,7.716416835784912,846.0,85.77823638916016,18.0,1026.0,5.9,-0.9729729187301792,-0.4614916864760125,2,0
174.175348066671,-36.05546547212905,0,14.620166778564451,7.771999835968018,1462.0,13.555439949035645,317.0,81.0,5.8,1.3052726589208496,-0.7282458368034807,2,0
-68.47068525437366,6.652062112676525,0,27.683500289916992,9.715333938598633,2159.0,81.38436126708984,52.0,72.0,5.2,0.43149843676323263,1.8531816256693536,2,0
-0.820991592295556,27.447730200747507,0,25.47341728210449,15.263500213623049,11.0,56.53693771362305,0.0,237.0,8.3,-2.82120153239525,1.3968112128513321,1,0
112.36695943738968,-7.256816008250091,0,26.866748809814453,9.248167037963867,1707.0,84.97786712646484,46.0,51.0,6.2,-0.24402315805276645,1.8530417406061086,2,0
107.93588418902118,37.51811030660728,0,8.04295825958252,13.876916885375977,363.0,96.29167938232422,8.0,1462.0,8.2,-3.5107590602692014,-0.9689082808977635,1,0
42.3641014036362,18.44253652771101,0,21.855541229248047,12.928417205810549,243.0,65.64127349853516,28.0,1926.0,7.8,-2.706016438912443,-0.24012130659237085,1,0
66.00309917320595,44.496234228812575,0,10.58345890045166,13.085416793823242,147.0,52.10231399536133,9.0,138.0,7.6,-2.340099634941986,-0.3265451677488948,1,0
-6.930145257568128,17.190928086673786,0,29.21329116821289,15.343083381652832,143.0,132.23074340820312,0.0,315.0,7.8,-3.2916677398554173,2.659695273653565,1,0
34.740405215946964,-7.967691614907594,0,21.865333557128903,11.376667022705078,698.0,105.78478240966795,0.0,1070.0,5.8,-1.6279169913882094,0.7748017371920509,1,0
-57.91368567612956,-34.49786665322273,0,17.22614860534668,9.998275756835938,1109.0,20.583154678344727,205.0,19.0,5.5,0.611702563419063,-0.20824945952647886,2,0
17.562824854816427,1.5813717664005722,0,25.078458786010746,9.804583549499512,1711.0,34.20777893066406,213.0,339.0,4.7,1.2574439782793743,0.5701974483926935,2,0
-114.8548000728216,35.69079234192646,0,17.264083862304688,13.174833297729492,210.0,45.488399505615234,20.0,1155.0,7.9,-2.4942222774081584,-0.4057398110653568,1,0
-60.865331595720434,-14.901816254531417,0,25.708499908447266,11.58016586303711,1410.0,72.40370178222656,57.0,204.0,5.2,-0.1846559122945982,1.4010477953543485,2,0
51.6090161274461,18.039426502954107,0,26.62237548828125,12.61775016784668,70.0,69.15827941894531,6.0,511.0,8.1,-2.488714190260452,1.4025881288237756,1,0
85.61964847670893,35.85943819951263,0,-8.706083297729492,13.72516632080078,111.0,122.28778076171876,1.0,5202.0,7.4,-4.953544521602613,-5.356982754000614,1,0
131.91970303294306,-15.1980925406649,0,26.60295867919922,12.95224952697754,871.0,114.3949737548828,6.0,191.0,6.4,-1.7654536940486372,2.1445731054902106,1,0
77.78486981864026,47.472746034540414,0,4.028958320617676,13.087082862854004,265.0,26.34861946105957,49.0,656.0,7.7,-2.2182059933055123,-1.7724387694663262,1,0
22.681140453603035,-33.35180048624197,0,13.79366683959961,13.063000679016112,379.0,23.535982131958008,68.0,1144.0,7.4,-1.8660566107177452,-1.119478823090666,1,0
108.16952466879864,38.46199546087524,0,7.506249904632568,13.967833518981934,316.0,103.77650451660156,8.0,1363.0,8.4,-3.70076593018259,-0.8500904353270966,1,0
