lon,lat,clase,temperatura_media,rango_diurno,precipitacion_anual,estacionalidad_precip,precip_trimestre_seco,elevacion,ph_suelo
118.013054,29.941719,1,14.924833297729492,7.618333339691162,1670.0,54.601158142089844,158.0,429.0,5.4
47.241323,-20.521527,1,16.620458602905273,11.176250457763672,1437.0,87.08092498779297,72.0,1472.0,5.4
121.50318,25.1637,1,20.207000732421875,5.704166889190674,3005.0,26.002685546875,554.0,256.0,4.7
121.741242,24.805763,1,20.652042388916016,5.553583145141602,3160.0,35.26810836791992,509.0,297.0,4.9
120.603078,23.564246,1,19.789417266845703,5.974332809448242,2526.0,91.66825866699219,76.0,748.0,5.2
76.10848,11.539204,1,21.29970932006836,8.423583030700684,3698.0,126.6474380493164,35.0,996.0,5.4
121.570472,24.90008,1,19.543790817260742,5.388583183288574,3065.0,39.15346145629883,453.0,441.0,4.7
81.044597,6.858987,1,21.478166580200195,7.910666465759277,1860.0,57.36178207397461,153.0,1059.0,5.4
48.41779,-18.934869,1,19.01799964904785,10.473166465759277,1900.0,68.70507049560547,193.0,1003.0,4.9
-43.5096,-20.433706,1,17.450000762939453,11.352999687194824,1518.0,81.60735321044922,56.0,1258.0,5.1
120.650688,23.421033,1,20.209625244140625,5.978083610534668,2588.0,93.1470947265625,75.0,665.0,4.9
136.547928,35.072211,1,14.943375587463379,8.698083877563477,1781.0,49.221988677978516,186.0,55.0,5.4
121.11706,24.704932,1,20.3680419921875,6.200250148773193,2285.0,55.598121643066406,184.0,311.0,5.1
55.445554,-4.637608,1,26.01388931274414,5.563756465911865,2358.0,41.766082763671875,338.0,226.0,5.6
29.354467,-1.831263,1,15.873083114624023,10.090832710266113,1517.0,44.35922622680664,124.0,2244.0,4.9
121.361803,24.982822,1,21.199501037597656,6.2226667404174805,2529.0,32.551124572753906,364.0,103.0,4.9
121.355369,24.984564,1,21.199501037597656,6.2226667404174805,2529.0,32.551124572753906,364.0,103.0,5.1
138.327559,34.920329,1,14.825666427612305,7.847833633422852,2118.0,41.26893997192383,235.0,184.0,5.0
140.331192,35.714615,1,14.85925006866455,8.270166397094727,1393.0,39.527984619140625,170.0,33.0,5.5
48.420667,-18.937668,1,19.01799964904785,10.473166465759277,1900.0,68.70507049560547,193.0,1003.0,4.7
48.413811,-18.937717,1,19.079750061035156,10.926166534423828,1766.0,72.35250854492188,168.0,968.0,4.8
120.913011,24.469458,1,20.038084030151367,6.1579999923706055,2290.0,73.99282836914062,110.0,411.0,5.4
121.091653,29.621447,1,14.500499725341797,7.516000270843506,1378.0,46.77227020263672,149.0,432.0,5.7
47.231113,-20.51806,1,16.620458602905273,11.176250457763672,1437.0,87.08092498779297,72.0,1472.0,5.3
135.749987,33.859433,1,13.164833068847656,7.381999969482422,2148.0,48.595306396484375,204.0,564.0,5.3
80.695411,7.16255,1,19.980499267578125,8.117500305175781,2346.0,34.60593795776367,417.0,1280.0,5.0
91.729644,24.306395,1,24.813833236694336,10.642666816711426,2325.0,82.21497344970703,45.0,18.0,5.5
80.631269,7.250304,1,24.388166427612305,8.46833324432373,2352.0,38.60660171508789,403.0,562.0,5.4
-84.290576,33.779895,1,16.429332733154297,11.482500076293945,1309.0,15.549148559570312,277.0,307.0,5.2
131.271003,33.968811,1,15.713288307189941,7.150450229644775,1714.0,53.30907440185547,191.0,34.0,5.5
120.936265,23.923351,1,20.758499145507812,6.6641669273376465,2474.0,80.86075592041016,113.0,519.0,5.1
121.335183,24.846179,1,19.85416603088379,5.7804999351501465,2685.0,42.74913787841797,318.0,356.0,5.3
-84.322764,33.776581,1,16.429332733154297,11.482500076293945,1309.0,15.549148559570312,277.0,307.0,5.2
80.631233,7.252367,1,24.388166427612305,8.46833324432373,2352.0,38.60660171508789,403.0,562.0,5.3
121.498848,25.172383,1,20.425954818725586,5.729217052459717,2945.0,24.2525577545166,606.0,109.0,4.7
81.061928,6.866136,1,21.478166580200195,7.910666465759277,1860.0,57.36178207397461,153.0,1059.0,5.5
135.773906,34.999919,1,15.328916549682617,8.96933364868164,1577.0,46.65379333496094,183.0,70.0,5.5
-43.521111,-20.439722,1,17.450000762939453,11.352999687194824,1518.0,81.60735321044922,56.0,1258.0,5.0
-43.502495,-20.433433,1,17.450000762939453,11.352999687194824,1518.0,81.60735321044922,56.0,1258.0,5.0
-43.506889,-20.426947,1,17.450000762939453,11.352999687194824,1518.0,81.60735321044922,56.0,1258.0,5.1
48.417854,-18.938232,1,19.01799964904785,10.473166465759277,1900.0,68.70507049560547,193.0,1003.0,4.8
76.89992,11.375382,1,19.51216697692871,9.40233325958252,1032.0,68.01504516601562,25.0,1277.0,6.4
135.981095,34.576262,1,12.968708038330078,8.704583168029785,1743.0,48.84344482421875,171.0,444.0,5.4
88.376832,27.04801,1,20.51474952697754,8.180999755859375,3253.0,111.30546569824219,39.0,1123.0,5.2
88.3388,27.110226,1,21.30816650390625,8.559000015258789,3202.0,109.14115905761719,39.0,1001.0,5.3
139.35933,35.556163,1,14.993499755859375,9.02316665649414,1577.0,45.80933380126953,160.0,95.0,5.5
138.406045,34.992735,1,15.925185203552246,8.277036666870117,2186.0,41.97844314575195,240.0,46.0,5.5
48.414458,-18.933233,1,19.079750061035156,10.926166534423828,1766.0,72.35250854492188,168.0,968.0,4.9
-55.601802,-27.352558,1,21.264375686645508,11.48941707611084,1721.0,15.898633003234863,341.0,131.0,5.2
48.414808,-18.932656,1,19.079750061035156,10.926166534423828,1766.0,72.35250854492188,168.0,968.0,4.9
48.416261,-18.935261,1,19.079750061035156,10.926166534423828,1766.0,72.35250854492188,168.0,968.0,4.9
119.331207,35.38237,1,12.771750450134277,9.074832916259766,857.0,100.43504333496094,37.0,69.0,6.7
119.453033,30.345483,1,11.748000144958496,7.291500091552734,1540.0,49.454139709472656,155.0,927.0,5.6
139.187897,35.810608,1,12.722999572753906,9.332499504089355,1402.0,55.609901428222656,118.0,382.0,5.4
80.578301,7.317687,1,24.439958572387695,8.175250053405762,2548.0,36.06209945678711,394.0,534.0,5.3
-122.61525,45.504972,1,11.911375045776367,10.971917152404785,1079.0,57.76248550415039,91.0,51.0,5.5
41.733029,41.716654,1,13.841464042663574,7.729268550872803,2220.0,32.084903717041016,342.0,102.0,5.5
122.38545,29.857617,1,16.669727325439453,5.389455795288086,1246.0,38.003379821777344,172.0,50.0,6.0
76.809904,11.354559,1,15.485166549682617,9.856332778930664,1130.0,65.04066467285156,33.0,1941.0,6.1
120.846444,24.372847,1,19.703832626342773,6.269499778747559,2375.0,77.03093719482422,109.0,530.0,5.3
121.287497,24.824337,1,19.032041549682617,5.607083320617676,2599.0,51.7043571472168,246.0,549.0,5.0
121.120181,23.994688,1,16.626625061035156,6.078916549682617,2333.0,63.64126205444336,154.0,1350.0,5.0
98.513212,18.585231,1,20.900999069213867,11.0,1077.0,80.8754653930664,24.0,1271.0,5.6
91.686215,22.702952,1,25.41866683959961,9.118999481201172,2798.0,101.93879699707031,31.0,41.0,5.5
80.698512,7.043347,1,18.547666549682617,8.148833274841309,2289.0,27.787918090820312,423.0,1515.0,5.3
121.555017,25.124194,1,20.207000732421875,5.704166889190674,3005.0,26.002685546875,554.0,256.0,5.2
121.541388,24.912228,1,19.543790817260742,5.388583183288574,3065.0,39.15346145629883,453.0,441.0,4.8
80.562767,6.860533,1,20.1875,7.863833427429199,3218.0,40.558311462402344,371.0,1229.0,5.3
80.41075,7.031658,1,24.873374938964844,7.473916530609131,3929.0,41.15221405029297,438.0,427.0,5.3
105.133614,21.930788,1,23.023958206176758,7.5595831871032715,1725.0,84.34660339355469,78.0,64.0,5.5
88.300155,26.819019,1,24.338417053222656,9.433499336242676,3252.0,112.35737609863281,27.0,251.0,5.5
105.133622,21.930758,1,23.023958206176758,7.5595831871032715,1725.0,84.34660339355469,78.0,64.0,5.5
80.533458,6.339814,1,23.437458038330078,6.492416858673096,3506.0,33.9451789855957,544.0,636.0,5.3
139.440499,35.64451,1,14.841291427612305,8.569916725158691,1527.0,46.71638488769531,152.0,84.0,5.5
120.778542,24.570308,1,21.494958877563477,6.607916355133057,1817.0,62.90656661987305,104.0,98.0,5.4
-43.224167,-22.966667,1,22.786882400512695,9.90216064453125,1160.0,51.41621398925781,126.0,130.0,5.5
128.72504,35.151489,1,13.289351463317871,9.286905288696289,1480.0,73.140380859375,100.0,160.0,5.5
139.302553,35.715594,1,14.05774974822998,9.369000434875488,1462.0,50.854068756103516,138.0,166.0,5.7
80.787483,6.972928,1,16.08074951171875,8.20383358001709,1936.0,29.025165557861328,320.0,1933.0,5.5
138.373861,34.990134,1,15.925185203552246,8.277036666870117,2186.0,41.97844314575195,240.0,46.0,5.1
120.844506,24.444961,1,20.038084030151367,6.1579999923706055,2290.0,73.99282836914062,110.0,411.0,5.1
120.698517,23.463411,1,17.483875274658203,5.856082916259766,2323.0,87.1006851196289,79.0,1203.0,5.2
48.414851,-18.927863,1,19.079750061035156,10.926166534423828,1766.0,72.35250854492188,168.0,968.0,4.9
120.778182,24.39771,1,20.215375900268555,6.27091646194458,2250.0,77.43557739257812,92.0,416.0,5.5
88.38,26.74,1,25.07183265686035,10.167499542236328,3218.0,113.56514739990234,24.0,124.0,5.6
88.29,27.07,1,18.310667037963867,8.494166374206543,2970.0,113.22860717773438,39.0,1551.0,5.5
88.29,26.69,1,24.756624221801758,10.02591609954834,3003.0,112.56322479248047,23.0,152.0,5.6
88.33,27.06,1,18.310667037963867,8.494166374206543,2970.0,113.22860717773438,39.0,1551.0,5.3
121.585305,24.763655,1,18.141416549682617,5.211000442504883,3060.0,43.6811408996582,434.0,788.0,5.0
80.575997,7.589497,1,25.909000396728516,8.283833503723145,1856.0,55.31163024902344,213.0,313.0,5.4
-84.33023,33.76987,1,16.429332733154297,11.482500076293945,1309.0,15.549148559570312,277.0,307.0,5.2
121.175724,24.839103,1,20.632917404174805,6.415499687194824,2255.0,42.20901870727539,249.0,239.0,5.2
91.892982,26.792483,1,23.85016632080078,9.743666648864746,2462.0,93.80606079101562,42.0,164.0,5.3
120.733904,23.808157,1,21.869667053222656,6.501333713531494,2264.0,89.85883331298828,85.0,211.0,5.5
121.359895,25.090642,1,20.514699935913086,5.743287086486816,2654.0,24.302160263061523,479.0,142.0,5.0
120.805439,24.12941,1,20.60849952697754,6.2975006103515625,2266.0,81.70225524902344,94.0,417.0,5.3
81.049107,6.873133,1,21.478166580200195,7.910666465759277,1860.0,57.36178207397461,153.0,1059.0,5.4
120.690033,23.494172,1,17.483875274658203,5.856082916259766,2323.0,87.1006851196289,79.0,1203.0,4.8
120.659524,23.560954,1,19.789417266845703,5.974332809448242,2526.0,91.66825866699219,76.0,748.0,5.0
120.710703,23.627378,1,18.191875457763672,5.840583324432373,2403.0,86.80683898925781,85.0,1030.0,5.0
48.413998,-18.937772,1,19.079750061035156,10.926166534423828,1766.0,72.35250854492188,168.0,968.0,4.8
135.332275,35.505147,1,13.928775787353516,8.305989265441895,1828.0,17.789657592773438,389.0,161.0,5.0
139.460956,35.639549,1,14.841291427612305,8.569916725158691,1527.0,46.71638488769531,152.0,84.0,5.5
-84.303185,33.802017,1,16.429332733154297,11.482500076293945,1309.0,15.549148559570312,277.0,307.0,5.5
135.781103,34.965267,1,15.328916549682617,8.96933364868164,1577.0,46.65379333496094,183.0,70.0,5.5
-84.314095,33.798338,1,16.429332733154297,11.482500076293945,1309.0,15.549148559570312,277.0,307.0,5.3
126.647177,37.224601,1,11.642117500305176,8.636937141418457,1230.0,82.45149993896484,88.0,16.0,5.5
88.346473,27.292471,1,17.21270751953125,9.49708366394043,2455.0,105.9245376586914,42.0,1785.0,5.2
80.405,6.991,1,25.686290740966797,7.270082950592041,4338.0,41.996070861816406,463.0,277.0,5.3
117.948158,27.652366,1,18.146541595458984,9.148917198181152,1756.0,65.27096557617188,172.0,280.0,5.2
80.522138,6.851416,1,20.1875,7.863833427429199,3218.0,40.558311462402344,371.0,1229.0,5.0
80.567715,6.829122,1,18.887916564941406,7.5500006675720215,2983.0,40.153541564941406,345.0,1442.0,5.2
119.540642,35.784317,1,12.3482084274292,9.021916389465332,794.0,97.44100189208984,35.0,121.0,6.8
135.672347,35.016789,1,14.561249732971191,8.837166786193848,1619.0,43.462154388427734,207.0,176.0,5.6
-84.290478,33.780727,1,16.429332733154297,11.482500076293945,1309.0,15.549148559570312,277.0,307.0,5.2
131.561888,33.566897,1,14.468832969665527,7.244166374206543,1805.0,55.982975006103516,178.0,205.0,5.1
139.460908,35.639556,1,14.841291427612305,8.569916725158691,1527.0,46.71638488769531,152.0,84.0,5.5
80.418122,6.441278,1,24.148082733154297,6.4654998779296875,4074.0,34.54012680053711,586.0,507.0,5.2
92.346847,24.471418,1,24.387041091918945,10.143083572387695,2653.0,78.59735107421875,64.0,58.0,5.1
121.496077,24.942928,1,21.068500518798828,5.993833541870117,2789.0,33.47024917602539,414.0,129.0,4.9
80.656678,7.012242,1,21.605459213256836,8.133417129516602,2859.0,26.88181495666504,457.0,999.0,5.1
139.637964,35.443589,1,15.777360916137695,7.985092639923096,1638.0,41.65011215209961,175.0,22.0,5.5
81.062027,6.866071,1,21.478166580200195,7.910666465759277,1860.0,57.36178207397461,153.0,1059.0,5.5
121.305732,23.341234,1,20.77145767211914,5.575916767120361,2156.0,62.8791389465332,188.0,604.0,5.7
135.752595,33.859908,1,14.29283332824707,7.53249979019165,2089.0,47.104103088378906,205.0,345.0,5.4
106.074248,15.1743,1,23.523500442504883,9.059999465942383,2175.0,97.09696960449219,19.0,753.0,5.5
98.596198,19.320079,1,21.270458221435547,10.674416542053223,1138.0,82.979736328125,26.0,1198.0,5.6
80.522216,6.364203,1,23.437458038330078,6.492416858673096,3506.0,33.9451789855957,544.0,636.0,5.2
120.690651,23.468048,1,17.483875274658203,5.856082916259766,2323.0,87.1006851196289,79.0,1203.0,4.7
121.632672,24.939972,1,20.223207473754883,5.4375834465026855,3190.0,30.962108612060547,555.0,317.0,4.7
81.046158,6.876242,1,21.478166580200195,7.910666465759277,1860.0,57.36178207397461,153.0,1059.0,5.4
80.362817,6.013959,1,26.621166229248047,5.470000267028809,2738.0,34.6272087097168,379.0,47.0,5.0
119.172485,25.902109,1,18.378374099731445,6.622250080108643,1396.0,61.12679672241211,113.0,348.0,5.5
121.501185,25.160178,1,20.207000732421875,5.704166889190674,3005.0,26.002685546875,554.0,256.0,4.7
120.796946,23.67237,1,18.488250732421875,5.788000106811523,2420.0,84.40406799316406,95.0,979.0,5.0
29.099318,-2.44472,1,16.66112518310547,9.362915992736816,1692.0,47.877906799316406,107.0,1980.0,4.9
121.260292,24.967622,1,21.31362533569336,6.57408332824707,2275.0,31.46595573425293,324.0,118.0,5.5
80.401351,6.989459,1,25.686290740966797,7.270082950592041,4338.0,41.996070861816406,463.0,277.0,5.3
135.715661,35.020221,1,14.561249732971191,8.837166786193848,1619.0,43.462154388427734,207.0,176.0,5.6
120.732609,22.773926,1,19.607666015625,5.857499599456787,3433.0,100.34947967529297,90.0,825.0,5.1
120.761679,22.694929,1,16.45629119873047,5.486083030700684,3427.0,93.08245849609375,150.0,1435.0,5.2
120.694485,22.607399,1,18.1704158782959,5.652832984924316,3939.0,101.17862701416016,125.0,1121.0,5.0
39.699952,43.696673,1,12.795833587646484,8.0600004196167,1653.0,25.55557632446289,322.0,301.0,5.1
104.767258,25.364456,1,15.24174976348877,9.080833435058594,1241.0,80.62857818603516,65.0,1573.0,6.2
120.637794,23.487836,1,20.209625244140625,5.978083610534668,2588.0,93.1470947265625,75.0,665.0,5.0
55.437241,-4.659547,1,26.01388931274414,5.563756465911865,2358.0,41.766082763671875,338.0,226.0,5.6
104.057006,10.628012,1,24.145042419433594,7.358249664306641,2738.0,75.04228210449219,83.0,669.0,5.1
28.916588,41.008869,1,14.387499809265137,8.125166893005371,697.0,47.266658782958984,86.0,79.0,5.5
55.629253,-21.29627,1,17.095375061035156,6.393249988555908,1552.0,50.785369873046875,193.0,1156.0,5.5
133.811165,34.794112,1,13.5892915725708,8.62358283996582,1499.0,56.082611083984375,138.0,272.0,5.5
120.950352,23.984536,1,20.758499145507812,6.6641669273376465,2474.0,80.86075592041016,113.0,519.0,5.3
135.787292,35.026792,1,14.383916854858398,8.640166282653809,1646.0,43.41466522216797,213.0,187.0,5.3
80.427089,6.989785,1,24.643917083740234,7.440667152404785,4223.0,43.378753662109375,453.0,441.0,5.2
94.2154,26.5394,1,23.88654136657715,10.184415817260742,2055.0,77.92736053466797,67.0,111.0,5.4
121.554496,25.163558,1,20.207000732421875,5.704166889190674,3005.0,26.002685546875,554.0,256.0,4.8
120.9856,23.92595,1,20.758499145507812,6.6641669273376465,2474.0,80.86075592041016,113.0,519.0,5.2
121.368697,24.976713,1,21.199501037597656,6.2226667404174805,2529.0,32.551124572753906,364.0,103.0,4.8
80.647805,7.09462,1,22.20866584777832,8.190500259399414,2745.0,28.487342834472656,484.0,910.0,5.2
80.620128,7.118111,1,22.20866584777832,8.190500259399414,2745.0,28.487342834472656,484.0,910.0,5.2
133.802787,34.040235,1,13.357833862304688,7.371166706085205,1838.0,53.634498596191406,176.0,446.0,5.6
172.6415,-43.514028,1,12.215291976928711,10.258749961853027,809.0,25.350391387939453,161.0,22.0,5.5
120.930772,24.007264,1,19.957500457763672,6.297833442687988,2482.0,80.68724060058594,115.0,629.0,5.2
120.797154,23.67501,1,18.488250732421875,5.788000106811523,2420.0,84.40406799316406,95.0,979.0,5.0
48.417589,-18.935594,1,19.01799964904785,10.473166465759277,1900.0,68.70507049560547,193.0,1003.0,4.9
139.668348,35.732392,1,15.615541458129883,8.039416313171387,1466.0,45.43366622924805,143.0,34.0,5.5
120.93138,24.007011,1,19.957500457763672,6.297833442687988,2482.0,80.68724060058594,115.0,629.0,5.2
120.617685,23.584572,1,21.089332580566406,6.259500026702881,2447.0,91.79638671875,81.0,425.0,4.9
135.134352,34.673466,1,14.717000007629395,8.383166313171387,1383.0,50.254024505615234,139.0,215.0,5.6
120.883407,23.804178,1,20.391292572021484,6.092416763305664,2457.0,83.34398651123047,102.0,565.0,5.0
140.09708,36.115592,1,13.889958381652832,8.865083694458008,1332.0,45.106361389160156,134.0,32.0,5.6
80.771809,7.39261,1,21.061250686645508,8.1274995803833,2239.0,66.63548278808594,176.0,1107.0,5.2
94.21,26.75,1,23.9204158782959,10.180167198181152,2264.0,78.76507568359375,71.0,99.0,5.5
94.91,27.47,1,23.500791549682617,9.909250259399414,2703.0,80.20610809326172,78.0,105.0,5.5
95.33,27.47,1,23.281875610351562,9.692583084106445,2590.0,76.21218872070312,87.0,121.0,5.4
95.27,27.3,1,23.338958740234375,9.646249771118164,2496.0,76.07422637939453,85.0,119.0,5.5
95.3268,27.5741,1,23.168790817260742,9.641583442687988,2629.0,76.46257781982422,88.0,120.0,5.2
121.508981,25.131753,1,20.207000732421875,5.704166889190674,3005.0,26.002685546875,554.0,256.0,5.3
175.663935,-40.414538,1,13.144791603088379,9.11441707611084,1243.0,16.955524444580078,256.0,51.0,5.3
106.52357,26.384918,1,14.913249969482422,8.254666328430176,1144.0,71.36436462402344,62.0,1220.0,5.6
39.189465,40.943542,1,12.055749893188477,7.746166706085205,886.0,21.70362663269043,185.0,624.0,6.1
106.52356,26.384923,1,14.913249969482422,8.254666328430176,1144.0,71.36436462402344,62.0,1220.0,5.6
121.417686,24.824978,1,16.833499908447266,5.2833333015441895,2844.0,46.995689392089844,365.0,1038.0,4.9
121.00669,23.92651,1,18.30145835876465,6.048083305358887,2337.0,72.42207336425781,129.0,1021.0,5.2
55.629091,-21.296861,1,17.095375061035156,6.393249988555908,1552.0,50.785369873046875,193.0,1156.0,5.5
120.650344,23.419871,1,20.209625244140625,5.978083610534668,2588.0,93.1470947265625,75.0,665.0,4.9
48.413272,-18.93199,1,19.079750061035156,10.926166534423828,1766.0,72.35250854492188,168.0,968.0,4.9
139.330615,35.603949,1,14.064374923706055,9.095083236694336,1493.0,49.52802658081055,142.0,200.0,5.5
139.354963,35.691842,1,14.514333724975586,9.182833671569824,1487.0,49.31095886230469,146.0,106.0,5.5
120.955794,24.547261,1,19.058082580566406,5.871333599090576,2393.0,68.2485580444336,143.0,621.0,4.9
132.468853,34.400244,1,15.888641357421875,8.567008972167969,1913.0,51.544586181640625,192.0,19.0,5.5
88.360358,26.849185,1,22.40508270263672,8.234167098999023,3629.0,111.48767852783203,35.0,693.0,5.3
121.593572,24.944211,1,20.223207473754883,5.4375834465026855,3190.0,30.962108612060547,555.0,317.0,4.8
121.80434,24.612218,1,21.90279197692871,5.782583713531494,2909.0,35.73944854736328,462.0,122.0,4.8
127.07768,34.717497,1,12.684416770935059,9.369333267211914,1451.0,73.05927276611328,110.0,240.0,5.6
39.84046,43.643453,1,11.851916313171387,8.652999877929688,1680.0,23.75621795654297,340.0,434.0,5.2
92.71,24.66,1,24.450458526611328,10.387582778930664,2537.0,77.65597534179688,64.0,46.0,5.5
92.77,24.73,1,24.690750122070312,10.45716667175293,2443.0,77.39181518554688,64.0,27.0,5.6
122.102492,30.030172,1,16.382043838500977,6.606357097625732,1274.0,40.33953094482422,167.0,81.0,5.5
122.215073,30.007923,1,16.4042911529541,6.486249923706055,1257.0,39.636661529541016,167.0,79.0,5.9
48.417683,-18.938255,1,19.01799964904785,10.473166465759277,1900.0,68.70507049560547,193.0,1003.0,4.8
122.110706,30.032349,1,16.382043838500977,6.606357097625732,1274.0,40.33953094482422,167.0,81.0,5.5
-79.228251,0.111032,1,24.19791603088379,7.959833145141602,2492.0,74.94066619873047,184.0,243.0,5.3
139.468063,35.631648,1,14.841291427612305,8.569916725158691,1527.0,46.71638488769531,152.0,84.0,5.5
-83.187697,33.117031,1,17.51104164123535,13.704750061035156,1169.0,17.606937408447266,237.0,115.0,5.1
135.187605,34.714962,1,14.828125,8.169146537780762,1409.0,49.071441650390625,147.0,214.0,5.4
104.738426,22.627228,1,19.41695785522461,7.785083293914795,1734.0,93.64818572998047,60.0,863.0,5.5
88.26,26.86,1,20.637958526611328,8.52691650390625,3340.0,115.14910125732422,35.0,1100.0,5.4
88.28,27.06,1,18.310667037963867,8.494166374206543,2970.0,113.22860717773438,39.0,1551.0,5.4
88.27,27.07,1,18.310667037963867,8.494166374206543,2970.0,113.22860717773438,39.0,1551.0,5.3
89.05,26.87,1,24.536083221435547,8.680000305175781,4103.0,105.19757080078125,44.0,246.0,5.4
121.114879,24.763618,1,20.788124084472656,6.214916706085205,2116.0,48.23344421386719,201.0,196.0,5.1
121.008736,24.644319,1,19.4375,5.938666343688965,2368.0,62.97378921508789,161.0,523.0,5.1
121.424035,25.135704,1,20.966041564941406,5.832250118255615,2825.0,25.096942901611328,528.0,78.0,4.8
120.96011,23.85649,1,18.613540649414062,5.935083389282227,2434.0,78.0635986328125,117.0,946.0,5.0
138.406845,34.989137,1,15.925185203552246,8.277036666870117,2186.0,41.97844314575195,240.0,46.0,5.1
120.790051,23.729314,1,18.488250732421875,5.788000106811523,2420.0,84.40406799316406,95.0,979.0,5.0
122.130494,30.041738,1,16.382043838500977,6.606357097625732,1274.0,40.33953094482422,167.0,81.0,5.8
120.877747,24.498342,1,20.038084030151367,6.1579999923706055,2290.0,73.99282836914062,110.0,411.0,5.1
120.878464,24.499436,1,20.038084030151367,6.1579999923706055,2290.0,73.99282836914062,110.0,411.0,5.0
121.601212,25.123531,1,20.091333389282227,5.44183349609375,3200.0,23.424787521362305,649.0,290.0,4.8
141.059203,38.371563,1,11.376834869384766,7.044543266296387,1154.0,47.34709930419922,124.0,59.0,5.7
134.315262,33.995045,1,12.403666496276855,6.741166591644287,1995.0,53.5750732421875,179.0,616.0,5.3
139.439936,35.626661,1,14.841291427612305,8.569916725158691,1527.0,46.71638488769531,152.0,84.0,5.5
139.448625,35.639967,1,14.841291427612305,8.569916725158691,1527.0,46.71638488769531,152.0,84.0,5.5
139.700674,35.672564,1,15.615541458129883,8.039416313171387,1466.0,45.43366622924805,143.0,34.0,5.5
139.468121,35.63259,1,14.841291427612305,8.569916725158691,1527.0,46.71638488769531,152.0,84.0,5.7
138.398987,34.981945,1,15.925185203552246,8.277036666870117,2186.0,41.97844314575195,240.0,46.0,5.1
121.86572,29.830008,1,16.049636840820312,6.744746208190918,1284.0,42.032623291015625,161.0,135.0,5.9
139.41026,35.914367,1,14.329333305358887,9.388166427612305,1426.0,51.425357818603516,137.0,74.0,5.9
-43.509722,-20.433611,1,17.450000762939453,11.352999687194824,1518.0,81.60735321044922,56.0,1258.0,5.1
39.83039,43.635702,1,13.045207977294922,8.21641731262207,1659.0,25.128353118896484,323.0,241.0,5.3
137.276078,35.434168,1,12.59375,8.978666305541992,2172.0,48.95522689819336,229.0,460.0,5.0
39.008972,40.916675,1,12.689916610717773,7.256333351135254,948.0,23.06734275817871,195.0,457.0,5.9
120.098853,30.243578,1,16.43570899963379,7.885916709899902,1337.0,43.31958770751953,155.0,63.0,5.8
139.680367,35.658753,1,15.699874877929688,7.690249919891357,1508.0,43.9100341796875,151.0,27.0,5.5
122.219162,30.00605,1,16.4042911529541,6.486249923706055,1257.0,39.636661529541016,167.0,79.0,6.0
-75.529724,39.116394,1,13.097167015075684,11.035833358764648,1142.0,12.27847957611084,254.0,13.0,5.5
135.464278,35.504372,1,13.774211883544922,8.142117500305176,1873.0,17.769990921020508,400.0,187.0,5.3
-43.510887,-20.434247,1,17.450000762939453,11.352999687194824,1518.0,81.60735321044922,56.0,1258.0,5.0
81.060678,6.867715,1,21.478166580200195,7.910666465759277,1860.0,57.36178207397461,153.0,1059.0,5.5
139.434986,35.607887,1,14.841291427612305,8.569916725158691,1527.0,46.71638488769531,152.0,84.0,5.7
120.934355,23.84987,1,18.613540649414062,5.935083389282227,2434.0,78.0635986328125,117.0,946.0,5.4
131.470997,33.285647,1,13.428166389465332,7.396500110626221,2082.0,60.180850982666016,190.0,447.0,5.7
139.452852,35.628851,1,14.841291427612305,8.569916725158691,1527.0,46.71638488769531,152.0,84.0,5.5
135.473555,34.854153,1,14.083374977111816,8.803916931152344,1475.0,46.36396789550781,165.0,280.0,5.4
131.369574,33.263014,1,11.855957984924316,7.326916694641113,2334.0,62.292503356933594,218.0,711.0,5.4
139.122314,34.911189,1,15.627893447875977,6.56550931930542,1958.0,38.26677703857422,232.0,194.0,5.2
134.034829,33.887663,1,9.09666633605957,6.7139997482299805,2297.0,53.79229736328125,214.0,1158.0,5.0
139.30249,35.755485,1,13.764333724975586,9.444167137145996,1420.0,52.66718673706055,130.0,189.0,5.8
139.460924,35.63959,1,14.841291427612305,8.569916725158691,1527.0,46.71638488769531,152.0,84.0,5.5
120.119968,30.253518,1,16.79395866394043,8.158416748046875,1332.0,43.56989669799805,156.0,18.0,6.0
139.468495,35.632072,1,14.841291427612305,8.569916725158691,1527.0,46.71638488769531,152.0,84.0,5.6
121.592329,24.985419,1,20.223207473754883,5.4375834465026855,3190.0,30.962108612060547,555.0,317.0,4.8
121.32843,24.870713,1,20.67304229736328,6.145583152770996,2388.0,40.45592498779297,279.0,194.0,5.0
121.326212,24.869513,1,20.67304229736328,6.145583152770996,2388.0,40.45592498779297,279.0,194.0,5.1
120.882435,23.919064,1,20.23204231262207,6.198749542236328,2461.0,82.95626831054688,105.0,597.0,5.0
121.492715,24.946876,1,21.068500518798828,5.993833541870117,2789.0,33.47024917602539,414.0,129.0,5.5
120.97547,23.992707,1,20.758499145507812,6.6641669273376465,2474.0,80.86075592041016,113.0,519.0,5.3
121.263616,29.752143,1,15.742792129516602,7.426249980926514,1269.0,45.35197067260742,143.0,184.0,5.5
55.410456,-21.211179,1,18.448041915893555,6.105416774749756,1570.0,50.45746994018555,210.0,988.0,5.5
127.074958,34.718472,1,12.684416770935059,9.369333267211914,1451.0,73.05927276611328,110.0,240.0,5.6
117.418679,29.466828,1,17.061792373657227,8.327750205993652,1642.0,57.48677062988281,164.0,107.0,5.5
129.066523,35.488379,1,12.032958030700684,9.22974967956543,1339.0,72.9229736328125,94.0,321.0,5.8
127.123856,36.45379,1,11.884916305541992,10.35099983215332,1283.0,84.54431915283203,93.0,66.0,5.5
120.914694,24.565364,1,20.8365421295166,6.2597503662109375,2036.0,65.28087615966797,119.0,221.0,5.1
120.914633,24.561642,1,20.8365421295166,6.2597503662109375,2036.0,65.28087615966797,119.0,221.0,5.1
120.914694,24.561583,1,20.8365421295166,6.2597503662109375,2036.0,65.28087615966797,119.0,221.0,5.1
88.082784,27.133819,1,11.201457977294922,9.264583587646484,1995.0,91.7181167602539,51.0,2807.0,5.4
135.786972,35.011531,1,14.383916854858398,8.640166282653809,1646.0,43.41466522216797,213.0,187.0,5.5
119.542838,28.46305,1,16.33566665649414,8.64033317565918,1620.0,50.82966232299805,162.0,428.0,5.7
120.668932,22.688547,1,20.110584259033203,5.840832710266113,3579.0,102.26438903808594,94.0,765.0,5.1
121.514372,25.126418,1,20.207000732421875,5.704166889190674,3005.0,26.002685546875,554.0,256.0,5.2
55.62898,-21.289863,1,17.095375061035156,6.393249988555908,1552.0,50.785369873046875,193.0,1156.0,5.5
114.249523,31.936108,1,15.122374534606934,8.635916709899902,1107.0,59.947547912597656,88.0,188.0,6.2
119.569947,28.452162,1,16.33566665649414,8.64033317565918,1620.0,50.82966232299805,162.0,428.0,5.5
76.744938,11.256048,1,17.02341651916504,9.769333839416504,1499.0,76.13287353515625,33.0,1659.0,5.6
121.614906,24.965939,1,20.223207473754883,5.4375834465026855,3190.0,30.962108612060547,555.0,317.0,4.8
135.418163,35.48723,1,13.44575023651123,8.544833183288574,1841.0,20.29645538330078,395.0,243.0,4.9
121.126678,24.689269,1,20.3680419921875,6.200250148773193,2285.0,55.598121643066406,184.0,311.0,5.0
121.68058,25.041253,1,20.282791137695312,5.453750133514404,3301.0,25.581539154052734,656.0,307.0,4.9
121.376883,24.882245,1,19.85416603088379,5.7804999351501465,2685.0,42.74913787841797,318.0,356.0,5.0
80.403959,6.451327,1,24.82087516784668,6.2504167556762695,4330.0,34.97722244262695,611.0,387.0,5.1
-58.417006,-34.583252,1,17.488367080688477,9.644097328186035,1057.0,23.573230743408203,181.0,17.0,5.5
121.532662,24.85138,1,19.543790817260742,5.388583183288574,3065.0,39.15346145629883,453.0,441.0,4.9
-80.190176,32.786235,1,18.220582962036133,11.597167015075684,1284.0,33.075130462646484,226.0,11.0,4.9
48.433764,-18.938839,1,19.01799964904785,10.473166465759277,1900.0,68.70507049560547,193.0,1003.0,4.8
48.417514,-18.94035,1,19.01799964904785,10.473166465759277,1900.0,68.70507049560547,193.0,1003.0,4.8
36.860183,-0.620311,1,15.62137508392334,12.440917015075684,1698.0,76.40221405029297,200.0,2050.0,5.1
120.890069,23.905004,1,19.707250595092773,5.943166732788086,2506.0,83.1556396484375,107.0,744.0,5.1
55.626646,-21.027247,1,19.74479103088379,5.638583183288574,1746.0,47.993412017822266,223.0,673.0,5.3
121.608406,24.971886,1,20.223207473754883,5.4375834465026855,3190.0,30.962108612060547,555.0,317.0,4.7
48.419914,-18.937393,1,19.01799964904785,10.473166465759277,1900.0,68.70507049560547,193.0,1003.0,4.7
121.465492,25.208972,1,20.425954818725586,5.729217052459717,2945.0,24.2525577545166,606.0,109.0,4.9
121.503662,25.164098,1,20.207000732421875,5.704166889190674,3005.0,26.002685546875,554.0,256.0,4.7
-25.31358,37.7699,1,15.509041786193848,4.953583240509033,1107.0,35.37581253051758,147.0,462.0,6.2
120.90832,23.951126,1,20.23204231262207,6.198749542236328,2461.0,82.95626831054688,105.0,597.0,5.1
81.044792,6.859989,1,21.478166580200195,7.910666465759277,1860.0,57.36178207397461,153.0,1059.0,5.4
121.503205,25.163742,1,20.207000732421875,5.704166889190674,3005.0,26.002685546875,554.0,256.0,4.7
121.120984,24.695496,1,20.3680419921875,6.200250148773193,2285.0,55.598121643066406,184.0,311.0,5.0
121.127417,24.6899,1,20.3680419921875,6.200250148773193,2285.0,55.598121643066406,184.0,311.0,5.0
121.303349,24.571375,1,12.230957984924316,5.645916938781738,2861.0,51.83860397338867,246.0,2005.0,5.4
121.44854,24.925253,1,21.068500518798828,5.993833541870117,2789.0,33.47024917602539,414.0,129.0,5.2
28.916916,41.008809,1,14.49563980102539,7.935077667236328,716.0,46.45966720581055,90.0,56.0,5.5
139.666497,35.729619,1,15.368416786193848,8.637833595275879,1488.0,46.975738525390625,142.0,47.0,5.5
121.623578,24.966932,1,20.223207473754883,5.4375834465026855,3190.0,30.962108612060547,555.0,317.0,4.7
121.070236,24.803156,1,21.571624755859375,6.58008337020874,1939.0,47.11859130859375,192.0,81.0,5.2
145.413239,-16.195242,1,23.541584014892578,7.603499412536621,3244.0,72.13209533691406,218.0,208.0,5.1
29.310326,-1.726742,1,18.903833389282227,10.545166969299316,1366.0,37.84358596801758,157.0,1670.0,5.8
48.416672,-18.935922,1,19.01799964904785,10.473166465759277,1900.0,68.70507049560547,193.0,1003.0,4.9
115.783212,25.602275,1,19.335041046142578,8.781416893005371,1566.0,56.356380462646484,152.0,230.0,5.5
121.451195,24.832092,1,16.833499908447266,5.2833333015441895,2844.0,46.995689392089844,365.0,1038.0,5.0
121.451667,24.831638,1,16.833499908447266,5.2833333015441895,2844.0,46.995689392089844,365.0,1038.0,5.0
-43.002778,-22.321667,1,17.365875244140625,10.695416450500488,1741.0,63.33218765258789,140.0,1055.0,4.8
30.007744,-23.916437,1,17.0292911529541,11.676250457763672,1034.0,73.89659881591797,62.0,1117.0,5.3
55.627175,-21.026955,1,19.74479103088379,5.638583183288574,1746.0,47.993412017822266,223.0,673.0,5.2
55.438847,-4.661783,1,26.01388931274414,5.563756465911865,2358.0,41.766082763671875,338.0,226.0,5.6
48.413737,-18.932887,1,19.079750061035156,10.926166534423828,1766.0,72.35250854492188,168.0,968.0,4.9
80.590187,7.197673,1,23.394624710083008,8.239250183105469,2591.0,33.06501770019531,458.0,718.0,5.2
77.051031,10.094094,1,17.55008316040039,9.040999412536621,2404.0,70.76957702636719,117.0,1704.0,5.5
30.228584,-22.964754,1,18.6649169921875,11.422500610351562,1222.0,82.92626953125,63.0,1087.0,5.4
30.233098,-22.846321,1,18.786958694458008,11.708250045776367,1180.0,84.89360046386719,56.0,1095.0,5.4
30.288345,-22.901964,1,18.35099983215332,11.042166709899902,1327.0,82.81756591796875,69.0,1136.0,5.3
30.328851,-22.969848,1,18.445499420166016,10.862500190734863,1358.0,82.07855224609375,74.0,1117.0,5.4
30.382134,-22.859768,1,18.704166412353516,11.082667350769043,1320.0,82.2869644165039,67.0,1088.0,5.4
30.217906,-22.972707,1,18.6649169921875,11.422500610351562,1222.0,82.92626953125,63.0,1087.0,5.5
30.59574,-22.897435,1,21.947542190551758,13.027750015258789,720.0,86.01055908203125,22.0,534.0,6.2
30.33139,-22.853498,1,18.35099983215332,11.042166709899902,1327.0,82.81756591796875,69.0,1136.0,5.4
30.366777,-22.980839,1,20.34433364868164,11.864999771118164,1027.0,83.42253112792969,43.0,804.0,5.8
30.345351,-22.862085,1,18.704166412353516,11.082667350769043,1320.0,82.2869644165039,67.0,1088.0,5.4
30.394576,-22.810075,1,18.989957809448242,11.387249946594238,1219.0,83.7347412109375,58.0,1057.0,5.9
30.397183,-22.881531,1,18.704166412353516,11.082667350769043,1320.0,82.2869644165039,67.0,1088.0,5.5
30.29589,-22.819993,1,18.596834182739258,11.358833312988281,1214.0,85.7525634765625,57.0,1126.0,5.4
120.754447,24.454767,1,20.71324920654297,6.315333366394043,2057.0,70.95539093017578,97.0,249.0,5.5
80.639802,7.068299,1,21.605459213256836,8.133417129516602,2859.0,26.88181495666504,457.0,999.0,5.4
80.435981,6.419223,1,24.148082733154297,6.4654998779296875,4074.0,34.54012680053711,586.0,507.0,5.1
91.753272,24.30163,1,24.5170841217041,10.619333267211914,2445.0,82.40338134765625,47.0,52.0,5.4
121.020301,24.638693,1,19.4375,5.938666343688965,2368.0,62.97378921508789,161.0,523.0,5.1
30.095092,-23.811213,1,20.19708251953125,12.859333992004395,764.0,78.54788208007812,36.0,784.0,5.9
-25.403008,37.818302,1,15.5899658203125,5.034013748168945,1108.0,35.712013244628906,147.0,457.0,6.1
55.529752,-21.047946,1,16.988666534423828,5.962500095367432,1668.0,49.551795959472656,213.0,1125.0,5.4
55.636068,-20.978333,1,22.720539093017578,6.157070636749268,1590.0,57.60710906982422,175.0,205.0,5.4
121.093491,24.648509,1,18.348125457763672,5.783750057220459,2522.0,61.892635345458984,183.0,760.0,4.8
88.416328,27.235115,1,18.610958099365234,8.87641716003418,2710.0,108.50859832763672,41.0,1582.0,5.4
133.950184,34.608787,1,15.4811429977417,8.928953170776367,1444.0,56.45927810668945,129.0,12.0,5.5
121.567552,24.891485,1,19.543790817260742,5.388583183288574,3065.0,39.15346145629883,453.0,441.0,4.9
120.917137,23.92943,1,20.758499145507812,6.6641669273376465,2474.0,80.86075592041016,113.0,519.0,5.1
121.063744,24.795556,1,21.571624755859375,6.58008337020874,1939.0,47.11859130859375,192.0,81.0,5.4
121.554475,25.164098,1,20.207000732421875,5.704166889190674,3005.0,26.002685546875,554.0,256.0,4.8
121.517747,25.156083,1,20.207000732421875,5.704166889190674,3005.0,26.002685546875,554.0,256.0,4.7
121.163308,24.831495,1,20.788124084472656,6.214916706085205,2116.0,48.23344421386719,201.0,196.0,5.4
139.546888,35.333575,1,15.622416496276855,8.168333053588867,1708.0,40.70425796508789,187.0,43.0,5.5
121.248759,29.77854,1,14.28083324432373,7.367166519165039,1365.0,46.28982925415039,152.0,472.0,5.4
48.415672,-18.935756,1,19.079750061035156,10.926166534423828,1766.0,72.35250854492188,168.0,968.0,4.9
135.773255,35.000492,1,14.383916854858398,8.640166282653809,1646.0,43.41466522216797,213.0,187.0,5.5
121.367583,24.95179,1,21.199501037597656,6.2226667404174805,2529.0,32.551124572753906,364.0,103.0,5.3
129.697692,31.667433,1,16.12628936767578,6.106944561004639,2614.0,51.498809814453125,349.0,239.0,5.2
106.959703,29.897374,1,16.897417068481445,6.420333385467529,1182.0,65.50350189208984,61.0,503.0,5.6
30.328875,0.496481,1,20.69129180908203,10.955583572387695,1287.0,44.02772903442383,198.0,1336.0,5.5
121.623544,24.966906,1,20.223207473754883,5.4375834465026855,3190.0,30.962108612060547,555.0,317.0,4.7
139.680347,35.658814,1,15.699874877929688,7.690249919891357,1508.0,43.9100341796875,151.0,27.0,5.5
139.680196,35.658692,1,15.699874877929688,7.690249919891357,1508.0,43.9100341796875,151.0,27.0,5.5
40.617624,40.984928,1,12.205916404724121,8.114832878112793,1353.0,27.73223876953125,240.0,565.0,5.5
139.381951,35.619358,1,14.593375205993652,8.960416793823242,1518.0,47.825599670410156,150.0,126.0,5.5
121.671389,25.050556,1,20.282791137695312,5.453750133514404,3301.0,25.581539154052734,656.0,307.0,4.8
121.599428,25.169172,1,20.146408081054688,5.309290885925293,3226.0,21.810651779174805,709.0,247.0,5.0
121.799763,24.617783,1,21.90279197692871,5.782583713531494,2909.0,35.73944854736328,462.0,122.0,4.9
139.460788,35.63962,1,14.841291427612305,8.569916725158691,1527.0,46.71638488769531,152.0,84.0,5.5
6.802979,51.205948,1,10.617541313171387,7.677416801452637,790.0,12.385119438171387,170.0,40.0,4.8
139.688284,35.659244,1,15.699874877929688,7.690249919891357,1508.0,43.9100341796875,151.0,27.0,5.5
139.688294,35.659265,1,15.699874877929688,7.690249919891357,1508.0,43.9100341796875,151.0,27.0,5.5
121.200805,24.753113,1,20.319583892822266,6.079166889190674,2361.0,50.643836975097656,215.0,280.0,5.1
88.313375,27.039421,1,18.310667037963867,8.494166374206543,2970.0,113.22860717773438,39.0,1551.0,5.2
101.700958,2.951454,1,27.20691680908203,9.455667495727539,2226.0,27.092344284057617,428.0,57.0,5.1
101.700244,2.952072,1,27.20691680908203,9.455667495727539,2226.0,27.092344284057617,428.0,57.0,5.1
139.440015,35.62672,1,14.841291427612305,8.569916725158691,1527.0,46.71638488769531,152.0,84.0,5.5
121.314513,24.847422,1,20.67304229736328,6.145583152770996,2388.0,40.45592498779297,279.0,194.0,4.9
114.330933,22.609147,1,21.36671257019043,6.305344104766846,2022.0,75.7085189819336,98.0,252.0,5.1
77.947514,30.322376,1,21.75629234313965,12.22558307647705,1914.0,135.77110290527344,90.0,625.0,6.1
121.104303,24.764791,1,20.788124084472656,6.214916706085205,2116.0,48.23344421386719,201.0,196.0,5.1
129.702392,31.686711,1,16.12628936767578,6.106944561004639,2614.0,51.498809814453125,349.0,239.0,5.2
139.68084,35.668542,1,15.615541458129883,8.039416313171387,1466.0,45.43366622924805,143.0,34.0,5.5
55.6267,-21.02728,1,19.74479103088379,5.638583183288574,1746.0,47.993412017822266,223.0,673.0,5.3
121.577689,25.141722,1,20.207000732421875,5.704166889190674,3005.0,26.002685546875,554.0,256.0,4.9
121.685341,25.114392,1,21.28715705871582,5.498883247375488,3378.0,20.319324493408203,747.0,96.0,4.7
121.316,24.905428,1,20.67304229736328,6.145583152770996,2388.0,40.45592498779297,279.0,194.0,5.0
108.932648,18.667722,1,22.112125396728516,6.487249851226807,1414.0,77.26356506347656,68.0,594.0,5.3
55.628986,-21.298563,1,17.095375061035156,6.393249988555908,1552.0,50.785369873046875,193.0,1156.0,5.3
81.048223,6.861331,1,21.478166580200195,7.910666465759277,1860.0,57.36178207397461,153.0,1059.0,5.4
55.629143,-21.296455,1,17.095375061035156,6.393249988555908,1552.0,50.785369873046875,193.0,1156.0,5.5
55.62675,-21.292519,1,17.095375061035156,6.393249988555908,1552.0,50.785369873046875,193.0,1156.0,5.5
55.626609,-21.292582,1,17.095375061035156,6.393249988555908,1552.0,50.785369873046875,193.0,1156.0,5.5
80.162454,6.740377,1,27.000125885009766,6.488583564758301,3787.0,40.86736297607422,476.0,32.0,5.5
120.914896,23.924421,1,20.23204231262207,6.198749542236328,2461.0,82.95626831054688,105.0,597.0,5.1
127.144,35.78782,1,12.825249671936035,10.404500007629395,1282.0,79.43231964111328,105.0,86.0,5.8
81.058875,6.869478,1,21.478166580200195,7.910666465759277,1860.0,57.36178207397461,153.0,1059.0,5.4
78.35,26.0,1,25.804332733154297,13.949666023254395,1008.0,147.2806854248047,14.0,204.0,7.5
120.790047,23.729373,1,18.488250732421875,5.788000106811523,2420.0,84.40406799316406,95.0,979.0,5.0
175.134428,-39.927161,1,13.19041633605957,8.53833293914795,999.0,11.442273139953613,217.0,74.0,5.8
55.631667,-21.301944,1,17.095375061035156,6.393249988555908,1552.0,50.785369873046875,193.0,1156.0,5.3
81.060581,6.868022,1,21.478166580200195,7.910666465759277,1860.0,57.36178207397461,153.0,1059.0,5.5
55.629301,-21.297828,1,17.095375061035156,6.393249988555908,1552.0,50.785369873046875,193.0,1156.0,5.5
88.655962,25.698078,1,24.887290954589844,10.277750015258789,1864.0,104.70506286621094,23.0,38.0,6.2
80.421487,6.43941,1,24.148082733154297,6.4654998779296875,4074.0,34.54012680053711,586.0,507.0,5.1
80.194122,6.257213,1,26.583499908447266,5.777500152587891,3655.0,36.54573440551758,505.0,60.0,5.1
121.392617,24.993825,1,21.199501037597656,6.2226667404174805,2529.0,32.551124572753906,364.0,103.0,4.7
120.628975,23.929917,1,22.180458068847656,6.896749973297119,1909.0,85.2535629272461,71.0,149.0,5.3
81.058955,6.869509,1,21.478166580200195,7.910666465759277,1860.0,57.36178207397461,153.0,1059.0,5.4
81.044438,6.873671,1,21.478166580200195,7.910666465759277,1860.0,57.36178207397461,153.0,1059.0,5.4
120.628755,23.929992,1,22.180458068847656,6.896749973297119,1909.0,85.2535629272461,71.0,149.0,5.3
81.061353,6.876866,1,21.478166580200195,7.910666465759277,1860.0,57.36178207397461,153.0,1059.0,5.3
81.06077,6.867318,1,21.478166580200195,7.910666465759277,1860.0,57.36178207397461,153.0,1059.0,5.5
118.83229,32.052163,1,16.001874923706055,8.381916999816895,1072.0,58.43724822998047,118.0,19.0,6.4
81.061144,6.866934,1,21.478166580200195,7.910666465759277,1860.0,57.36178207397461,153.0,1059.0,5.5
118.759,30.94,1,16.184415817260742,8.269166946411133,1236.0,48.8039436340332,132.0,12.0,5.5
-67.583056,-16.398083,1,19.35991668701172,12.566166877746582,1193.0,64.37548828125,78.0,1815.0,5.5
-54.996212,-27.214207,1,20.1269588470459,11.916916847229004,1644.0,13.630475044250488,344.0,407.0,5.1
57.510515,-20.42116,1,22.094249725341797,6.280333518981934,1797.0,48.32500076293945,211.0,282.0,5.1
55.399421,-21.211565,1,18.448041915893555,6.105416774749756,1570.0,50.45746994018555,210.0,988.0,5.5
55.627495,-21.162399,1,16.919416427612305,6.135833740234375,1760.0,46.12233352661133,240.0,1128.0,5.2
108.114039,16.214129,1,23.793319702148438,6.3633623123168945,2164.0,84.1610336303711,139.0,379.0,5.9
55.440389,-20.922008,1,18.323667526245117,5.671666622161865,1679.0,52.215579986572266,204.0,1036.0,5.2
120.779548,24.421982,1,20.71324920654297,6.315333366394043,2057.0,70.95539093017578,97.0,249.0,5.4
121.80488,24.612797,1,21.90279197692871,5.782583713531494,2909.0,35.73944854736328,462.0,122.0,4.8
88.395286,26.727081,1,25.07183265686035,10.167499542236328,3218.0,113.56514739990234,24.0,124.0,5.7
18.738092,-33.833743,1,17.307750701904297,11.262166976928711,649.0,65.5315933227539,58.0,104.0,6.3
48.415593,-18.929308,1,19.079750061035156,10.926166534423828,1766.0,72.35250854492188,168.0,968.0,4.9
127.0313,35.36759,1,12.246208190917969,10.088916778564453,1327.0,77.09939575195312,112.0,202.0,5.8
127.0312,35.36753,1,12.246208190917969,10.088916778564453,1327.0,77.09939575195312,112.0,202.0,5.8
127.031,35.36622,1,12.246208190917969,10.088916778564453,1327.0,77.09939575195312,112.0,202.0,5.8
109.947329,-7.360453,1,20.956375122070312,8.713417053222656,3232.0,52.869625091552734,282.0,945.0,5.3
48.435413,-19.012819,1,18.65250015258789,10.095999717712402,1900.0,68.43873596191406,191.0,1058.0,4.7
48.43518,-19.01293,1,18.65250015258789,10.095999717712402,1900.0,68.43873596191406,191.0,1058.0,4.8
121.613558,25.241116,1,20.146408081054688,5.309290885925293,3226.0,21.810651779174805,709.0,247.0,4.9
121.777297,24.873683,1,19.967857360839844,5.214455604553223,3207.0,33.58320617675781,556.0,421.0,4.9
121.804802,24.612632,1,21.90279197692871,5.782583713531494,2909.0,35.73944854736328,462.0,122.0,4.8
55.629187,-21.296368,1,17.095375061035156,6.393249988555908,1552.0,50.785369873046875,193.0,1156.0,5.5
55.629157,-21.296439,1,17.095375061035156,6.393249988555908,1552.0,50.785369873046875,193.0,1156.0,5.5
55.531787,-21.23799,1,16.988874435424805,6.645082950592041,1548.0,53.16046905517578,187.0,1250.0,5.4
55.626289,-21.292318,1,17.095375061035156,6.393249988555908,1552.0,50.785369873046875,193.0,1156.0,5.4
55.529964,-20.93801,1,20.11162567138672,6.032750129699707,1634.0,53.67045593261719,195.0,708.0,5.4
55.626665,-21.027282,1,19.74479103088379,5.638583183288574,1746.0,47.993412017822266,223.0,673.0,5.3
55.626763,-21.295393,1,17.095375061035156,6.393249988555908,1552.0,50.785369873046875,193.0,1156.0,5.5
120.619779,23.601216,1,21.089332580566406,6.259500026702881,2447.0,91.79638671875,81.0,425.0,5.2
120.650598,22.977694,1,22.205291748046875,6.041416645050049,3111.0,103.20915222167969,69.0,339.0,5.3
39.702822,43.697735,1,12.795833587646484,8.0600004196167,1653.0,25.55557632446289,322.0,301.0,5.2
129.1143,35.24488,1,13.851541519165039,8.545916557312012,1406.0,67.72005462646484,107.0,112.0,5.6
139.66664,35.729672,1,15.368416786193848,8.637833595275879,1488.0,46.975738525390625,142.0,47.0,5.5
121.541783,24.962755,1,21.141374588012695,5.8770833015441895,3012.0,31.987716674804688,480.0,137.0,5.1
121.633082,25.030755,1,21.191375732421875,5.6879167556762695,3168.0,22.735084533691406,618.0,104.0,4.7
120.777175,24.362862,1,20.215375900268555,6.27091646194458,2250.0,77.43557739257812,92.0,416.0,5.4
121.720978,25.056258,1,20.282791137695312,5.453750133514404,3301.0,25.581539154052734,656.0,307.0,4.9
55.626675,-21.027323,1,19.74479103088379,5.638583183288574,1746.0,47.993412017822266,223.0,673.0,5.3
55.629188,-21.296485,1,17.095375061035156,6.393249988555908,1552.0,50.785369873046875,193.0,1156.0,5.5
55.631495,-21.323552,1,17.095375061035156,6.393249988555908,1552.0,50.785369873046875,193.0,1156.0,5.4
135.79561,35.026242,1,14.383916854858398,8.640166282653809,1646.0,43.41466522216797,213.0,187.0,5.5
40.463834,40.923849,1,13.086041450500488,7.916083335876465,1490.0,31.32438087463379,253.0,339.0,5.5
40.108333,40.894444,1,12.98231315612793,7.401020526885986,1126.0,26.660715103149414,220.0,384.0,5.5
139.451347,35.84759,1,14.614707946777344,9.23408317565918,1422.0,50.24152755737305,137.0,41.0,5.8
30.359197,0.609727,1,19.57062530517578,11.006250381469727,1429.0,45.95125961303711,191.0,1471.0,5.4
126.8912,35.522,1,12.644791603088379,10.077917098999023,1273.0,76.1912841796875,109.0,131.0,5.5
-43.512141,-20.440644,1,17.450000762939453,11.352999687194824,1518.0,81.60735321044922,56.0,1258.0,5.1
151.2319,-33.991,1,17.895383834838867,8.665127754211426,1210.0,24.912660598754883,223.0,19.0,5.5
121.592531,25.164017,1,20.091333389282227,5.44183349609375,3200.0,23.424787521362305,649.0,290.0,5.1
120.097888,30.949245,1,15.826499938964844,6.221333026885986,1126.0,52.65277099609375,122.0,3.0,6.7
48.419158,-18.93724,1,19.01799964904785,10.473166465759277,1900.0,68.70507049560547,193.0,1003.0,4.7
48.419387,-18.94182,1,19.01799964904785,10.473166465759277,1900.0,68.70507049560547,193.0,1003.0,4.8
48.420933,-18.937772,1,19.01799964904785,10.473166465759277,1900.0,68.70507049560547,193.0,1003.0,4.7
-7.634901,7.452136,1,23.186542510986328,12.891083717346191,1627.0,69.01016235351562,77.0,677.0,5.1
121.621017,25.122228,1,20.091333389282227,5.44183349609375,3200.0,23.424787521362305,649.0,290.0,4.8
136.003297,34.466075,1,12.127166748046875,8.359333992004395,1920.0,48.44430923461914,190.0,604.0,5.5
121.098437,24.831996,1,20.788124084472656,6.214916706085205,2116.0,48.23344421386719,201.0,196.0,5.2
55.438063,-4.661655,1,26.01388931274414,5.563756465911865,2358.0,41.766082763671875,338.0,226.0,5.6
55.604668,-21.32986,1,17.095375061035156,6.393249988555908,1552.0,50.785369873046875,193.0,1156.0,5.4
138.463917,34.982475,1,15.974183082580566,8.438562393188477,2117.0,42.52265930175781,229.0,73.0,5.3
57.522417,-20.427344,1,22.094249725341797,6.280333518981934,1797.0,48.32500076293945,211.0,282.0,5.2
40.293328,40.820729,1,11.114916801452637,8.661999702453613,958.0,22.46605682373047,196.0,825.0,5.5
81.167758,7.006828,1,22.956207275390625,7.721916675567627,1850.0,69.92289733886719,106.0,807.0,5.5
55.440469,-20.922147,1,18.323667526245117,5.671666622161865,1679.0,52.215579986572266,204.0,1036.0,5.2
127.0349,35.36856,1,12.246208190917969,10.088916778564453,1327.0,77.09939575195312,112.0,202.0,5.9
128.7161,35.17684,1,13.094583511352539,9.574333190917969,1451.0,75.04318237304688,95.0,196.0,5.6
128.7162,35.1767,1,13.094583511352539,9.574333190917969,1451.0,75.04318237304688,95.0,196.0,5.6
121.573802,25.146718,1,20.207000732421875,5.704166889190674,3005.0,26.002685546875,554.0,256.0,4.7
121.49717,24.904422,1,18.928709030151367,5.445250034332275,2906.0,43.321502685546875,377.0,568.0,4.8
121.091506,24.08676,1,15.103166580200195,5.866666793823242,2532.0,60.582706451416016,181.0,1526.0,5.0
121.532997,25.239472,1,18.762958526611328,5.278583526611328,3057.0,27.712692260742188,567.0,538.0,4.8
121.660897,25.025081,1,21.191375732421875,5.6879167556762695,3168.0,22.735084533691406,618.0,104.0,4.9
121.46602,24.83434,1,18.928709030151367,5.445250034332275,2906.0,43.321502685546875,377.0,568.0,5.0
121.125992,24.689189,1,20.3680419921875,6.200250148773193,2285.0,55.598121643066406,184.0,311.0,5.0
121.317688,23.224445,1,21.155542373657227,5.265416622161865,2197.0,65.24112701416016,187.0,491.0,5.5
41.417968,41.38478,1,12.694574356079102,8.14696216583252,1703.0,28.770092010498047,283.0,470.0,5.1
41.045404,41.107724,1,12.650541305541992,8.298417091369629,1514.0,28.719051361083984,254.0,506.0,5.5
40.868318,41.09715,1,13.432499885559082,7.7789998054504395,1714.0,32.98899841308594,265.0,302.0,5.1
89.000385,26.906338,1,24.536083221435547,8.680000305175781,4103.0,105.19757080078125,44.0,246.0,5.5
55.629343,-21.295958,1,17.095375061035156,6.393249988555908,1552.0,50.785369873046875,193.0,1156.0,5.5
39.177999,41.039674,1,13.685312271118164,6.67020845413208,984.0,25.262056350708008,197.0,219.0,5.5
40.383489,40.966018,1,13.646624565124512,7.608583450317383,1564.0,33.68349075317383,256.0,158.0,5.5
55.630177,-21.296846,1,17.095375061035156,6.393249988555908,1552.0,50.785369873046875,193.0,1156.0,5.5
108.009524,14.060842,1,22.981416702270508,8.561833381652832,2202.0,95.5793685913086,18.0,747.0,5.7
105.000989,21.227283,1,22.74449920654297,6.9751667976379395,1553.0,84.97730255126953,63.0,164.0,5.6
80.964611,6.767026,1,20.13829231262207,7.988583087921143,1946.0,42.39235305786133,283.0,1275.0,5.4
55.627648,-21.027025,1,19.74479103088379,5.638583183288574,1746.0,47.993412017822266,223.0,673.0,5.2
29.698792,-1.049822,1,15.48870849609375,10.051249504089355,1364.0,37.13469314575195,177.0,2077.0,5.3
126.9053,35.4925,1,11.423125267028809,9.591083526611328,1334.0,76.41280364990234,115.0,363.0,5.6
115.4167,-32.0,1,18.689285278320312,6.699999809265137,615.0,85.76261901855469,34.0,13.0,5.5
151.1921,-34.0068,1,17.423362731933594,7.641963958740234,1164.0,23.584054946899414,220.0,10.0,5.5
120.926124,23.89361,1,18.613540649414062,5.935083389282227,2434.0,78.0635986328125,117.0,946.0,5.3
120.926317,23.893517,1,18.613540649414062,5.935083389282227,2434.0,78.0635986328125,117.0,946.0,5.3
139.63071,35.610918,1,15.524083137512207,8.357832908630371,1522.0,45.468135833740234,148.0,34.0,5.5
139.630878,35.610826,1,15.524083137512207,8.357832908630371,1522.0,45.468135833740234,148.0,34.0,5.5
139.631088,35.611007,1,15.524083137512207,8.357832908630371,1522.0,45.468135833740234,148.0,34.0,5.5
139.630866,35.610972,1,15.524083137512207,8.357832908630371,1522.0,45.468135833740234,148.0,34.0,5.5
55.45461,-4.67074,1,26.068191528320312,5.581910610198975,2350.0,41.2189826965332,344.0,209.0,5.6
55.45299,-4.67103,1,26.068191528320312,5.581910610198975,2350.0,41.2189826965332,344.0,209.0,5.6
55.45566,-4.67081,1,26.068191528320312,5.581910610198975,2350.0,41.2189826965332,344.0,209.0,5.6
55.634038,-21.315225,1,17.095375061035156,6.393249988555908,1552.0,50.785369873046875,193.0,1156.0,5.4
57.510543,-20.420911,1,22.094249725341797,6.280333518981934,1797.0,48.32500076293945,211.0,282.0,5.1
106.60592,20.962228,1,23.594083786010742,6.169666767120361,1739.0,86.41365814208984,78.0,7.0,6.2
81.061067,6.86668,1,21.478166580200195,7.910666465759277,1860.0,57.36178207397461,153.0,1059.0,5.5
55.465515,-20.945067,1,18.323667526245117,5.671666622161865,1679.0,52.215579986572266,204.0,1036.0,5.4
55.507509,-21.35181,1,22.435625076293945,6.366666316986084,1217.0,48.22800827026367,148.0,254.0,5.5
55.465501,-20.945072,1,18.323667526245117,5.671666622161865,1679.0,52.215579986572266,204.0,1036.0,5.4
55.623485,-21.02773,1,19.74479103088379,5.638583183288574,1746.0,47.993412017822266,223.0,673.0,5.3
55.662529,-21.023988,1,19.74479103088379,5.638583183288574,1746.0,47.993412017822266,223.0,673.0,5.5
120.918403,24.543433,1,19.058082580566406,5.871333599090576,2393.0,68.2485580444336,143.0,621.0,5.2
121.470402,25.167592,1,20.425954818725586,5.729217052459717,2945.0,24.2525577545166,606.0,109.0,5.2
121.503586,25.164024,1,20.207000732421875,5.704166889190674,3005.0,26.002685546875,554.0,256.0,4.7
120.093,30.215,1,16.43570899963379,7.885916709899902,1337.0,43.31958770751953,155.0,63.0,5.5
135.347755,35.45992,1,14.0600004196167,8.80960750579834,1800.0,18.792932510375977,388.0,116.0,4.9
120.577288,23.583509,1,22.500667572021484,6.962500095367432,1933.0,93.17902374267578,68.0,106.0,5.3
121.506654,25.170148,1,18.762958526611328,5.278583526611328,3057.0,27.712692260742188,567.0,538.0,4.7
121.50274,23.58519,1,22.283435821533203,5.110772609710693,2155.0,55.2548713684082,230.0,213.0,5.7
130.571078,31.692756,1,15.975000381469727,8.24666690826416,2380.0,58.7723274230957,245.0,209.0,5.1
55.626466,-21.295734,1,17.095375061035156,6.393249988555908,1552.0,50.785369873046875,193.0,1156.0,5.5
133.336837,36.205636,1,13.907614707946777,7.415804386138916,1707.0,22.041345596313477,316.0,77.0,5.5
139.422573,35.947083,1,14.635499954223633,9.328499794006348,1352.0,50.96062088012695,127.0,18.0,5.5
55.62937,-21.296332,1,17.095375061035156,6.393249988555908,1552.0,50.785369873046875,193.0,1156.0,5.5
55.640278,-21.146111,1,16.919416427612305,6.135833740234375,1760.0,46.12233352661133,240.0,1128.0,5.2
138.715448,35.729095,1,12.498000144958496,11.001832962036133,1211.0,52.00320053100586,112.0,468.0,5.5
139.721616,35.707584,1,15.615541458129883,8.039416313171387,1466.0,45.43366622924805,143.0,34.0,5.5
127.423287,35.276775,1,11.7475004196167,9.890666007995605,1396.0,79.50411987304688,104.0,309.0,5.9
80.685499,6.796089,1,17.94362449645996,8.071083068847656,2328.0,30.157873153686523,331.0,1625.0,5.3
133.33692,36.205699,1,13.907614707946777,7.415804386138916,1707.0,22.041345596313477,316.0,77.0,5.5
120.917558,23.873373,1,18.613540649414062,5.935083389282227,2434.0,78.0635986328125,117.0,946.0,5.0
30.335803,0.637462,1,19.57062530517578,11.006250381469727,1429.0,45.95125961303711,191.0,1471.0,5.4
126.8125,35.45074,1,12.026958465576172,9.709583282470703,1292.0,75.61945343017578,113.0,248.0,5.6
126.6492,35.66278,1,12.581944465637207,9.502963066101074,1222.0,73.94650268554688,110.0,115.0,5.6
127.0352,35.36628,1,12.246208190917969,10.088916778564453,1327.0,77.09939575195312,112.0,202.0,5.8
139.518396,35.699516,1,15.024499893188477,8.691166877746582,1490.0,47.70411682128906,143.0,61.0,5.5
135.77382,34.999481,1,15.328916549682617,8.96933364868164,1577.0,46.65379333496094,183.0,70.0,5.5
144.9338,-37.8702,1,14.919979095458984,9.090384483337402,654.0,13.162237167358398,142.0,13.0,5.5
121.510009,25.133625,1,20.207000732421875,5.704166889190674,3005.0,26.002685546875,554.0,256.0,5.2
139.49014,35.339165,1,15.676250457763672,8.553000450134277,1707.0,41.10773849487305,187.0,32.0,5.5
121.597348,24.96695,1,20.223207473754883,5.4375834465026855,3190.0,30.962108612060547,555.0,317.0,4.7
121.2508,24.794322,1,19.032041549682617,5.607083320617676,2599.0,51.7043571472168,246.0,549.0,4.9
139.682801,35.659754,1,15.699874877929688,7.690249919891357,1508.0,43.9100341796875,151.0,27.0,5.5
121.44638,24.940172,1,21.068500518798828,5.993833541870117,2789.0,33.47024917602539,414.0,129.0,4.9
121.107855,24.764441,1,20.788124084472656,6.214916706085205,2116.0,48.23344421386719,201.0,196.0,5.2
139.095139,35.164345,1,15.315229415893555,7.309770107269287,1790.0,39.56507110595703,208.0,142.0,5.2
132.468863,34.400132,1,15.888641357421875,8.567008972167969,1913.0,51.544586181640625,192.0,19.0,5.5
135.852919,34.530302,1,14.12108325958252,8.841166496276855,1618.0,48.64857864379883,159.0,257.0,5.6
55.633344,-21.311608,1,17.095375061035156,6.393249988555908,1552.0,50.785369873046875,193.0,1156.0,5.3
138.437912,34.958962,1,15.974183082580566,8.438562393188477,2117.0,42.52265930175781,229.0,73.0,5.3
140.385556,35.765278,1,14.582666397094727,8.293832778930664,1405.0,39.55091857910156,171.0,35.0,5.5
128.0334,35.17654,1,12.932833671569824,9.928000450134277,1381.0,80.62518310546875,85.0,79.0,5.5
55.627361,-21.299273,1,17.095375061035156,6.393249988555908,1552.0,50.785369873046875,193.0,1156.0,5.4
145.7483,-16.7867,1,24.474306106567383,7.795139312744141,2171.0,93.69963073730469,102.0,54.0,5.5
139.49532,35.59798,1,14.841291427612305,8.569916725158691,1527.0,46.71638488769531,152.0,84.0,5.5
121.052521,24.82249,1,21.571624755859375,6.58008337020874,1939.0,47.11859130859375,192.0,81.0,5.2
121.740837,24.634997,1,21.141416549682617,5.76966667175293,2940.0,40.67331314086914,417.0,248.0,4.9
57.522606,-20.427765,1,22.094249725341797,6.280333518981934,1797.0,48.32500076293945,211.0,282.0,5.1
80.332977,6.80323,1,26.805625915527344,6.753083229064941,4152.0,38.880149841308594,508.0,74.0,5.3
121.50892,25.131711,1,20.207000732421875,5.704166889190674,3005.0,26.002685546875,554.0,256.0,5.3
80.346375,7.251332,1,26.6802921295166,7.949749946594238,2575.0,42.244850158691406,344.0,157.0,5.5
121.516397,25.216086,1,18.762958526611328,5.278583526611328,3057.0,27.712692260742188,567.0,538.0,5.1
121.145886,24.8098,1,20.788124084472656,6.214916706085205,2116.0,48.23344421386719,201.0,196.0,5.2
120.779311,24.42188,1,20.71324920654297,6.315333366394043,2057.0,70.95539093017578,97.0,249.0,5.4
118.858522,31.895367,1,15.661499977111816,8.441332817077637,1061.0,55.10783004760742,111.0,14.0,6.5
121.127486,24.690283,1,20.3680419921875,6.200250148773193,2285.0,55.598121643066406,184.0,311.0,5.0
121.573967,25.106597,1,20.207000732421875,5.704166889190674,3005.0,26.002685546875,554.0,256.0,4.8
55.444294,-4.655173,1,26.01388931274414,5.563756465911865,2358.0,41.766082763671875,338.0,226.0,5.6
-80.186981,32.78138,1,18.220582962036133,11.597167015075684,1284.0,33.075130462646484,226.0,11.0,4.9
101.525864,17.286801,1,22.574874877929688,10.74091625213623,1154.0,80.305419921875,23.0,954.0,5.6
121.576906,25.153193,1,20.207000732421875,5.704166889190674,3005.0,26.002685546875,554.0,256.0,4.7
121.579838,25.156102,1,20.207000732421875,5.704166889190674,3005.0,26.002685546875,554.0,256.0,4.7
80.526178,6.797788,1,18.887916564941406,7.5500006675720215,2983.0,40.153541564941406,345.0,1442.0,5.0
121.508912,25.13167,1,20.207000732421875,5.704166889190674,3005.0,26.002685546875,554.0,256.0,5.3
121.024504,24.654953,1,19.4375,5.938666343688965,2368.0,62.97378921508789,161.0,523.0,5.2
121.822321,24.972971,1,19.43091583251953,5.16683292388916,3268.0,33.139862060546875,579.0,504.0,4.8
121.2981,24.850446,1,20.67304229736328,6.145583152770996,2388.0,40.45592498779297,279.0,194.0,5.0
55.337404,-21.042467,1,16.696624755859375,6.596750259399414,1636.0,52.776615142822266,207.0,1285.0,5.2
55.618282,-21.144111,1,16.919416427612305,6.135833740234375,1760.0,46.12233352661133,240.0,1128.0,5.4
55.451396,-21.231533,1,19.104957580566406,5.984583377838135,1475.0,53.84690856933594,178.0,850.0,5.5
55.626654,-21.027171,1,19.74479103088379,5.638583183288574,1746.0,47.993412017822266,223.0,673.0,5.3
135.409438,35.485875,1,14.0600004196167,8.80960750579834,1800.0,18.792932510375977,388.0,116.0,4.9
121.803196,24.615552,1,21.90279197692871,5.782583713531494,2909.0,35.73944854736328,462.0,122.0,4.8
175.132278,-37.702492,1,13.841583251953125,9.345832824707031,1376.0,16.508352279663086,275.0,68.0,5.7
91.30051,23.920528,1,25.0639591217041,10.267582893371582,2131.0,86.5847396850586,32.0,19.0,5.5
55.633869,-21.15582,1,16.919416427612305,6.135833740234375,1760.0,46.12233352661133,240.0,1128.0,5.3
55.629207,-21.298326,1,17.095375061035156,6.393249988555908,1552.0,50.785369873046875,193.0,1156.0,5.3
55.630403,-21.29527,1,17.095375061035156,6.393249988555908,1552.0,50.785369873046875,193.0,1156.0,5.5
135.376983,35.46545,1,14.0600004196167,8.80960750579834,1800.0,18.792932510375977,388.0,116.0,5.0
55.606451,-21.137143,1,16.919416427612305,6.135833740234375,1760.0,46.12233352661133,240.0,1128.0,5.4
55.458565,-20.91676,1,18.323667526245117,5.671666622161865,1679.0,52.215579986572266,204.0,1036.0,5.4
30.336489,0.591771,1,19.57062530517578,11.006250381469727,1429.0,45.95125961303711,191.0,1471.0,5.5
127.497778,35.216111,1,12.602624893188477,9.785750389099121,1364.0,78.33082580566406,101.0,140.0,5.7
121.818326,25.058393,1,20.35387420654297,5.322249889373779,3361.0,25.187774658203125,676.0,304.0,4.9
120.99,24.12,1,17.71091651916504,5.925166130065918,2502.0,75.50316619873047,128.0,1079.0,4.8
140.183608,35.635728,1,15.111749649047852,8.045666694641113,1380.0,38.94172286987305,172.0,32.0,5.5
55.635952,-21.127832,1,16.919416427612305,6.135833740234375,1760.0,46.12233352661133,240.0,1128.0,5.3
121.817098,25.058067,1,20.35387420654297,5.322249889373779,3361.0,25.187774658203125,676.0,304.0,4.9
121.81539,25.058449,1,20.35387420654297,5.322249889373779,3361.0,25.187774658203125,676.0,304.0,4.9
121.804569,24.612411,1,21.90279197692871,5.782583713531494,2909.0,35.73944854736328,462.0,122.0,4.8
121.817097,25.058069,1,20.35387420654297,5.322249889373779,3361.0,25.187774658203125,676.0,304.0,4.9
153.261604,-28.22512,1,17.1668758392334,8.636083602905273,1876.0,46.3094367980957,202.0,480.0,4.9
126.846109,35.190456,1,13.534292221069336,10.432750701904297,1308.0,75.75316619873047,112.0,45.0,5.5
126.848611,35.891389,1,12.973333358764648,10.594666481018066,1231.0,76.20814514160156,107.0,13.0,5.8
121.138931,24.685312,1,20.3680419921875,6.200250148773193,2285.0,55.598121643066406,184.0,311.0,4.9
121.695463,25.040711,1,20.282791137695312,5.453750133514404,3301.0,25.581539154052734,656.0,307.0,4.8
135.783737,35.030408,1,14.383916854858398,8.640166282653809,1646.0,43.41466522216797,213.0,187.0,5.5
55.623589,-21.028041,1,19.74479103088379,5.638583183288574,1746.0,47.993412017822266,223.0,673.0,5.3
55.629112,-21.296734,1,17.095375061035156,6.393249988555908,1552.0,50.785369873046875,193.0,1156.0,5.5
30.347787,0.617432,1,19.57062530517578,11.006250381469727,1429.0,45.95125961303711,191.0,1471.0,5.5
39.734444,43.6875,1,12.795833587646484,8.0600004196167,1653.0,25.55557632446289,322.0,301.0,5.1
121.084876,24.635105,1,18.348125457763672,5.783750057220459,2522.0,61.892635345458984,183.0,760.0,4.8
121.127319,24.690092,1,20.3680419921875,6.200250148773193,2285.0,55.598121643066406,184.0,311.0,5.0
55.465462,-20.944994,1,18.323667526245117,5.671666622161865,1679.0,52.215579986572266,204.0,1036.0,5.4
55.623549,-21.028028,1,19.74479103088379,5.638583183288574,1746.0,47.993412017822266,223.0,673.0,5.3
57.512362,-20.419189,1,22.094249725341797,6.280333518981934,1797.0,48.32500076293945,211.0,282.0,5.1
55.629448,-21.297153,1,17.095375061035156,6.393249988555908,1552.0,50.785369873046875,193.0,1156.0,5.5
121.501136,24.902314,1,19.543790817260742,5.388583183288574,3065.0,39.15346145629883,453.0,441.0,4.9
-54.264937,-27.269396,1,19.973459243774414,11.995583534240723,1768.0,11.037678718566895,390.0,283.0,5.2
100.575682,21.969787,1,19.317041397094727,11.783916473388672,1559.0,83.9783706665039,56.0,1371.0,5.2
121.148246,24.705961,1,20.3680419921875,6.200250148773193,2285.0,55.598121643066406,184.0,311.0,5.3
121.204702,24.708905,1,19.043874740600586,5.865583419799805,2533.0,57.38471221923828,203.0,578.0,5.3
121.099362,24.709696,1,20.3680419921875,6.200250148773193,2285.0,55.598121643066406,184.0,311.0,5.5
120.996255,24.768397,1,21.646957397460938,6.473583221435547,1848.0,47.927040100097656,180.0,44.0,5.5
32.974818,-18.292639,1,18.331125259399414,11.083250045776367,1142.0,97.7216567993164,41.0,1094.0,5.6
55.627059,-21.026591,1,19.74479103088379,5.638583183288574,1746.0,47.993412017822266,223.0,673.0,5.2
41.007249,41.062249,1,10.987916946411133,8.602999687194824,1175.0,22.595125198364258,227.0,872.0,5.4
88.591911,27.17431,1,20.61137580871582,8.468083381652832,3573.0,103.88597869873047,49.0,1033.0,5.1
40.511599,41.021754,1,13.741071701049805,7.293253421783447,1787.0,35.14292526245117,277.0,137.0,5.5
30.35301,0.600888,1,19.57062530517578,11.006250381469727,1429.0,45.95125961303711,191.0,1471.0,5.4
121.312088,23.433173,1,19.906124114990234,5.531083106994629,2185.0,59.83652114868164,201.0,743.0,5.6
121.356887,23.472757,1,22.65166664123535,5.892499923706055,2172.0,62.91279602050781,189.0,176.0,5.7
121.662422,24.96665,1,20.223207473754883,5.4375834465026855,3190.0,30.962108612060547,555.0,317.0,4.6
121.423728,25.135447,1,20.966041564941406,5.832250118255615,2825.0,25.096942901611328,528.0,78.0,4.8
30.359722,0.609722,1,19.57062530517578,11.006250381469727,1429.0,45.95125961303711,191.0,1471.0,5.4
128.439722,35.138333,1,12.995115280151367,9.485249519348145,1461.0,76.26033782958984,94.0,141.0,5.7
130.211497,33.377508,1,13.672791481018066,6.786916732788086,2100.0,60.03594970703125,225.0,407.0,5.3
-42.875527,-20.767752,1,19.326541900634766,12.064249992370605,1289.0,77.4493637084961,66.0,746.0,5.1
139.415211,35.598749,1,14.593375205993652,8.960416793823242,1518.0,47.825599670410156,150.0,126.0,5.4
140.00435,35.940933,1,14.410749435424805,8.548333168029785,1315.0,44.83245849609375,133.0,14.0,5.6
121.148981,24.707036,1,20.3680419921875,6.200250148773193,2285.0,55.598121643066406,184.0,311.0,5.3
136.415047,36.161555,1,11.563833236694336,7.53849983215332,2250.0,20.38067054748535,456.0,443.0,5.0
121.678933,25.086495,1,21.28715705871582,5.498883247375488,3378.0,20.319324493408203,747.0,96.0,5.2
121.126522,24.689244,1,20.3680419921875,6.200250148773193,2285.0,55.598121643066406,184.0,311.0,5.0
121.126264,24.689128,1,20.3680419921875,6.200250148773193,2285.0,55.598121643066406,184.0,311.0,5.0
83.818161,28.41881,1,6.7382917404174805,10.102749824523926,924.0,76.4437255859375,83.0,3664.0,6.0
120.90905,23.88115,1,19.707250595092773,5.943166732788086,2506.0,83.1556396484375,107.0,744.0,5.0
55.62913,-21.297595,1,17.095375061035156,6.393249988555908,1552.0,50.785369873046875,193.0,1156.0,5.3
120.595691,23.59182,1,21.089332580566406,6.259500026702881,2447.0,91.79638671875,81.0,425.0,5.2
139.666352,35.729738,1,15.368416786193848,8.637833595275879,1488.0,46.975738525390625,142.0,47.0,5.5
128.41187,34.820289,1,13.7042818069458,8.683565139770508,1549.0,71.57146453857422,109.0,84.0,5.3
127.143511,35.797337,1,12.825249671936035,10.404500007629395,1282.0,79.43231964111328,105.0,86.0,5.5
139.666609,35.729733,1,15.368416786193848,8.637833595275879,1488.0,46.975738525390625,142.0,47.0,5.5
121.536736,24.492356,1,14.4107084274292,5.413083553314209,2805.0,38.73553466796875,359.0,1626.0,4.7
80.427088,6.989829,1,24.643917083740234,7.440667152404785,4223.0,43.378753662109375,453.0,441.0,5.2
55.629307,-21.297722,1,17.095375061035156,6.393249988555908,1552.0,50.785369873046875,193.0,1156.0,5.5
117.256792,29.261807,1,17.181875228881836,8.262749671936035,1673.0,58.17887496948242,169.0,118.0,5.2
135.553597,34.986581,1,13.310916900634766,8.504666328430176,1559.0,44.51852035522461,187.0,346.0,5.2
55.465431,-20.945139,1,18.323667526245117,5.671666622161865,1679.0,52.215579986572266,204.0,1036.0,5.4
120.596971,23.54409,1,19.789417266845703,5.974332809448242,2526.0,91.66825866699219,76.0,748.0,5.0
120.670438,23.037537,1,19.078332901000977,5.792666912078857,2881.0,96.15431213378906,77.0,941.0,5.1
139.381616,35.619631,1,14.593375205993652,8.960416793823242,1518.0,47.825599670410156,150.0,126.0,5.5
120.882036,23.919172,1,20.23204231262207,6.198749542236328,2461.0,82.95626831054688,105.0,597.0,5.0
126.576259,35.495764,1,12.921957969665527,9.645416259765625,1208.0,72.82594299316406,110.0,83.0,5.7
127.640939,35.264198,1,9.26491641998291,9.431833267211914,1546.0,80.39693450927734,107.0,805.0,5.8
120.617176,23.608697,1,21.089332580566406,6.259500026702881,2447.0,91.79638671875,81.0,425.0,5.2
121.806687,24.611538,1,21.90279197692871,5.782583713531494,2909.0,35.73944854736328,462.0,122.0,4.8
121.050575,24.677753,1,20.99683380126953,6.259166717529297,2037.0,53.18337631225586,171.0,159.0,5.2
107.380981,-7.15066,1,15.749166488647461,7.436666965484619,3323.0,49.68893051147461,312.0,1661.0,5.3
121.152026,24.893619,1,20.678667068481445,6.280166149139404,2066.0,42.37063980102539,226.0,204.0,5.3
80.689606,7.195807,1,23.108125686645508,8.280082702636719,2360.0,41.120819091796875,374.0,792.0,5.3
80.455971,6.41186,1,24.288249969482422,6.165666580200195,3885.0,33.36894607543945,605.0,467.0,5.2
139.065588,35.307437,1,12.603791236877441,8.826083183288574,1705.0,47.932674407958984,168.0,643.0,5.2
127.1715,35.81406,1,11.883500099182129,10.247833251953125,1300.0,80.11687469482422,104.0,220.0,5.9
127.0336,35.36988,1,12.246208190917969,10.088916778564453,1327.0,77.09939575195312,112.0,202.0,5.8
121.298837,24.632217,1,15.722416877746582,5.636332988739014,2486.0,53.73235321044922,228.0,1285.0,4.9
55.41464,-4.64703,1,26.323089599609375,5.352430820465088,2317.0,41.6448974609375,334.0,171.0,5.5
55.629004,-21.296619,1,17.095375061035156,6.393249988555908,1552.0,50.785369873046875,193.0,1156.0,5.5
91.605823,24.294317,1,24.662500381469727,10.59533405303955,2375.0,82.7090835571289,43.0,37.0,5.4
80.623718,7.238627,1,23.394624710083008,8.239250183105469,2591.0,33.06501770019531,458.0,718.0,5.1
105.203662,23.039766,1,20.19037437438965,7.940583229064941,1667.0,90.81330108642578,64.0,736.0,5.8
35.086601,-16.082387,1,19.5922908782959,10.39175033569336,1250.0,85.72895050048828,64.0,975.0,5.3
126.934722,34.668889,1,12.693249702453613,9.740166664123535,1437.0,72.41535186767578,112.0,227.0,5.8
55.580966,-20.963365,1,20.11162567138672,6.032750129699707,1634.0,53.67045593261719,195.0,708.0,5.3
121.812523,24.993741,1,19.43091583251953,5.16683292388916,3268.0,33.139862060546875,579.0,504.0,4.9
99.170013,20.025974,1,22.289875030517578,10.998749732971191,1334.0,83.53687286376953,37.0,945.0,5.7
99.171074,20.026691,1,22.289875030517578,10.998749732971191,1334.0,83.53687286376953,37.0,945.0,5.6
81.063131,6.871512,1,21.478166580200195,7.910666465759277,1860.0,57.36178207397461,153.0,1059.0,5.4
120.623765,23.581781,1,19.789417266845703,5.974332809448242,2526.0,91.66825866699219,76.0,748.0,5.1
55.629034,-21.296709,1,17.095375061035156,6.393249988555908,1552.0,50.785369873046875,193.0,1156.0,5.5
55.309518,-20.960229,1,23.928241729736328,6.804629802703857,1519.0,61.132362365722656,166.0,70.0,5.5
80.792091,6.972248,1,16.08074951171875,8.20383358001709,1936.0,29.025165557861328,320.0,1933.0,5.5
55.62915,-21.296075,1,17.095375061035156,6.393249988555908,1552.0,50.785369873046875,193.0,1156.0,5.5
81.045217,6.861747,1,21.478166580200195,7.910666465759277,1860.0,57.36178207397461,153.0,1059.0,5.3
80.698387,7.055527,1,18.547666549682617,8.148833274841309,2289.0,27.787918090820312,423.0,1515.0,5.3
30.095699,-0.375,1,20.252416610717773,10.692167282104492,1280.0,40.01230239868164,187.0,1460.0,5.4
139.331375,35.611033,1,14.064374923706055,9.095083236694336,1493.0,49.52802658081055,142.0,200.0,5.5
121.804767,24.612527,1,21.90279197692871,5.782583713531494,2909.0,35.73944854736328,462.0,122.0,4.8
120.605739,23.54023,1,19.789417266845703,5.974332809448242,2526.0,91.66825866699219,76.0,748.0,5.0
40.242709,40.80609,1,11.570291519165039,8.421416282653809,945.0,22.26527976989746,195.0,764.0,5.6
138.4089,36.9115,1,11.19225025177002,9.184999465942383,1564.0,22.149932861328125,274.0,388.0,5.2
55.623603,-21.137022,1,16.919416427612305,6.135833740234375,1760.0,46.12233352661133,240.0,1128.0,5.2
55.557283,-20.968254,1,20.11162567138672,6.032750129699707,1634.0,53.67045593261719,195.0,708.0,5.6
55.410665,-21.211408,1,18.448041915893555,6.105416774749756,1570.0,50.45746994018555,210.0,988.0,5.5
40.328737,40.986173,1,13.809772491455078,7.181364059448242,1475.0,33.0544548034668,249.0,126.0,5.5
121.421645,25.045554,1,21.836374282836914,6.466415882110596,2645.0,28.5,430.0,17.0,5.2
37.388192,-0.429743,1,18.29308319091797,11.365666389465332,1562.0,86.09553527832031,156.0,1590.0,5.2
126.845621,35.190596,1,13.534292221069336,10.432750701904297,1308.0,75.75316619873047,112.0,45.0,5.5
132.753611,33.885556,1,15.35151481628418,8.003704071044922,1655.0,49.271034240722656,176.0,169.0,5.5
103.08867,18.879953,1,19.515499114990234,10.07349967956543,1451.0,96.12890625,21.0,1408.0,6.0
138.467966,35.288983,1,12.969083786010742,8.996000289916992,1638.0,45.95022201538086,165.0,427.0,5.4
55.46033,-4.65956,1,26.01388931274414,5.563756465911865,2358.0,41.766082763671875,338.0,226.0,5.5
41.497711,41.403349,1,12.694574356079102,8.14696216583252,1703.0,28.770092010498047,283.0,470.0,5.3
139.453817,36.335591,1,13.588916778564453,9.042999267578125,1282.0,47.78582000732422,141.0,146.0,5.5
55.631669,-21.308625,1,17.095375061035156,6.393249988555908,1552.0,50.785369873046875,193.0,1156.0,5.5
88.170982,26.886673,1,21.284957885742188,8.653083801269531,3096.0,114.100341796875,33.0,979.0,5.3
129.297721,35.545676,1,13.760457992553711,9.422416687011719,1247.0,67.5542221069336,102.0,51.0,5.7
129.287778,35.5475,1,13.760457992553711,9.422416687011719,1247.0,67.5542221069336,102.0,51.0,5.7
129.298611,35.545833,1,13.760457992553711,9.422416687011719,1247.0,67.5542221069336,102.0,51.0,5.7
81.047255,6.910656,1,21.478166580200195,7.910666465759277,1860.0,57.36178207397461,153.0,1059.0,5.3
121.53157,24.850725,1,19.543790817260742,5.388583183288574,3065.0,39.15346145629883,453.0,441.0,4.9
55.629796,-21.2969,1,17.095375061035156,6.393249988555908,1552.0,50.785369873046875,193.0,1156.0,5.5
41.188541,41.199617,1,12.407666206359863,8.365333557128906,1554.0,28.382598876953125,259.0,532.0,5.1
39.296389,41.047778,1,13.70025634765625,6.713845729827881,980.0,24.95857810974121,199.0,219.0,5.5
55.626917,-21.026713,1,19.74479103088379,5.638583183288574,1746.0,47.993412017822266,223.0,673.0,5.2
39.2925,41.050278,1,13.70025634765625,6.713845729827881,980.0,24.95857810974121,199.0,219.0,5.5
121.599907,25.169563,1,20.146408081054688,5.309290885925293,3226.0,21.810651779174805,709.0,247.0,5.0
121.685076,25.040178,1,20.282791137695312,5.453750133514404,3301.0,25.581539154052734,656.0,307.0,4.7
121.833008,24.896295,1,19.967857360839844,5.214455604553223,3207.0,33.58320617675781,556.0,421.0,4.9
121.509357,25.250496,1,20.46147918701172,5.260714530944824,3079.0,22.545236587524414,689.0,109.0,5.5
121.599663,25.169392,1,20.146408081054688,5.309290885925293,3226.0,21.810651779174805,709.0,247.0,5.0
127.105944,35.765128,1,12.825249671936035,10.404500007629395,1282.0,79.43231964111328,105.0,86.0,5.5
139.298318,35.446168,1,14.36620807647705,8.673417091369629,1605.0,45.44521713256836,163.0,210.0,5.4
139.587928,35.568409,1,15.652999877929688,8.146332740783691,1561.0,43.37531661987305,159.0,20.0,5.5
121.804653,24.612552,1,21.90279197692871,5.782583713531494,2909.0,35.73944854736328,462.0,122.0,4.8
113.737226,25.172195,1,18.802583694458008,8.056833267211914,1497.0,61.09502029418945,125.0,274.0,6.1
113.737188,25.172202,1,18.802583694458008,8.056833267211914,1497.0,61.09502029418945,125.0,274.0,6.1
99.323308,18.947728,1,23.078750610351562,11.078332901000977,1125.0,83.82984924316406,21.0,864.0,5.6
135.462144,34.83655,1,14.083374977111816,8.803916931152344,1475.0,46.36396789550781,165.0,280.0,5.5
40.476145,40.916686,1,13.086041450500488,7.916083335876465,1490.0,31.32438087463379,253.0,339.0,5.5
120.621483,23.587328,1,21.089332580566406,6.259500026702881,2447.0,91.79638671875,81.0,425.0,5.0
135.783832,35.030617,1,14.383916854858398,8.640166282653809,1646.0,43.41466522216797,213.0,187.0,5.5
127.02456,35.729326,1,11.89745807647705,10.030082702636719,1299.0,78.67510223388672,106.0,235.0,5.6
126.846047,35.190376,1,13.534292221069336,10.432750701904297,1308.0,75.75316619873047,112.0,45.0,5.5
127.105937,35.765149,1,12.825249671936035,10.404500007629395,1282.0,79.43231964111328,105.0,86.0,5.5
127.642369,35.214089,1,11.58620834350586,9.542583465576172,1414.0,80.30732727050781,94.0,328.0,5.8
126.99805,35.209476,1,13.031749725341797,10.142000198364258,1321.0,76.39960479736328,110.0,104.0,5.7
99.333414,19.066978,1,21.475873947143555,10.92074966430664,1132.0,83.2679214477539,22.0,1187.0,5.6
121.590661,24.666445,1,20.150959014892578,5.723750114440918,2928.0,45.8974609375,371.0,434.0,5.3
114.198172,22.400325,1,21.868013381958008,5.74882173538208,2133.0,78.21121215820312,92.0,189.0,5.5
80.408158,6.736167,1,26.80670738220215,6.758083343505859,4072.0,37.587921142578125,519.0,78.0,5.2
55.73999,-4.332375,1,26.78510093688965,5.232828140258789,2285.0,43.08650207519531,315.0,86.0,5.7
139.535186,35.502376,1,15.38670825958252,8.31641674041748,1575.0,44.11526870727539,160.0,42.0,5.4
47.241222,-20.521453,1,16.620458602905273,11.176250457763672,1437.0,87.08092498779297,72.0,1472.0,5.4
48.435347,-19.013093,1,18.65250015258789,10.095999717712402,1900.0,68.43873596191406,191.0,1058.0,4.8
-58.478493,-34.596465,1,17.39787483215332,9.908583641052246,1099.0,22.798669815063477,192.0,21.0,5.5
139.937423,35.801216,1,15.076416015625,8.397000312805176,1346.0,44.715755462646484,134.0,25.0,5.7
139.266083,35.394508,1,15.41029167175293,8.773083686828613,1665.0,42.04437255859375,182.0,67.0,5.5
-80.189885,32.786401,1,18.220582962036133,11.597167015075684,1284.0,33.075130462646484,226.0,11.0,4.9
135.405112,35.474348,1,14.0600004196167,8.80960750579834,1800.0,18.792932510375977,388.0,116.0,5.3
139.673905,35.7218,1,15.615541458129883,8.039416313171387,1466.0,45.43366622924805,143.0,34.0,5.5
120.635679,23.752346,1,22.478708267211914,6.995250225067139,2073.0,92.06053161621094,75.0,136.0,5.4
-50.406944,-24.552222,1,18.24745750427246,12.580083847045898,1379.0,26.71286964416504,236.0,797.0,5.5
121.149724,24.750606,1,20.788124084472656,6.214916706085205,2116.0,48.23344421386719,201.0,196.0,5.0
120.081562,30.202276,1,16.06708335876465,7.939000129699707,1345.0,44.954166412353516,148.0,102.0,5.8
121.023184,24.655547,1,19.4375,5.938666343688965,2368.0,62.97378921508789,161.0,523.0,5.2
138.834,37.7379,1,12.962625503540039,7.665250301361084,2178.0,37.41415786743164,342.0,5.0,4.8
129.112579,35.208703,1,13.851541519165039,8.545916557312012,1406.0,67.72005462646484,107.0,112.0,5.6
-75.04178654202532,20.263613117233803,0,22.145666122436523,7.748833179473877,1602.0,51.38528823852539,166.0,622.0,5.9
97.12872234534055,40.44603215680031,0,7.415083408355713,14.981833457946777,73.0,58.50609588623047,7.0,1386.0,8.2
31.85714947938439,-11.652019412414852,0,19.77662467956543,11.598583221435547,1052.0,114.6815414428711,3.0,1293.0,5.9
-76.59580509241559,45.62469510708129,0,4.776958465576172,11.265083312988281,842.0,13.843466758728027,168.0,125.0,5.8
-58.08084955805887,-4.297486332909784,0,26.9950008392334,8.860833168029785,2398.0,52.578922271728516,244.0,57.0,4.1
56.18128993037408,46.76816366975333,0,8.527083396911621,11.35966682434082,156.0,20.657108306884766,28.0,86.0,7.7
102.0108323008076,41.027480965994776,0,9.317208290100098,15.191916465759277,48.0,94.58041381835938,0.0,1168.0,8.2
3.7522540789112213,44.585544460839294,0,6.2783331871032715,7.718166828155518,1255.0,27.029376983642578,214.0,1275.0,6.2
24.77691759777514,-32.54008185152476,0,18.12041664123535,16.235000610351562,318.0,40.44827651977539,46.0,689.0,7.3
-79.69028141927495,39.75134571164599,0,9.275833129882812,11.296333312988281,1173.0,14.90253734588623,250.0,645.0,4.3
72.06761733711252,50.45216695460922,0,2.501499891281128,11.152166366577148,295.0,33.3534049987793,46.0,494.0,7.1
-58.60910867789919,-4.818204671089916,0,26.896791458129883,8.93375015258789,2302.0,49.1577033996582,240.0,87.0,4.1
-101.12150633928722,36.239548741820876,0,13.67549991607666,15.987833023071289,490.0,57.784034729003906,41.0,946.0,7.1
-56.28752569680054,-1.746058099193128,0,26.757457733154297,8.859416961669922,2408.0,59.2244873046875,224.0,74.0,4.3
70.72446461537314,30.533980784034945,0,25.24479103088379,14.912416458129883,200.0,102.06768798828125,10.0,143.0,8.0
15.257720287490258,-12.550223955772015,0,18.944292068481445,12.519583702087402,1420.0,86.18319702148438,3.0,1689.0,6.0
115.19146694227331,48.34480872309917,0,1.3578333854675293,13.047333717346191,212.0,113.71865844726562,3.0,732.0,7.6
7.778068082424909,35.357230746321655,0,14.189042091369629,12.706083297729492,413.0,29.354297637939453,58.0,1156.0,7.7
-58.314994212831394,-17.949168618039547,0,26.328001022338867,11.348167419433594,1180.0,61.64275360107422,87.0,170.0,6.0
-87.21626166977632,45.24346102387607,0,6.7823333740234375,9.610666275024414,748.0,31.966520309448242,108.0,176.0,5.5
101.39502873767574,34.798063866878714,0,-0.10454168915748596,15.501250267028809,579.0,93.3091812133789,10.0,3621.0,7.2
-3.7490191330100657,50.29554291186192,0,10.513973236083984,5.947811126708984,989.0,30.009056091308594,165.0,86.0,6.0
-117.76609251074451,47.797326751191115,0,8.312582969665527,11.910499572753906,433.0,39.03485107421875,58.0,656.0,6.4
-88.21577403130158,15.171557088050598,0,23.018959045410156,10.953749656677246,1686.0,60.10618591308594,126.0,738.0,6.1
131.25944076514367,-28.812257081091694,0,19.651458740234375,15.183417320251465,209.0,19.978565216064453,41.0,320.0,7.6
-105.54415353511672,32.35324899380708,0,15.545833587646484,17.24683380126953,308.0,73.64688110351562,25.0,1395.0,7.8
-81.35456770397698,29.831049975996983,0,20.74504280090332,10.768750190734863,1253.0,37.88739776611328,213.0,17.0,4.5
-56.411513329453726,-32.72473555731635,0,17.77483367919922,11.136833190917969,1225.0,10.813996315002441,280.0,80.0,5.5
13.563313416597651,-6.1875400644901575,0,24.38716697692871,8.881166458129883,1017.0,85.5305404663086,5.0,316.0,5.4
36.845026394952725,50.59434081061827,0,6.632458686828613,8.060916900634766,581.0,21.836883544921875,109.0,183.0,5.9
-0.18910177768232472,9.238720706928703,0,27.548208236694336,11.24608325958252,1198.0,85.42316436767578,16.0,192.0,6.1
32.14939886650629,-13.589235792884534,0,22.169124603271484,12.595749855041504,973.0,118.35508728027344,1.0,949.0,6.3
57.07118932776072,37.64776775768815,0,15.066791534423828,12.181249618530273,314.0,55.90937042236328,25.0,719.0,7.7
121.44493788636589,11.817796750750205,0,27.695833206176758,6.669444561004639,3532.0,80.75090789794922,126.0,7.0,5.5
5.019371835753915,14.3586977916083,0,29.103500366210938,13.218666076660156,358.0,143.55674743652344,0.0,302.0,6.5
17.103683991524207,-18.939892595534676,0,22.156208038330078,16.27808380126953,478.0,111.62635803222656,2.0,1146.0,7.8
-94.57068244436105,46.45587190919746,0,4.627666473388672,12.411333084106445,691.0,54.18219757080078,57.0,427.0,5.7
12.93994192667796,13.642321832265303,0,28.638126373291016,15.107083320617676,242.0,168.7953643798828,0.0,297.0,7.6
69.43631326758774,34.41793226273429,0,9.822625160217285,12.616083145141602,514.0,88.76219177246094,29.0,2327.0,6.9
18.80865790776579,-22.145876937925976,0,19.067459106445312,16.804250717163086,381.0,98.85797882080078,2.0,1526.0,7.6
-40.716661555225755,-5.502301543950416,0,25.4617919921875,10.256416320800781,767.0,115.68939208984375,12.0,346.0,6.0
13.520520765818219,-6.9197744440151965,0,24.36520767211914,8.07508373260498,888.0,87.52119445800781,7.0,356.0,5.7
-4.447029238024797,20.67019446527417,0,28.61345863342285,14.552750587463379,24.0,98.47319030761719,0.0,279.0,7.8
-11.339041987562808,10.010138133070576,0,25.16462516784668,14.268583297729492,1929.0,90.19078063964844,19.0,456.0,5.2
19.85743570447849,40.439585250900215,0,13.748749732971191,10.866833686828613,1169.0,50.733150482177734,104.0,419.0,6.7
71.76418778503364,39.0258197823097,0,-8.3680419921875,9.811749458312988,977.0,39.68103790283203,114.0,4718.0,5.5
15.368719089770394,-3.753862502774389,0,23.73229217529297,10.139416694641113,1681.0,64.74539184570312,34.0,700.0,5.2
103.49117329447515,45.479636769562156,0,2.2146666049957275,14.173832893371582,153.0,111.12700653076172,4.0,1393.0,8.0
35.85831990369829,30.29840235292648,0,17.728708267211914,13.954750061035156,69.0,87.56021881103516,0.0,983.0,7.9
27.32352931652113,-29.135371486014698,0,14.498125076293945,15.945917129516602,709.0,64.96009826660156,39.0,1650.0,6.1
7.770946168002155,28.105716951964574,0,23.221708297729492,15.279083251953125,25.0,48.81217575073242,1.0,485.0,8.4
42.0833911290413,35.72993916790369,0,21.84320831298828,13.229416847229004,295.0,89.57659912109375,0.0,261.0,7.9
-5.301484671205685,38.961816223067096,0,15.75475025177002,12.553500175476074,525.0,55.06072998046875,35.0,411.0,6.2
16.825657420854753,-6.378112086249757,0,23.788665771484375,10.795999526977539,1491.0,66.23390197753906,26.0,574.0,5.1
99.65885758960314,16.16067879799221,0,27.872207641601562,11.300250053405762,1127.0,79.5245361328125,23.0,74.0,6.1
13.622454829368138,27.85373621235734,0,21.493999481201172,13.383500099182129,19.0,48.00435256958008,0.0,510.0,8.1
171.97942578412744,-41.97667956477206,0,10.337916374206543,8.926166534423828,2362.0,15.47184944152832,488.0,303.0,5.0
132.11051371992892,-12.993767108667463,0,27.565082550048828,11.96933364868164,1447.0,106.74494171142578,9.0,59.0,6.0
110.82523009025596,31.799230465721756,0,12.139374732971191,9.13741683959961,1127.0,64.74083709716797,58.0,1151.0,6.0
41.509796857046155,23.266225854094834,0,27.442916870117188,15.309999465942383,112.0,70.3115463256836,6.0,1043.0,8.2
4.524523535521723,31.838130751760552,0,22.443458557128906,13.825250625610352,46.0,50.55095672607422,2.0,261.0,8.3
99.53441536087524,34.20427531014433,0,-4.091333389282227,13.302499771118164,522.0,90.26732635498047,15.0,4385.0,7.1
78.64873637955253,21.140702554268238,0,26.12262535095215,13.035250663757324,1032.0,121.02108764648438,35.0,490.0,7.2
102.36824274438987,34.13824737689304,0,0.7362083196640015,14.012749671936035,665.0,88.20458221435547,12.0,3588.0,6.8
61.918333119966064,44.260178390967305,0,10.206375122070312,11.596917152404785,110.0,42.32383728027344,10.0,66.0,7.8
30.32205226280479,-2.5028838669049236,0,20.195457458496094,10.807416915893555,997.0,61.58183288574219,35.0,1480.0,5.7
141.82652194367785,-34.27459571553605,0,17.353208541870117,14.547416687011719,308.0,23.19017219543457,58.0,60.0,7.8
45.9829151737822,28.94664541447336,0,25.126249313354492,15.0086669921875,186.0,81.90486145019531,2.0,336.0,7.9
138.40415170022942,48.89436815857051,0,-2.7851250171661377,10.346750259399414,875.0,68.78155517578125,58.0,850.0,5.5
145.35142734549873,-19.520738140543845,0,22.935291290283203,12.998916625976562,689.0,97.511962890625,28.0,456.0,6.5
-87.13395341935802,43.32983116627563,0,8.741999626159668,8.032999992370605,841.0,27.02345848083496,136.0,175.0,5.5
90.99170343262679,39.37541324726515,0,6.781708240509033,15.663416862487793,28.0,87.07363891601562,1.0,1803.0,7.6
6.067817652428545,15.781859170437386,0,28.44154167175293,13.696083068847656,245.0,150.66412353515625,0.0,466.0,7.1
71.0374864215492,45.57905191209367,0,7.935083389282227,13.120499610900879,148.0,34.344512939453125,18.0,367.0,8.1
78.81436254484979,24.045771236447344,0,25.514999389648438,13.397832870483398,1185.0,147.18641662597656,22.0,465.0,7.1
-66.92887711314059,45.30540806487759,0,5.601999759674072,11.137999534606934,1231.0,10.987743377685547,282.0,68.0,4.5
82.50092041824698,23.30204600889291,0,24.553083419799805,11.78083324432373,1301.0,141.7803192138672,24.0,567.0,7.4
-39.67110283593637,-14.652415244684551,0,22.491374969482422,7.4822492599487305,1206.0,24.605451583862305,224.0,353.0,5.8
100.43485917156278,-0.14200012668563744,0,22.10712432861328,8.620416641235352,2373.0,27.9243221282959,366.0,817.0,4.9
105.50973035679047,39.527997675845604,0,9.428500175476074,15.006333351135254,125.0,89.90636444091797,5.0,1072.0,8.3
15.108362068529743,5.953564143988828,0,24.320749282836914,10.778833389282227,1396.0,80.26707458496094,16.0,691.0,5.6
102.68401834712554,-2.426488942700651,0,26.277374267578125,7.908916473388672,3096.0,30.12932777404785,453.0,73.0,4.7
-78.10372478143898,50.92832479948553,0,-0.09908328950405121,9.461666107177734,811.0,39.524749755859375,109.0,181.0,5.6
49.79525404704279,22.768732676853666,0,28.14179229736328,12.321249961853027,64.0,114.52111053466797,1.0,167.0,8.0
105.46906773168197,28.718487208539123,0,17.71324920654297,6.084166526794434,1111.0,67.5074691772461,74.0,366.0,5.7
99.1433813135447,37.2011578757048,0,-0.6976667046546936,14.547833442687988,283.0,106.3931655883789,2.0,3504.0,7.8
-95.63866366436538,41.452954014686775,0,9.734833717346191,12.177666664123535,816.0,51.18742370605469,66.0,358.0,6.2
2.775882193450272,47.342251302815676,0,10.275208473205566,9.301249504089355,754.0,10.72607135772705,166.0,265.0,6.8
-87.27555654774133,37.04850168014263,0,13.751041412353516,12.1475830078125,1260.0,14.301655769348145,261.0,160.0,5.6
50.45832895430843,29.83875103079425,0,24.49016571044922,14.21383285522461,264.0,123.9771728515625,1.0,43.0,7.6
-9.606824757915746,12.135804234421393,0,26.19670867919922,14.233750343322754,1085.0,118.73963928222656,1.0,523.0,5.9
72.91204674600885,19.27676422014708,0,26.976959228515625,9.550582885742188,2199.0,148.17938232421875,4.0,22.0,6.5
127.66178548556681,50.28921627726459,0,0.5247917175292969,11.915249824523926,543.0,96.67340087890625,19.0,123.0,6.0
28.669005429608035,-2.1224130988822054,0,15.125916481018066,9.170833587646484,1848.0,44.13839340209961,142.0,2154.0,5.1
-64.02287800490966,-14.120177150671175,0,25.851457595825195,10.491083145141602,1476.0,68.0797348022461,69.0,157.0,5.5
98.62331643095195,25.739154161289342,0,13.40945816040039,10.413582801818848,1327.0,69.00562286376953,82.0,2282.0,5.5
-41.89771238489416,-17.671010837269407,0,21.601959228515625,11.911250114440918,1049.0,78.03356170654297,51.0,654.0,5.6
-94.52410742661043,48.89689773209708,0,2.801500082015991,11.94083309173584,585.0,61.48451232910156,48.0,334.0,6.3
131.93712317092385,-21.355285513382587,0,24.383625030517578,15.504083633422852,319.0,89.66635131835938,19.0,489.0,7.6
141.5721665139182,-23.06163703254546,0,24.80208396911621,15.577834129333496,317.0,81.72844696044922,22.0,137.0,7.5
22.54480029586682,2.9657267282923527,0,24.70224952697754,10.612333297729492,1712.0,38.782386779785156,181.0,475.0,5.1
10.10042273486016,8.296642111701921,0,27.782875061035156,11.282916069030762,1300.0,92.30873107910156,4.0,124.0,5.9
62.88391099568298,37.76758025905594,0,16.980749130249023,14.616166114807129,172.0,86.17733764648438,2.0,234.0,7.9
125.71090659576561,-26.809555918188178,0,21.67791748046875,15.255167007446289,222.0,45.37019348144531,28.0,479.0,7.7
-80.38014375835508,-1.056214270442588,0,24.711042404174805,9.571749687194824,714.0,103.26280212402344,27.0,143.0,6.7
64.35359500251278,27.26734953971765,0,20.62554168701172,14.634249687194824,116.0,67.0502700805664,8.0,1308.0,8.0
-94.55554151834494,40.75420690933951,0,10.051291465759277,12.05958366394043,889.0,48.71234130859375,76.0,377.0,6.6
-91.41074418637555,42.11030041660897,0,8.774291038513184,11.734416007995605,896.0,44.1364860534668,94.0,273.0,6.5
98.06096576746344,50.11168731542248,0,-7.766083240509033,14.297332763671875,302.0,101.0699234008789,11.0,2013.0,7.0
102.13947694549807,39.937685692795405,0,9.098666191101074,14.868499755859375,77.0,95.24629974365234,0.0,1294.0,8.0
18.40636807561617,46.47573608136042,0,10.52299976348877,8.373833656311035,582.0,26.655256271362305,89.0,184.0,6.7
103.63533716582964,24.63348592056179,0,14.546875,10.631250381469727,988.0,80.87377166748047,52.0,1912.0,6.1
124.88187694588183,8.183972526083117,0,21.93091583251953,9.724499702453613,2837.0,31.132308959960938,440.0,1246.0,5.1
-6.923484707536403,33.426719274538776,0,16.906917572021484,11.334166526794434,434.0,73.46849060058594,8.0,388.0,6.7
-64.30291393324526,-4.67421674458263,0,26.482084274291992,9.249500274658203,2398.0,39.955963134765625,283.0,78.0,3.8
75.61504412534399,36.651562257057485,0,-10.775124549865723,10.99941635131836,147.0,50.79388427734375,18.0,5337.0,7.3
-87.41654569030293,47.59689570058607,0,4.341708183288574,6.08275032043457,855.0,23.850116729736328,143.0,179.0,5.5
51.11589281390113,50.592401547833695,0,6.450916767120361,10.862500190734863,287.0,19.76976776123047,53.0,18.0,7.4
16.794953195907084,30.818747078844417,0,19.732250213623047,11.410000801086426,138.0,85.58674621582031,1.0,125.0,8.0
-81.62932461578735,47.3110858793822,0,1.9162083864212036,12.541083335876465,791.0,25.6192626953125,137.0,432.0,5.1
23.722879193430003,6.663468786910215,0,24.700708389282227,12.972082138061523,1455.0,76.14285278320312,25.0,648.0,5.7
129.0055990489921,41.98525612914843,0,2.8651251792907715,11.531749725341797,685.0,90.54846954345703,29.0,868.0,5.8
131.00387488256897,-11.253276015749918,0,27.185577392578125,8.060897827148438,1539.0,103.03591918945312,12.0,9.0,5.5
-58.68614523243293,-30.28887882712139,0,19.64729118347168,12.266583442687988,1198.0,34.41929626464844,157.0,66.0,6.0
138.59931186623953,49.96933904496294,0,-1.7927082777023315,11.009583473205566,705.0,66.75562286376953,52.0,452.0,5.0
15.135420245633071,18.883079167756073,0,25.854707717895508,15.658748626708984,60.0,115.0318374633789,0.0,498.0,8.2
-101.00343952662683,45.97789521121519,0,6.363874912261963,13.209249496459961,418.0,65.661865234375,27.0,663.0,6.7
-84.75310505663873,31.863045793689842,0,18.049291610717773,13.23408317565918,1283.0,23.918560028076172,222.0,136.0,5.1
82.86838809184823,45.89662110697413,0,0.7417498826980591,11.489166259765625,334.0,52.63608169555664,32.0,1798.0,6.9
18.06520167268431,2.5241663733199005,0,24.77870750427246,9.953916549682617,1699.0,39.20970916748047,174.0,352.0,5.1
35.60431274244499,12.703754671750225,0,28.11520767211914,15.157249450683594,813.0,123.70576477050781,0.0,515.0,6.6
-94.47514348096823,50.663124787885856,0,1.3538331985473633,10.441333770751953,637.0,51.52799987792969,74.0,362.0,5.9
47.056033870483276,-16.060947692194897,0,26.631542205810547,13.243749618530273,1457.0,127.12213897705078,5.0,106.0,6.2
-88.60569853437107,44.54071051006601,0,6.575583457946777,11.675832748413086,785.0,38.12509536743164,96.0,240.0,5.9
26.58687652632247,28.10309680512588,0,21.148040771484375,14.466917037963867,27.0,76.6428451538086,0.0,138.0,8.1
18.7490207275047,49.939423223795224,0,8.460166931152344,9.002333641052246,737.0,40.71190643310547,104.0,265.0,5.8
36.6376869953387,29.596583904083666,0,19.565834045410156,14.569499969482422,28.0,59.08391571044922,0.0,895.0,8.1
58.11961815974442,32.40230988904036,0,21.289249420166016,15.878999710083008,137.0,101.14349365234375,1.0,826.0,7.8
46.33624009067037,8.668037329600523,0,24.090749740600586,11.654333114624023,190.0,111.50818634033203,5.0,864.0,7.8
-59.33609418408679,0.9855008526983795,0,26.53766632080078,8.5711669921875,1820.0,59.71083068847656,217.0,187.0,4.6
89.23610980465898,37.12436955934516,0,-4.725375175476074,14.840582847595215,146.0,123.05558776855469,0.0,4377.0,7.9
20.740002462251965,-0.2788870904608558,0,25.632125854492188,9.625916481018066,2119.0,23.253170013427734,428.0,347.0,4.6
-44.958698654162106,-12.967741171307217,0,23.25950050354004,13.041500091552734,1127.0,88.41478729248047,4.0,759.0,5.7
102.45736274894242,36.28328951867662,0,4.226875305175781,12.502583503723145,430.0,95.86044311523438,4.0,2614.0,8.1
19.158522328242867,27.883112685379167,0,20.704208374023438,13.20525074005127,8.0,39.08033752441406,0.0,256.0,8.1
134.09288471466056,-20.14846858946838,0,25.290082931518555,13.333499908447266,358.0,103.8559341430664,10.0,378.0,6.9
40.62782983907442,9.602791459856803,0,25.676082611083984,14.729499816894531,571.0,78.53289031982422,30.0,792.0,8.1
27.24408827364647,48.47187027147286,0,7.7439165115356445,8.995499610900879,594.0,42.81742477416992,96.0,259.0,6.8
36.48311815752416,20.281174894445925,0,24.607624053955078,12.956417083740234,56.0,77.59356689453125,1.0,714.0,8.2
-106.4919739846682,47.02505885772219,0,7.124458312988281,15.661916732788086,286.0,71.8055191040039,24.0,820.0,7.4
85.36696957259684,47.1302975289094,0,-5.484000205993652,9.838500022888184,456.0,56.53725814819336,38.0,2858.0,6.7
37.40793065916347,47.93014794380711,0,8.451958656311035,9.140083312988281,515.0,21.5682315826416,103.0,153.0,7.0
7.6335728359852055,50.71481477326308,0,8.771082878112793,8.313833236694336,1031.0,14.247786521911621,229.0,270.0,5.8
58.23124035891368,45.409592619162176,0,8.295958518981934,9.679749488830566,125.0,30.675888061523438,17.0,160.0,7.7
-64.98522904584927,-33.73101933778376,0,16.565750122070312,14.947333335876465,664.0,60.19026184082031,47.0,429.0,7.0
-89.55972113319784,14.138209160974888,0,24.207374572753906,11.725749969482422,1506.0,96.23246002197266,10.0,628.0,6.3
6.269109748290504,15.904650335923243,0,28.25404167175293,13.78308391571045,238.0,152.06275939941406,0.0,483.0,7.2
105.49575159984974,36.455429447672564,0,6.211291790008545,12.463916778564453,356.0,87.23645782470703,11.0,2019.0,8.1
45.89775795525159,10.706576550953905,0,27.520708084106445,9.292750358581543,70.0,56.10238265991211,9.0,265.0,8.0
146.6988450088205,43.80808169006411,0,4.925447940826416,5.03028678894043,1143.0,34.776283264160156,177.0,99.0,5.8
24.388007341709283,29.694576100142832,0,20.941707611083984,12.87558364868164,17.0,83.61624908447266,0.0,36.0,8.0
27.78288843103087,6.860314855513387,0,26.565624237060547,12.787083625793457,1100.0,85.85052490234375,8.0,530.0,6.1
-78.9033820242189,49.43246080200621,0,0.18958330154418945,12.134166717529297,868.0,40.653472900390625,112.0,285.0,5.4
135.13877914009015,46.360368323353306,0,1.3262916803359985,14.415750503540039,794.0,73.77503967285156,46.0,252.0,5.2
-94.84267467562205,36.46833566795636,0,14.701166152954102,12.525666236877441,1116.0,28.6785945892334,168.0,287.0,5.9
133.9889298916484,-13.166012564795892,0,26.292499542236328,12.186332702636719,1191.0,112.11521911621094,5.0,290.0,6.2
-80.78186603650192,8.964262219151315,0,26.16433334350586,6.974666595458984,2944.0,47.75263214111328,254.0,74.0,5.5
-55.8169193823516,-16.339585472687485,0,25.159042358398438,11.970250129699707,1408.0,69.41029357910156,56.0,139.0,5.5
120.95021525054179,-33.5420908028912,0,16.34637451171875,12.056583404541016,431.0,28.65467643737793,71.0,167.0,6.7
-55.922911315204246,-0.4264411853500931,0,25.757165908813477,8.873000144958496,2479.0,48.14558792114258,347.0,275.0,4.2
-86.13882650911609,44.21392740278235,0,7.431166648864746,10.675167083740234,857.0,26.269794464111328,146.0,228.0,4.8
144.39357349079506,-36.87279067952127,0,14.097833633422852,12.337833404541016,640.0,27.594345092773438,109.0,257.0,6.1
137.74040884311063,-25.2993122970085,0,23.170499801635742,15.421165466308594,114.0,44.5782356262207,12.0,70.0,7.9
42.716602767726556,15.388728618890397,0,29.143333435058594,7.280000686645508,53.0,72.77190399169922,3.0,3.0,5.5
-67.20507869005203,5.930964657140812,0,26.772499084472656,10.013500213623047,2352.0,75.23097229003906,85.0,195.0,5.0
-66.44272483567946,-40.55085440876054,0,14.569624900817871,14.749083518981934,252.0,22.519712448120117,46.0,216.0,7.7
79.53112318695838,33.63291799027703,0,-2.5872082710266113,14.736916542053223,50.0,107.55229187011719,2.0,4787.0,7.9
-65.81707534001758,-25.232358807222525,0,13.093667030334473,14.419333457946777,233.0,116.70303344726562,1.0,2566.0,7.2
44.96364257676342,24.66375644246002,0,25.868000030517578,14.82800006866455,150.0,105.77536010742188,1.0,777.0,8.0
-85.99911396801687,35.208944356966974,0,13.948624610900879,11.851249694824219,1545.0,16.066511154174805,312.0,445.0,5.8
-76.25026695007148,39.301007696800504,0,12.795370101928711,9.829629898071289,1123.0,11.400139808654785,250.0,7.0,5.5
94.95270741975585,32.14353651559811,0,-5.515291690826416,11.377583503723145,651.0,97.84452819824219,23.0,5132.0,6.5
79.64609383257553,36.619787902903646,0,5.414875030517578,13.62125015258789,24.0,94.2809066772461,0.0,2821.0,8.0
-105.82546873911426,37.34180151333448,0,5.660624980926514,20.382583618164062,220.0,62.31664276123047,19.0,2293.0,7.8
1.741081668749672,7.392046049586895,0,27.042041778564453,9.825416564941406,1021.0,63.98551559448242,35.0,148.0,6.3
16.37842165334081,5.9896412334403735,0,23.544082641601562,11.173832893371582,1409.0,82.43402862548828,20.0,827.0,5.5
144.25152372430404,-17.69464150684268,0,24.651166915893555,13.65683364868164,843.0,113.8803482055664,16.0,381.0,6.6
123.85043172077482,41.370298800804186,0,7.5432915687561035,11.14941692352295,801.0,103.44962310791016,26.0,242.0,6.3
-93.86383236748838,41.98044933817517,0,8.938541412353516,11.911083221435547,845.0,50.58650588989258,74.0,305.0,6.5
45.35636098509849,40.020202441626004,0,1.7153749465942383,9.939083099365234,562.0,39.944026947021484,84.0,2741.0,6.5
-90.8725187653224,51.12114809200636,0,-0.34337496757507324,11.149916648864746,722.0,45.4346923828125,91.0,384.0,5.4
33.00124061026784,-2.6754196872165537,0,22.65854263305664,11.739250183105469,972.0,69.95521545410156,30.0,1220.0,6.4
142.7874441092468,42.549323307152484,0,1.859624981880188,8.186583518981934,1351.0,35.16929626464844,193.0,1046.0,5.0
116.180240142119,37.343742880490204,0,13.058333396911621,10.623833656311035,529.0,124.31684875488281,15.0,24.0,7.9
-78.48576527620503,43.001408492415685,0,8.14554214477539,9.988916397094727,934.0,15.961594581604004,181.0,223.0,6.0
122.88868786991927,41.93756694010856,0,8.139416694641113,11.347833633422852,587.0,104.82115173339844,14.0,29.0,7.4
-4.949624331665461,26.370138807254285,0,26.520915985107422,15.871334075927734,13.0,47.81783676147461,0.0,459.0,8.2
26.171465854950185,6.821213050088616,0,25.139333724975586,12.423333168029785,1376.0,80.74486541748047,17.0,733.0,5.8
-3.4001781394405555,21.40966926021796,0,28.393917083740234,14.965499877929688,19.0,102.36074829101562,0.0,311.0,8.0
130.43906989102464,-21.949969639045964,0,24.353750228881836,15.18933391571045,348.0,82.53557586669922,16.0,554.0,7.5
21.32608456482353,29.290358826530245,0,22.127582550048828,12.738499641418457,19.0,58.25969314575195,0.0,28.0,8.1
18.616782653406318,-18.226099599351755,0,22.648250579833984,15.952667236328125,554.0,110.87505340576172,2.0,1166.0,7.4
113.458254750295,0.14538230009161168,0,24.380416870117188,9.122499465942383,4028.0,20.318904876708984,716.0,588.0,5.0
15.90608861056657,-23.691282660641154,0,19.28333282470703,15.135000228881836,121.0,116.594482421875,2.0,1053.0,8.5
-65.369162390048,-26.894248215122722,0,18.908708572387695,12.126583099365234,981.0,79.50176239013672,49.0,833.0,5.8
17.443474699361786,-25.56730541484908,0,19.68666648864746,15.571833610534668,184.0,110.76952362060547,3.0,1138.0,8.7
72.13782977997627,46.97664690956318,0,5.007166862487793,13.236833572387695,187.0,22.920103073120117,35.0,549.0,7.9
-51.99918279405071,-19.89204280247472,0,23.07291603088379,12.28166675567627,1386.0,67.99857330322266,76.0,436.0,5.5
-106.93292645587115,46.04559338511759,0,7.031291484832764,15.36258316040039,361.0,56.800811767578125,42.0,1081.0,6.9
65.57266948514118,40.045573489356265,0,14.138875007629395,13.374083518981934,239.0,76.47930908203125,6.0,529.0,7.6
109.66993495293048,24.38979351177553,0,20.230667114257812,7.6548333168029785,1632.0,67.85430908203125,140.0,160.0,5.6
-7.751068951125902,17.065389702060557,0,29.681833267211914,15.373499870300293,161.0,134.77688598632812,0.0,236.0,7.6
-108.5214574349138,28.686401417276265,0,14.875082969665527,18.49850082397461,882.0,96.6570053100586,46.0,1746.0,6.5
-60.286948581569426,-24.748320288272566,0,22.767208099365234,13.037750244140625,903.0,57.40097427368164,63.0,127.0,6.1
-76.59390605202788,21.184352457950418,0,26.28333282470703,8.979347229003906,963.0,52.614158630371094,103.0,13.0,7.3
-98.90039543784174,27.60517148302973,0,21.888750076293945,13.066999435424805,563.0,50.81259536743164,77.0,231.0,7.7
-102.51889717498558,44.714023589051685,0,7.574291706085205,14.462249755859375,403.0,71.59137725830078,27.0,841.0,7.3
-8.27892566760977,25.601784813464228,0,24.9112491607666,14.614333152770996,17.0,71.58052062988281,0.0,378.0,8.2
14.953760582389549,-3.279167876126209,0,24.356916427612305,9.721500396728516,1762.0,62.91419219970703,38.0,570.0,5.1
-5.316920409828683,26.799703251782084,0,26.110166549682617,15.41016674041748,14.0,51.44496154785156,0.0,451.0,8.2
-52.49067358098715,-12.697572373685883,0,25.211000442504883,14.258166313171387,1627.0,81.98307037353516,18.0,346.0,4.9
-92.70160651106653,30.63471719054609,0,19.420875549316406,11.697417259216309,1604.0,12.1825532913208,360.0,26.0,6.1
27.381876359426116,4.345789952955904,0,24.073375701904297,11.604583740234375,1641.0,57.8307991027832,78.0,700.0,5.5
7.165146453602233,50.48376161035535,0,7.985583305358887,7.011333465576172,876.0,10.826156616210938,201.0,467.0,5.9
-84.38120567942286,44.63183900319785,0,6.101291656494141,12.633417129516602,745.0,30.435468673706055,117.0,361.0,5.0
-71.80601758360984,49.182174623030114,0,0.48179158568382263,11.382416725158691,993.0,32.449684143066406,148.0,309.0,5.2
-4.0418096586317205,11.873733975618727,0,28.13541603088379,12.214499473571777,881.0,114.40978240966797,3.0,282.0,6.0
-90.22936642334892,20.160537478968727,0,26.593708038330078,13.231916427612305,1129.0,79.34712982177734,63.0,14.0,7.3
87.72090442687963,30.436607080904047,0,-2.372166633605957,13.89716625213623,233.0,87.32959747314453,16.0,5269.0,8.1
9.80367234073941,45.137949484051965,0,12.377124786376953,9.554250717163086,825.0,24.377552032470703,175.0,45.0,6.9
-53.24447768354909,-8.70331816617852,0,25.536582946777344,11.345666885375977,2031.0,69.57051086425781,48.0,339.0,4.8
118.22479137384641,51.08692004288309,0,-3.460791826248169,15.052916526794434,391.0,110.24652862548828,11.0,849.0,6.1
6.097886731876116,16.4578473371665,0,28.77574920654297,14.448332786560059,190.0,151.9811553955078,0.0,419.0,7.9
75.10334714878795,47.00258397253082,0,5.659291744232178,11.05441665649414,150.0,23.317562103271484,27.0,420.0,8.0
-47.318758990445914,-15.593046570874105,0,21.301958084106445,11.470916748046875,1426.0,84.9140625,21.0,929.0,5.4
72.4311289127248,23.737244112576924,0,26.829500198364258,14.171667098999023,620.0,155.0831298828125,4.0,110.0,7.3
-111.92410331883269,47.39579172043522,0,7.52595853805542,13.888583183288574,341.0,60.071475982666016,36.0,1225.0,6.8
123.99075289814147,-30.387681493303155,0,18.95425033569336,14.873167037963867,213.0,28.50624656677246,37.0,288.0,7.9
113.61423607201255,30.729772828288965,0,16.694374084472656,8.018750190734863,1146.0,52.77580261230469,111.0,25.0,6.9
-107.54141649229155,38.64830884162537,0,5.739166736602783,18.375,342.0,22.508808135986328,70.0,2326.0,7.3
122.90568780935712,7.534523165941387,0,27.182811737060547,8.019999504089355,2434.0,51.62228775024414,221.0,39.0,5.5
2.453506948802058,17.776597190412602,0,28.920166015625,14.306333541870117,125.0,147.58578491210938,0.0,391.0,8.0
-49.328130904747624,-21.65774350300054,0,22.099040985107422,11.630083084106445,1240.0,69.80652618408203,90.0,396.0,5.4
-1.8139514071877443,33.111553334168796,0,16.151708602905273,13.706417083740234,243.0,39.9874153137207,23.0,1252.0,8.1
133.6014575761235,42.92578762313786,0,5.110041618347168,10.290749549865723,762.0,64.7376480102539,58.0,202.0,5.4
26.75286882325389,21.479306899157073,0,23.14695930480957,16.07841682434082,5.0,63.55317306518555,0.0,518.0,8.2
128.2733573274964,50.35349171379904,0,-0.2720832824707031,11.890167236328125,539.0,95.86832427978516,19.0,167.0,6.0
-109.20335239330738,39.199237813681115,0,11.445667266845703,17.58449935913086,246.0,21.950693130493164,49.0,1474.0,7.9
131.0003212745161,47.85108053425849,0,1.9929165840148926,12.29699993133545,597.0,95.63941955566406,20.0,126.0,6.4
-93.7387975655848,46.21608031583303,0,4.872250080108643,11.123666763305664,713.0,55.88263702392578,57.0,377.0,5.5
20.38488434818524,38.11701297198682,0,17.741666793823242,7.266666889190674,830.0,76.6442642211914,24.0,18.0,5.5
75.80422951101531,21.389484301209244,0,25.308250427246094,13.078999519348145,867.0,127.97216033935547,9.0,658.0,7.1
-9.530135764537704,17.93791532572618,0,29.15250015258789,14.625834465026855,87.0,130.6645050048828,1.0,255.0,7.8
-4.792812371603475,21.140084600418994,0,28.691707611083984,14.788583755493164,19.0,102.36074829101562,0.0,271.0,7.9
-44.07318565212054,-3.8666338080380456,0,27.292207717895508,10.542916297912598,1847.0,86.32296752929688,78.0,55.0,5.3
75.9446505527979,18.065797870728872,0,26.83708381652832,13.231999397277832,758.0,107.37287902832031,10.0,525.0,7.7
32.78093714325141,-2.917717069503226,0,22.95633316040039,10.513833045959473,929.0,69.86351013183594,23.0,1141.0,6.4
16.088786303242756,-5.583295661197127,0,23.22429084777832,10.23224925994873,1559.0,65.86116027832031,26.0,760.0,5.2
110.70206782235374,27.335579062612673,0,12.926541328430176,7.505917072296143,1544.0,51.2272834777832,174.0,1202.0,5.5
65.7863967815988,28.2220920927387,0,20.82699966430664,14.851666450500488,154.0,72.1466293334961,8.0,1327.0,7.9
3.7046111763004603,8.788915180701451,0,25.925416946411133,11.332999229431152,1124.0,77.26753234863281,22.0,372.0,6.2
-63.93115267057901,-7.7850863542654665,0,25.929000854492188,10.573667526245117,2305.0,61.15876388549805,122.0,85.0,4.0
122.1398478557953,-20.709902872658105,0,26.956125259399414,15.509249687194824,374.0,100.26335906982422,10.0,247.0,7.7
142.82310056184411,-13.738998418446037,0,26.097917556762695,10.34866714477539,1328.0,119.21755981445312,7.0,112.0,5.9
25.41735173577905,43.55689148572164,0,11.90220832824707,11.764416694641113,553.0,24.842350006103516,105.0,84.0,7.2
56.76172757256714,28.837263721295663,0,15.113916397094727,11.105500221252441,186.0,84.037841796875,10.0,2188.0,7.7
97.94176578052654,32.34450998342198,0,-2.1197917461395264,12.62125015258789,595.0,93.28981018066406,18.0,4551.0,6.6
23.322372369879815,-30.097988352941677,0,17.96324920654297,16.63800048828125,260.0,67.83570861816406,21.0,1044.0,8.0
-109.9829619903673,40.232232561167855,0,8.137207984924316,17.334917068481445,209.0,28.115272521972656,35.0,1550.0,7.9
95.06316242249713,36.90118781554403,0,5.56220817565918,15.110583305358887,39.0,85.20648193359375,3.0,2687.0,7.9
-97.41635728937295,29.838810692960713,0,19.455707550048828,12.685583114624023,932.0,32.81592559814453,173.0,171.0,6.2
13.136929113538883,5.369796148966458,0,23.54537582397461,9.703083038330078,1540.0,72.23662567138672,32.0,718.0,5.3
32.241529708947354,6.995381189263966,0,27.87237548828125,13.340749740600586,870.0,78.64775848388672,12.0,423.0,6.4
116.82903695021574,41.07588192256845,0,7.5720415115356445,13.336750030517578,477.0,120.80239868164062,6.0,695.0,7.0
55.80577775174004,41.55588447018173,0,12.780416488647461,11.980000495910645,125.0,51.54414367675781,11.0,204.0,7.8
85.20329884566337,37.847234555771756,0,10.45383358001709,16.90333366394043,35.0,94.57049560546875,0.0,1422.0,7.7
17.0484320816866,-24.516755529921717,0,17.272916793823242,15.470666885375977,189.0,119.97488403320312,1.0,1389.0,8.9
149.7987102672006,-30.247983429141165,0,18.917875289916992,14.97641658782959,653.0,37.51757049560547,118.0,237.0,6.9
28.165718973028163,16.79136563358579,0,25.97425079345703,16.41033363342285,70.0,183.93072509765625,0.0,468.0,8.3
68.74492695153995,31.337784712651548,0,15.247958183288574,13.872249603271484,242.0,63.15476608276367,14.0,1899.0,7.8
-83.08070611560834,34.84350744024426,0,14.892583847045898,13.34749984741211,1551.0,10.016311645507812,359.0,337.0,5.2
90.77580556499066,26.48251911526402,0,24.507667541503906,9.336833953857422,2889.0,100.01264190673828,35.0,46.0,5.4
32.55855041097439,-4.871931107321593,0,23.2916259765625,11.808250427246094,1001.0,93.0954360961914,3.0,1176.0,5.6
124.96219429392389,48.92296360210617,0,0.7116250395774841,13.260250091552734,488.0,117.7638931274414,8.0,274.0,6.6
17.075017407389254,47.625531821207254,0,10.266833305358887,9.467833518981934,564.0,27.936729431152344,91.0,116.0,6.3
24.183810036968282,13.279448390779237,0,22.234832763671875,17.83416748046875,492.0,155.139404296875,0.0,1305.0,7.0
98.8027429632653,12.441304725316868,0,26.88949966430664,8.013166427612305,3127.0,97.11555480957031,51.0,54.0,5.5
24.753639038397864,-15.072279688385766,0,20.66170883178711,15.139249801635742,804.0,114.53778839111328,0.0,1168.0,5.9
-67.32166470932191,0.4197594911689819,0,26.264083862304688,9.807332992553711,2860.0,23.283641815185547,548.0,96.0,4.6
-55.22534456468283,-2.0416854073822748,0,26.852832794189453,8.410499572753906,1785.0,66.79624938964844,130.0,4.0,5.5
-61.088336484669746,-25.83339801785938,0,21.88629150390625,13.09041690826416,818.0,64.47737121582031,47.0,136.0,6.1
91.9407063095839,40.55668419988134,0,9.126625061035156,15.704083442687988,22.0,92.56744384765625,0.0,1312.0,8.0
22.432134828681825,1.7570606569588492,0,24.90595817565918,10.024083137512207,1825.0,31.491832733154297,242.0,449.0,4.7
51.27503088163189,11.915282751013635,0,25.146875381469727,7.8145833015441895,51.0,129.98263549804688,0.0,170.0,5.5
-80.75486936454774,-3.815529733103368,0,24.81745147705078,10.010265350341797,184.0,130.04281616210938,2.0,36.0,7.3
-88.04503091014952,40.32195860261084,0,10.53933334350586,11.444000244140625,980.0,26.469221115112305,158.0,224.0,6.2
23.916620734797874,41.07384873773416,0,13.653499603271484,10.401666641235352,521.0,28.951034545898438,80.0,327.0,7.2
-107.41968865161105,43.94118066196169,0,7.286041736602783,16.16408348083496,295.0,45.44539260864258,41.0,1448.0,7.2
96.17101233465365,39.68475322578151,0,2.5077083110809326,15.605416297912598,113.0,92.12165832519531,5.0,2722.0,7.8
110.47974368229521,-7.777901258871822,0,26.305084228515625,8.418832778930664,2095.0,73.26841735839844,100.0,118.0,5.6
-9.551721052219065,5.458045385910246,0,25.60777473449707,9.814690589904785,3498.0,59.858001708984375,329.0,18.0,5.5
-117.2876976539088,44.09839521570253,0,10.278541564941406,15.19041633605957,289.0,39.26301574707031,36.0,747.0,7.3
106.83380021692972,25.95989585880583,0,14.602582931518555,7.973499774932861,1204.0,70.94830322265625,68.0,1236.0,5.9
110.21585552780246,36.16476686379172,0,10.339083671569824,12.217499732971191,514.0,89.77981567382812,11.0,985.0,8.3
54.005646424013435,28.101404605795913,0,22.40862464904785,13.946083068847656,269.0,114.23291015625,7.0,832.0,8.0
-65.46406043426278,-41.162781551794374,0,14.205583572387695,13.507833480834961,244.0,23.16604232788086,46.0,178.0,7.8
-69.38978671382017,-24.613415221568104,0,14.247124671936035,15.09191608428955,7.0,42.22471237182617,0.0,2277.0,8.2
139.3178481361026,-8.044812926691094,0,27.207040786743164,7.505417346954346,1767.0,64.65135955810547,122.0,11.0,5.6
0.9778554121539003,5.918095368693997,0,27.073610305786133,6.019444942474365,920.0,72.4373550415039,64.0,1.0,5.5
19.814812818393108,28.60884611040769,0,20.21091651916504,13.189665794372559,18.0,55.267940521240234,0.0,255.0,8.2
113.28335667881379,34.33449414637351,0,13.755958557128906,10.451250076293945,671.0,82.05170440673828,28.0,360.0,7.4
126.48539033604149,-23.331575327524924,0,25.159542083740234,14.757583618164062,284.0,68.26178741455078,20.0,363.0,7.8
-61.65905140730173,-34.64985366354003,0,16.03008270263672,12.98900032043457,974.0,51.78776931762695,86.0,91.0,6.4
28.960494735469382,2.8515903083145915,0,24.13483428955078,11.133500099182129,1781.0,42.161033630371094,160.0,836.0,5.5
39.81220355394311,2.8821137812959208,0,25.133249282836914,10.04050064086914,358.0,116.9681396484375,5.0,687.0,7.5
-78.80885487141543,38.021019562113814,0,12.235041618347168,12.400750160217285,1129.0,13.620329856872559,233.0,401.0,5.0
-66.39728850404771,-10.91699334522555,0,26.868457794189453,10.085249900817871,1730.0,63.70663070678711,84.0,139.0,4.9
123.29074617296493,44.1669910462625,0,6.553708076477051,12.360416412353516,446.0,120.16533660888672,6.0,152.0,7.9
107.80715222813356,32.518168073818536,0,10.76129150390625,7.864083290100098,1000.0,69.72041320800781,40.0,1479.0,6.1
74.04445101688987,30.454600088379685,0,24.429250717163086,14.041500091552734,324.0,116.78477478027344,16.0,179.0,7.8
-37.56917277891384,-11.778395803838702,0,25.067651748657227,8.4007568359375,1523.0,53.27388381958008,185.0,8.0,5.1
69.39913137827284,46.47011690874647,0,6.8124165534973145,13.033499717712402,150.0,31.027626037597656,22.0,321.0,8.2
31.203578877071436,2.1023157713982954,0,24.600584030151367,10.409667015075684,1013.0,45.76472854614258,83.0,782.0,5.5
-50.28766222223415,1.938621783475277,0,26.83392906188965,7.22261905670166,2427.0,72.48994445800781,67.0,20.0,5.5
17.317489236291863,18.13089412547661,0,27.391542434692383,15.231083869934082,38.0,120.1453628540039,0.0,362.0,8.2
34.29765522023288,50.89121355484114,0,6.629291534423828,8.51675033569336,611.0,27.6146240234375,113.0,174.0,6.8
143.59425072816248,-21.73335727097157,0,24.296749114990234,15.211333274841309,438.0,90.0693359375,24.0,286.0,8.1
142.3656733217398,44.543972021501354,0,4.750041484832764,7.759416580200195,1134.0,33.657745361328125,180.0,238.0,5.0
-121.20099118648147,37.317106708041955,0,16.352792739868164,14.593250274658203,407.0,87.47949981689453,6.0,301.0,6.7
27.472430861000248,50.34138933542935,0,6.750583171844482,8.171667098999023,659.0,38.08601379394531,107.0,229.0,6.5
0.35290816254820356,28.439343683028447,0,24.860042572021484,15.036916732788086,16.0,38.04108810424805,1.0,342.0,8.4
90.23278243009739,50.52471788526557,0,-8.100749969482422,11.145999908447266,310.0,80.50871276855469,19.0,2858.0,6.7
52.63026786590149,19.412701993815688,0,28.549707412719727,13.681916236877441,72.0,82.62843322753906,4.0,205.0,8.1
130.841578961052,51.09499405775245,0,-3.6302082538604736,15.69225025177002,681.0,91.98442077636719,24.0,538.0,5.3
-46.88482321574746,-21.718662770164524,0,19.711624145507812,11.874250411987305,1458.0,74.83901977539062,75.0,906.0,5.4
-42.3392235857596,-13.123116684757782,0,24.28037452697754,13.267250061035156,783.0,90.62576293945312,5.0,550.0,6.3
-60.57375409267046,5.637554482425195,0,23.732458114624023,9.006916046142578,2012.0,45.06661605834961,288.0,547.0,4.8
80.06104712157435,29.457804205446102,0,19.5987491607666,10.956500053405762,1707.0,108.2284927368164,91.0,1242.0,6.1
127.38343849349093,-30.05394755382663,0,19.045833587646484,15.922499656677246,170.0,22.285560607910156,33.0,233.0,7.8
19.074057454328823,13.640569811483303,0,29.633874893188477,15.149916648864746,338.0,151.4639434814453,0.0,361.0,7.5
-50.61898817622922,-12.967560616000362,0,26.18691635131836,12.03516674041748,1552.0,85.4540786743164,14.0,215.0,5.4
39.075642750687024,22.921720276391476,0,28.795917510986328,13.601166725158691,66.0,101.73323059082031,1.0,51.0,8.0
104.97752398184153,48.38344166897783,0,-0.8859583139419556,14.474583625793457,289.0,112.94632720947266,7.0,1198.0,7.3
85.67859556954005,49.9473006660076,0,-5.28529167175293,8.14525032043457,628.0,57.62153625488281,49.0,2334.0,5.5
-118.40213601019073,44.3547008164222,0,3.440333366394043,14.907333374023438,500.0,37.54436111450195,69.0,1861.0,5.9
19.4055581057834,-0.9343449095538929,0,25.42791748046875,9.474166870117188,1993.0,25.800060272216797,347.0,341.0,4.6
-0.5773109231572846,13.486062433195201,0,28.43112564086914,14.441916465759277,543.0,132.11927795410156,0.0,313.0,6.4
-102.14707666756811,22.017709040647567,0,16.894582748413086,17.84583282470703,468.0,101.26473236083984,16.0,1976.0,7.3
55.575103255604006,19.8486782049386,0,28.188167572021484,14.29383373260498,97.0,86.36266326904297,3.0,109.0,8.1
112.09806994243837,42.97987331719751,0,4.297375202178955,13.62125015258789,186.0,110.20247650146484,5.0,1109.0,8.0
131.4357485178423,-20.620247880017633,0,25.005666732788086,15.377666473388672,362.0,103.78740692138672,13.0,446.0,7.4
-49.59754902677139,-28.240047036763258,0,12.793749809265137,9.366166114807129,1704.0,16.510822296142578,340.0,1471.0,5.1
-59.44802167558218,-34.989098400242476,0,17.129499435424805,13.001667022705078,1097.0,26.418197631835938,174.0,43.0,7.0
138.04749893562007,-19.486932026411765,0,25.32933235168457,16.03350067138672,456.0,106.84537506103516,13.0,265.0,7.6
100.74240187015369,32.39355994023631,0,-0.8245832324028015,13.454500198364258,725.0,90.15028381347656,15.0,4194.0,6.4
110.00369143631036,-1.2620142883456111,0,27.138683319091797,7.326014041900635,3386.0,25.365039825439453,564.0,28.0,4.9
123.99896214646071,44.339210043568066,0,5.851083278656006,11.934833526611328,466.0,119.29229736328125,8.0,181.0,7.9
120.37444088287089,41.975862303150386,0,6.947666645050049,12.540666580200195,475.0,119.30880737304688,7.0,622.0,7.6
-104.56087301814823,22.618486053217588,0,22.713375091552734,17.023584365844727,812.0,112.36751556396484,19.0,1100.0,6.3
101.5473919516958,4.573125015331655,0,21.03708267211914,8.787667274475098,2952.0,29.8104305267334,497.0,1040.0,4.8
49.45036655898082,32.848360898341205,0,13.58133316040039,14.000333786010742,319.0,86.65760040283203,3.0,2024.0,7.7
106.36205718963896,41.08325315582612,0,4.415208339691162,12.678750038146973,140.0,96.1811752319336,6.0,1784.0,8.2
134.07294590772142,-22.069658405779407,0,23.202457427978516,14.720417022705078,238.0,50.6263313293457,25.0,506.0,7.8
74.24490904225735,25.140604007620077,0,25.399917602539062,13.319999694824219,559.0,148.45643615722656,6.0,497.0,7.4
-89.61678257856208,15.226497545849341,0,20.438499450683594,8.363332748413086,2253.0,71.27752685546875,171.0,1154.0,5.8
-61.390509090017616,-0.5477039035184958,0,26.63716697692871,8.610666275024414,2438.0,35.50373077392578,414.0,42.0,4.0
113.92162882502069,36.793059715339744,0,11.666208267211914,12.003250122070312,605.0,108.61836242675781,14.0,588.0,7.4
-13.688254408409051,22.532534341079334,0,24.8886661529541,13.7611665725708,45.0,111.44525909423828,3.0,281.0,8.1
120.15885679560841,27.01254895163391,0,17.32724952697754,7.170666694641113,1582.0,54.60275650024414,142.0,272.0,5.5
-66.65995943993931,-35.480676113626714,0,16.07724952697754,17.31766700744629,393.0,53.06517028808594,31.0,357.0,7.4
55.291908134426336,31.529846682280414,0,20.3925838470459,16.151166915893555,112.0,94.12804412841797,2.0,1003.0,7.8
133.76489406329017,-1.055575734725899,0,19.386083602905273,8.2586669921875,3045.0,18.608694076538086,592.0,1437.0,5.0
93.69183991899064,23.556356849759787,0,18.28445816040039,9.608416557312012,1792.0,87.84716796875,43.0,1238.0,5.6
23.212936910555925,3.9085548115752857,0,25.084125518798828,10.864083290100098,1672.0,43.65955352783203,150.0,476.0,5.4
152.09107194262157,-27.8348671952758,0,16.888334274291992,11.254666328430176,768.0,45.718223571777344,100.0,617.0,6.6
-77.01518660701105,43.69141999969175,0,8.921500205993652,8.038166999816895,965.0,14.678001403808594,208.0,73.0,5.5
14.160098122185161,-1.6180444996682084,0,24.17479133605957,10.054750442504883,1941.0,57.038028717041016,71.0,602.0,5.2
-1.1075289485787465,10.302769878301618,0,28.405292510986328,11.943416595458984,1002.0,96.70035552978516,7.0,129.0,6.4
-118.2356633894196,34.83581891843723,0,16.928625106811523,15.989250183105469,188.0,84.16866302490234,7.0,754.0,7.6
114.4422988430882,35.83449270227194,0,14.077958106994629,10.785083770751953,552.0,106.08856964111328,17.0,82.0,7.8
134.07484416264225,-27.629533520909064,0,20.89316749572754,13.682000160217285,206.0,35.35060501098633,32.0,291.0,7.3
28.06149291845074,-21.269973372249552,0,21.009292602539062,14.476583480834961,429.0,98.5355453491211,2.0,941.0,6.9
-93.68876439390894,36.59983954389195,0,13.588708877563477,12.870749473571777,1121.0,22.569353103637695,197.0,387.0,6.0
43.535846419152335,30.73679155300247,0,23.3908748626709,14.951583862304688,90.0,100.1414566040039,0.0,354.0,7.9
26.745422916367886,-29.88406001188559,0,14.968125343322754,16.73324966430664,586.0,62.2446174621582,40.0,1543.0,7.0
-90.47836844914613,43.25059198714994,0,7.483250141143799,11.9375,836.0,42.39847946166992,89.0,296.0,6.0
63.125806947455544,27.60538472690707,0,24.22333335876465,15.164999961853027,63.0,93.57544708251953,2.0,714.0,8.1
-78.06004837844543,47.56392983293549,0,1.9701666831970215,11.533166885375977,961.0,27.684789657592773,166.0,332.0,5.2
40.00802359469458,15.204398765054911,0,24.04212188720703,10.385286331176758,266.0,67.29669189453125,21.0,11.0,7.5
55.71276033207934,33.7681155470351,0,21.91958236694336,12.43066692352295,104.0,89.46205139160156,0.0,706.0,7.3
-86.23444676025952,37.22360469717919,0,13.516458511352539,12.775750160217285,1296.0,14.798304557800293,268.0,206.0,5.4
-5.255194638278695,41.06191173103344,0,11.861624717712402,12.011916160583496,414.0,32.441650390625,60.0,820.0,7.0
-69.66873125856603,-11.417630327593471,0,24.532459259033203,11.150083541870117,1818.0,55.08019256591797,137.0,324.0,5.0
-9.429013562276609,21.43956522374686,0,27.374292373657227,14.836915969848633,26.0,98.79658508300781,0.0,372.0,8.0
-92.45738522625896,33.300358637055744,0,17.173500061035156,13.139333724975586,1322.0,11.858647346496582,285.0,39.0,5.0
80.78010481824404,48.799152552974824,0,2.4801249504089355,12.428083419799805,352.0,26.646936416625977,63.0,758.0,7.1
109.0428124884109,33.25838001482284,0,12.026583671569824,9.060999870300293,813.0,68.83641815185547,30.0,938.0,6.8
-62.241968189920584,7.5815035541847635,0,25.862998962402344,9.892833709716797,1456.0,61.25619125366211,120.0,204.0,5.8
148.91631885362528,-24.331110381958897,0,21.602375030517578,13.774582862854004,623.0,52.3363037109375,70.0,272.0,6.7
-67.78911261314182,-27.813912853163096,0,13.911041259765625,15.066583633422852,108.0,103.92304992675781,4.0,2229.0,7.8
71.84220498620883,38.654663819805045,0,3.7125415802001953,12.185583114624023,376.0,51.030216217041016,29.0,2893.0,6.4
112.11291063301456,-2.5004474510723966,0,26.970916748046875,8.510334014892578,2674.0,22.948537826538086,461.0,27.0,5.0
36.193157645469086,17.326261817909923,0,29.24420928955078,15.08708381652832,113.0,149.92652893066406,0.0,510.0,8.1
15.989013666179403,-8.666137723893605,0,21.208749771118164,13.521500587463379,1222.0,81.35955047607422,7.0,1152.0,5.6
111.45099483109408,48.13636020024794,0,-1.017875075340271,14.264416694641113,319.0,113.81248474121094,8.0,1225.0,7.4
19.723765977114624,3.3074327528501826,0,24.34429168701172,10.644416809082031,1718.0,44.786258697509766,136.0,516.0,5.6
18.312322081963316,4.7770920369949295,0,25.381500244140625,11.164166450500488,1464.0,65.1726303100586,59.0,409.0,5.4
144.26366215007607,-25.898535412758907,0,22.320541381835938,13.91925048828125,386.0,53.4246940612793,44.0,251.0,5.7
128.58195429152826,45.84312567186179,0,2.8200833797454834,12.374833106994629,570.0,103.24075317382812,16.0,150.0,6.3
-4.9662051842190635,10.046890018503227,0,27.145708084106445,10.49375057220459,1141.0,93.58924102783203,14.0,294.0,6.2
99.53179888302662,48.1284706359348,0,-3.8252499103546143,11.837499618530273,215.0,119.13658142089844,3.0,2064.0,7.2
40.14845130480424,7.965861722070116,0,21.117000579833984,13.98033332824707,819.0,58.91569519042969,50.0,1442.0,7.3
-74.57867498069982,20.340904001134476,0,25.365781784057617,6.903645992279053,2633.0,36.583213806152344,413.0,87.0,5.6
43.06741619859844,32.45705577385291,0,22.515291213989258,14.981917381286621,78.0,83.46051025390625,0.0,191.0,7.9
26.11854765103658,3.24657921622574,0,22.754125595092773,10.649916648864746,1782.0,44.806068420410156,147.0,655.0,5.4
10.198170306942643,20.454584054181268,0,26.545000076293945,14.713000297546387,14.0,78.30918884277344,0.0,488.0,8.2
103.45362217472785,34.78259198812349,0,1.448791742324829,12.299583435058594,618.0,87.71122741699219,8.0,3292.0,7.1
100.94946664540859,48.87624614311593,0,-1.0377081632614136,13.64858341217041,273.0,126.33013916015625,4.0,1610.0,7.0
114.10966548563206,-23.437692325361674,0,24.8802490234375,15.907999992370605,233.0,84.79550170898438,3.0,23.0,8.0
135.9335765615952,-32.7060931159836,0,17.522083282470703,13.924166679382324,285.0,28.937715530395508,48.0,170.0,7.9
-52.44316619733797,-17.35167316237079,0,21.012792587280273,12.631916046142578,1685.0,73.68508911132812,61.0,964.0,5.4
-58.75597642185892,-34.121882124647605,0,17.362499237060547,11.10966682434082,1003.0,23.12618637084961,171.0,6.0,5.5
42.33107081428679,45.157129085979456,0,10.239791870117188,10.009750366210938,503.0,35.80194854736328,73.0,272.0,6.9
93.16926896301177,38.83190337724992,0,2.5997917652130127,16.526416778564453,22.0,84.91062927246094,1.0,2774.0,8.3
37.28268686701193,5.193149923087169,0,22.609832763671875,12.41100025177002,544.0,50.902427673339844,71.0,1135.0,7.3
56.16816055786211,39.32446751863565,0,16.38858413696289,11.497166633605957,155.0,53.19821548461914,10.0,46.0,7.6
5.165359261586005,21.820197730339565,0,24.8231258392334,14.48425006866455,26.0,98.79658508300781,1.0,715.0,8.3
-104.61982260529828,34.36601935288028,0,13.769042015075684,17.539417266845703,357.0,64.16445922851562,38.0,1465.0,7.7
35.07228961104747,13.507109937400472,0,26.303916931152344,14.159667015075684,611.0,137.25726318359375,0.0,553.0,7.4
7.528927655527156,29.858327445026852,0,23.957792282104492,15.305583953857422,28.0,48.429893493652344,1.0,289.0,8.2
28.699603584340082,50.42682655738006,0,6.84137487411499,8.85141658782959,614.0,41.78125,93.0,221.0,6.8
94.23211104888068,29.292243986900665,0,2.201791524887085,10.97558307647705,584.0,89.65470886230469,15.0,4123.0,5.8
-73.93409309582651,9.843272894041178,0,28.29629135131836,11.339917182922363,1472.0,61.77036666870117,79.0,62.0,5.9
11.922532472360217,10.280688675765283,0,27.128250122070312,13.442333221435547,884.0,117.3028793334961,0.0,352.0,6.6
-64.4137503932344,10.340881731064663,0,26.027856826782227,8.85285758972168,732.0,63.26499557495117,45.0,73.0,5.5
-6.319336984595324,6.756069391866383,0,25.87270736694336,10.107416152954102,1207.0,53.7015495300293,82.0,231.0,6.0
-64.3954692418982,-38.0254463560366,0,15.703624725341797,15.250749588012695,426.0,41.079280853271484,49.0,112.0,7.5
-71.81261120806047,-36.96526291052554,0,10.892708778381348,13.381083488464355,1391.0,79.8350601196289,86.0,620.0,6.0
-69.076500946648,-4.340883471950015,0,26.14120864868164,8.663749694824219,2557.0,29.824125289916992,381.0,133.0,4.3
0.6958242088878279,34.52693106483478,0,15.220582962036133,12.992166519165039,313.0,38.931396484375,32.0,1064.0,7.6
72.09759129968145,43.544017369116894,0,10.385791778564453,13.144916534423828,230.0,44.29292297363281,21.0,497.0,7.7
103.60631679334514,49.635213836041224,0,-2.6795833110809326,14.839333534240723,450.0,110.5624008178711,13.0,1477.0,5.9
91.47768822057441,46.58310736689199,0,-1.9915416240692139,11.090916633605957,156.0,77.47164154052734,8.0,2210.0,6.9
-84.76064593396796,41.478414825454955,0,9.129166603088379,11.506333351135254,888.0,23.135961532592773,156.0,259.0,6.5
53.42774776224314,36.94446636381587,0,17.5362491607666,8.065999984741211,467.0,48.43047332763672,48.0,-29.0,5.5
14.885734692582503,17.346008680180567,0,27.052291870117188,15.582584381103516,55.0,141.9459228515625,0.0,396.0,8.1
14.269773511218972,10.35712443086939,0,27.166250228881836,12.807167053222656,814.0,123.44058227539062,0.0,428.0,7.0
26.28399671564705,15.185777688774174,0,25.169416427612305,17.95833396911621,167.0,175.66661071777344,0.0,985.0,8.2
131.07742459014622,-1.2421756004367097,0,27.504472732543945,6.3547797203063965,3082.0,29.875850677490234,562.0,26.0,5.5
52.849866800549165,21.473003236475343,0,28.82925033569336,13.681333541870117,71.0,97.17366790771484,2.0,99.0,8.0
-43.26377812957088,-17.548024809040466,0,21.565874099731445,11.980916023254395,1084.0,90.64997863769531,22.0,739.0,5.4
-74.51123518635717,3.9449210727159922,0,15.946416854858398,8.046333312988281,1593.0,29.46681785583496,303.0,2067.0,5.5
25.184041873340647,-33.02927740452454,0,18.66170883178711,14.503582954406738,300.0,32.30436325073242,48.0,358.0,7.5
58.146655095505366,38.678184875928885,0,16.89870834350586,11.940083503723145,159.0,62.05847930908203,6.0,78.0,7.7
118.07941558077889,45.22980784598902,0,1.566666841506958,13.89816665649414,319.0,105.97314453125,8.0,874.0,8.0
115.26563209552378,35.97250046954242,0,13.596875190734863,10.980250358581543,550.0,103.30409240722656,24.0,48.0,7.9
0.03809851955432464,19.70178922319277,0,28.567167282104492,14.392499923706055,70.0,130.419921875,1.0,432.0,8.2
-60.87588527523543,-3.472670419367091,0,26.86087417602539,8.022083282470703,2353.0,48.98130416870117,237.0,22.0,4.6
-63.020580916160704,-15.826285621788234,0,25.60012435913086,10.468916893005371,1167.0,61.54203796386719,108.0,246.0,5.7
69.17779567038849,38.62450922805255,0,11.761792182922363,10.740583419799805,700.0,79.61290740966797,17.0,1417.0,7.4
81.36138510975059,17.406786288092974,0,25.350915908813477,8.964332580566406,1186.0,103.93679809570312,17.0,478.0,5.9
7.018129319715143,43.94211574252582,0,10.889333724975586,8.057167053222656,856.0,32.01416015625,128.0,882.0,7.0
-47.91627299257807,-18.614861726737363,0,21.46270751953125,11.229249954223633,1505.0,89.00682067871094,20.0,853.0,5.3
25.45575208174867,0.6025055724606219,0,24.595582962036133,9.312333106994629,1725.0,30.811386108398438,263.0,463.0,4.5
-57.235669147964984,-23.776341780379575,0,24.04483413696289,12.071499824523926,1357.0,39.31351852416992,159.0,75.0,5.9
-45.007583054786636,-3.8589334572880887,0,27.225624084472656,10.314916610717773,1698.0,89.0544662475586,68.0,22.0,5.4
-4.724979593039819,27.24897390584362,0,26.101457595825195,15.886417388916016,13.0,52.01398468017578,0.0,398.0,8.2
120.44528206029966,-27.539988842909594,0,21.270915985107422,14.470666885375977,218.0,44.982669830322266,24.0,476.0,7.2
126.360671828692,-28.760665143471947,0,20.257959365844727,15.504583358764648,192.0,37.4560661315918,29.0,293.0,7.7
40.48782326756938,43.54188270309053,0,2.650791645050049,9.408249855041504,1424.0,16.95569610595703,273.0,2158.0,5.3
72.75640044913447,50.78494608343754,0,2.1319167613983154,10.8100004196167,318.0,32.24623489379883,50.0,565.0,7.0
149.47661548974753,-29.21196221430555,0,19.805583953857422,14.134666442871094,557.0,40.37146759033203,87.0,178.0,7.6
-74.24035118161493,-12.031273746425732,0,18.68487548828125,11.606249809265137,1539.0,41.51178741455078,208.0,1915.0,5.2
110.29257800268266,45.38175486851714,0,3.4588332176208496,13.983833312988281,133.0,123.68360137939453,3.0,854.0,7.9
19.73339344275894,-9.44644529588966,0,21.76449966430664,14.336666107177734,1415.0,75.90924835205078,19.0,1126.0,5.4
5.09890792898797,16.91132510456034,0,29.07699966430664,14.366499900817871,170.0,151.18724060058594,0.0,377.0,7.9
73.45378838909161,24.704816981947623,0,23.281999588012695,11.647833824157715,791.0,151.1328887939453,8.0,824.0,7.1
122.9064953901364,-27.600991654724417,0,20.519290924072266,14.273416519165039,207.0,46.32560729980469,21.0,521.0,7.5
144.67931440582328,-34.004554853545564,0,17.510042190551758,14.379083633422852,345.0,11.297045707702637,78.0,89.0,7.3
-79.01481385339598,34.59814432808408,0,16.7569580078125,13.396749496459961,1214.0,22.509654998779297,234.0,33.0,5.5
-70.07686167536757,-30.756002631869144,0,0.4748333692550659,11.319833755493164,182.0,57.95578384399414,21.0,3758.0,7.4
100.65103514558197,39.485983281790105,0,6.752333641052246,15.083666801452637,176.0,98.1830062866211,6.0,1734.0,8.2
62.218972896441585,44.85031172056457,0,9.787041664123535,11.965916633605957,105.0,36.36064910888672,12.0,71.0,7.8
48.85621933776332,38.22233752548835,0,13.958916664123535,7.659999847412109,857.0,54.61559295654297,80.0,62.0,7.0
73.79585693452486,35.065229238308156,0,-0.8854167461395264,10.445333480834961,665.0,42.92466735839844,81.0,4039.0,6.2
-57.380331667434675,5.338337279867986,0,26.84258270263672,8.58983325958252,2010.0,49.1097297668457,258.0,37.0,4.6
-2.8992413977548637,41.320486469426605,0,10.348041534423828,12.276082992553711,487.0,29.407379150390625,73.0,1165.0,7.5
-97.41268155129373,45.13816954364756,0,6.036583423614502,12.474833488464355,539.0,61.34281921386719,38.0,543.0,7.0
139.6949651441439,-17.907337759805323,0,26.763999938964844,12.072333335876465,912.0,127.64324188232422,8.0,7.0,6.7
104.41687998082534,30.94196413028974,0,16.150833129882812,7.505500316619873,938.0,97.56146240234375,26.0,549.0,7.0
-115.38813800967877,45.65222229551214,0,2.8335416316986084,16.192249298095703,695.0,28.708341598510742,111.0,1789.0,6.2
15.763111404242522,45.76602825613248,0,10.732291221618652,9.27358341217041,960.0,22.147274017333984,168.0,148.0,6.3
19.925593825824564,-4.02627701203734,0,24.64295768737793,9.103750228881836,1644.0,52.32740020751953,93.0,468.0,5.0
134.66480492933795,35.62737231235784,0,13.809020042419434,8.449019432067871,1931.0,21.783777236938477,372.0,139.0,4.9
48.13703573844916,10.07587283038594,0,23.196916580200195,12.581500053405762,127.0,93.08747100830078,5.0,1016.0,8.1
27.770733212129358,27.551148372072923,0,20.96500015258789,14.737166404724121,7.0,50.0817756652832,0.0,245.0,8.0
109.26843156563527,48.5373477526606,0,-4.4239583015441895,14.964249610900879,407.0,110.95072937011719,11.0,1892.0,6.8
54.917344872650034,50.37663938755235,0,5.045291900634766,10.344416618347168,295.0,18.963850021362305,58.0,194.0,7.2
-68.08719894499623,-13.13409995034792,0,25.644458770751953,10.805083274841309,1950.0,57.403263092041016,176.0,192.0,5.0
130.226013226264,-21.01465484406617,0,25.599750518798828,16.096500396728516,379.0,98.65735626220703,13.0,353.0,7.8
-12.8206891231454,15.795764526986382,0,29.937707901000977,14.212750434875488,304.0,144.19776916503906,2.0,72.0,6.7
20.96901117425864,10.625048270801578,0,27.475040435791016,15.53658390045166,799.0,118.14930725097656,0.0,435.0,6.3
-77.07096132024012,21.60916983279261,0,26.114999771118164,8.323332786560059,1062.0,55.781551361083984,104.0,4.0,5.5
17.375205428861506,-29.242287536561264,0,20.057416915893555,15.38949966430664,74.0,32.497676849365234,11.0,349.0,8.3
67.99326547057052,37.94236126012307,0,16.53675079345703,13.309666633605957,299.0,88.97381591796875,2.0,666.0,7.6
18.841440679860426,10.545561314175181,0,27.670207977294922,14.16825008392334,846.0,116.89603424072266,1.0,466.0,6.5
84.62856960350666,38.01326149457105,0,11.249750137329102,17.520666122436523,27.0,97.4113540649414,0.0,1257.0,7.9
130.5617697406603,-28.79481659348172,0,19.942750930786133,15.53849983215332,190.0,24.141883850097656,34.0,266.0,7.7
32.355580691237066,4.621992691165389,0,27.47337532043457,14.102916717529297,1000.0,62.8841438293457,38.0,564.0,6.2
-56.41097997230237,-0.7749261665908591,0,26.604999542236328,8.935832977294922,2589.0,47.82162857055664,377.0,112.0,4.1
21.084789463014175,9.945233138197061,0,27.282791137695312,15.297248840332031,856.0,110.26289367675781,1.0,419.0,6.1
120.19008691157129,-27.698357033692368,0,20.850292205810547,14.30091667175293,245.0,39.13975524902344,30.0,503.0,7.1
-80.5497419081591,48.58658526796045,0,1.0468748807907104,12.850749969482422,808.0,28.262083053588867,137.0,266.0,5.3
107.11548557784704,32.1883479581956,0,13.801041603088379,7.442416667938232,1022.0,74.78531646728516,35.0,955.0,5.8
-89.58850838489741,47.042688644863595,0,5.006583213806152,9.467999458312988,842.0,28.216716766357422,136.0,179.0,5.5
37.43181978684311,-2.352223046948808,0,21.866125106811523,11.744916915893555,632.0,91.06838989257812,9.0,1106.0,7.3
11.997823554822645,16.391264171201648,0,26.814083099365234,14.82800006866455,58.0,164.40142822265625,0.0,422.0,8.3
138.33454817816232,-27.80320164538968,0,22.187833786010742,14.469833374023438,153.0,39.96993637084961,25.0,30.0,7.5
70.80334183762415,30.63638325876817,0,24.909500122070312,14.209500312805176,195.0,100.290771484375,10.0,137.0,8.2
16.14794686981827,-22.676254706764354,0,18.136083602905273,14.990833282470703,262.0,119.2369384765625,3.0,1636.0,7.8
32.62637215407199,0.40532456641462744,0,21.62445831298828,10.825583457946777,1288.0,33.62086486816406,223.0,1184.0,5.3
-76.6911180690654,-3.4663906483757003,0,26.413875579833984,10.160249710083008,2269.0,12.387565612792969,487.0,204.0,4.6
91.13840182907617,28.47173404927529,0,-4.94279146194458,12.720250129699707,318.0,96.82565307617188,12.0,5485.0,6.6
0.9997786679102774,6.240780646808631,0,27.275291442871094,7.888583183288574,1018.0,61.47586441040039,84.0,35.0,5.5
105.24719617360219,32.19041236614975,0,13.992375373840332,7.533750057220459,878.0,94.42374420166016,17.0,1014.0,6.8
122.8493927564171,-24.723198479164786,0,23.798707962036133,15.355916023254395,230.0,69.12569427490234,16.0,409.0,7.8
-66.13206203506688,-16.419634434813005,0,22.199708938598633,12.005582809448242,2583.0,54.898258209228516,271.0,1089.0,5.2
-71.73091837808698,44.113327409767386,0,4.137249946594238,11.345832824707031,1314.0,12.997464179992676,273.0,782.0,4.2
-114.50738537377914,47.276517640987784,0,4.448958396911621,12.753417015075684,464.0,22.91291046142578,95.0,1552.0,6.0
39.4425682906826,3.7777859578651203,0,23.08041763305664,9.993833541870117,474.0,110.51091003417969,16.0,1019.0,6.9
-1.8554411676495164,28.47457188323566,0,25.0297908782959,15.563916206359863,12.0,60.302268981933594,0.0,300.0,8.2
120.50408885555655,-1.0566859838553029,0,27.096342086791992,8.47317123413086,2069.0,26.522811889648438,358.0,53.0,5.1
-81.45346299344345,31.384653909717166,0,19.55875015258789,10.809999465942383,1293.0,34.33475875854492,222.0,7.0,5.1
106.12776945142687,32.868040237976125,0,13.313375473022461,7.716416835784912,846.0,85.77823638916016,18.0,1026.0,5.9
174.175348066671,-36.05546547212905,0,14.620166778564453,7.771999835968018,1462.0,13.555439949035645,317.0,81.0,5.8
-68.47068525437366,6.652062112676525,0,27.683500289916992,9.715333938598633,2159.0,81.38436126708984,52.0,72.0,5.2
-0.820991592295556,27.447730200747507,0,25.473417282104492,15.263500213623047,11.0,56.53693771362305,0.0,237.0,8.3
112.36695943738968,-7.256816008250091,0,26.866748809814453,9.248167037963867,1707.0,84.97786712646484,46.0,51.0,6.2
107.93588418902118,37.51811030660728,0,8.04295825958252,13.876916885375977,363.0,96.29167938232422,8.0,1462.0,8.2
42.3641014036362,18.442536527711006,0,21.855541229248047,12.928417205810547,243.0,65.64127349853516,28.0,1926.0,7.8
66.00309917320595,44.496234228812575,0,10.58345890045166,13.085416793823242,147.0,52.10231399536133,9.0,138.0,7.6
-6.930145257568128,17.190928086673786,0,29.21329116821289,15.343083381652832,143.0,132.23074340820312,0.0,315.0,7.8
34.740405215946964,-7.967691614907594,0,21.865333557128906,11.376667022705078,698.0,105.78478240966797,0.0,1070.0,5.8
-57.91368567612956,-34.49786665322273,0,17.22614860534668,9.998275756835938,1109.0,20.583154678344727,205.0,19.0,5.5
17.562824854816427,1.5813717664005722,0,25.078458786010742,9.804583549499512,1711.0,34.20777893066406,213.0,339.0,4.7
-114.8548000728216,35.69079234192646,0,17.264083862304688,13.174833297729492,210.0,45.488399505615234,20.0,1155.0,7.9
-60.865331595720434,-14.901816254531415,0,25.708499908447266,11.58016586303711,1410.0,72.40370178222656,57.0,204.0,5.2
51.6090161274461,18.039426502954107,0,26.62237548828125,12.61775016784668,70.0,69.15827941894531,6.0,511.0,8.1
85.61964847670893,35.85943819951263,0,-8.706083297729492,13.725166320800781,111.0,122.28778076171875,1.0,5202.0,7.4
131.91970303294306,-15.198092540664899,0,26.60295867919922,12.952249526977539,871.0,114.39497375488281,6.0,191.0,6.4
77.78486981864026,47.472746034540414,0,4.028958320617676,13.087082862854004,265.0,26.34861946105957,49.0,656.0,7.7
22.681140453603035,-33.35180048624197,0,13.79366683959961,13.063000679016113,379.0,23.535982131958008,68.0,1144.0,7.4
108.16952466879863,38.46199546087524,0,7.506249904632568,13.967833518981934,316.0,103.77650451660156,8.0,1363.0,8.4
