lon,lat,temperatura_media,rango_diurno,precipitacion_anual,estacionalidad_precip,precip_trimestre_seco,elevacion,ph_suelo,prob_idoneidad
-82.90000000000018,8.05,25.924386978149414,8.888970375061035,3350.0,70.39978790283203,155.0,46.0,5.4,0.2782413940799256
-82.85000000000018,8.05,25.924386978149414,8.888970375061035,3350.0,70.39978790283203,155.0,46.0,5.5,0.29154504091281386
-82.95000000000017,8.100000000000001,25.98611068725586,8.850000381469727,3392.0,66.69017791748047,152.0,25.0,5.5,0.2239951823827588
-82.90000000000018,8.100000000000001,25.75984001159668,8.8657808303833,3276.0,67.18645477294922,140.0,77.0,5.5,0.30117524156894765
-82.85000000000018,8.100000000000001,25.75984001159668,8.8657808303833,3276.0,67.18645477294922,140.0,77.0,5.5,0.30117524156894765
-82.95000000000017,8.150000000000002,25.98611068725586,8.850000381469727,3392.0,66.69017791748047,152.0,25.0,5.5,0.2239951823827588
-82.90000000000018,8.150000000000002,25.75984001159668,8.8657808303833,3276.0,67.18645477294922,140.0,77.0,5.5,0.30117524156894765
-82.85000000000018,8.150000000000002,25.75984001159668,8.8657808303833,3276.0,67.18645477294922,140.0,77.0,5.5,0.30117524156894765
-82.95000000000017,8.200000000000003,25.68712043762207,8.978788375854492,3401.0,66.70785522460938,157.0,91.0,5.5,0.30899541534431024
-82.90000000000018,8.200000000000003,25.719749450683594,8.90583324432373,3349.0,67.67198181152344,172.0,86.0,5.4,0.3342334082576441
-82.85000000000018,8.200000000000003,25.719749450683594,8.90583324432373,3349.0,67.67198181152344,172.0,86.0,5.5,0.34047088876313214
-82.95000000000017,8.250000000000004,25.68712043762207,8.978788375854492,3401.0,66.70785522460938,157.0,91.0,5.4,0.3131280352264216
-82.90000000000018,8.250000000000004,25.719749450683594,8.90583324432373,3349.0,67.67198181152344,172.0,86.0,5.5,0.34047088876313214
-82.85000000000018,8.250000000000004,25.719749450683594,8.90583324432373,3349.0,67.67198181152344,172.0,86.0,5.5,0.34047088876313214
-83.15000000000016,8.300000000000004,25.460416793823242,9.270833969116211,3271.0,64.19673156738281,174.0,148.0,5.5,0.35806718335367715
-83.10000000000016,8.300000000000004,25.460416793823242,9.270833969116211,3271.0,64.19673156738281,174.0,148.0,5.5,0.35806718335367715
-83.05000000000017,8.300000000000004,24.435749053955078,9.291833877563477,3008.0,59.12446975708008,192.0,366.0,5.5,0.609124131606437
-83.00000000000017,8.300000000000004,24.435749053955078,9.291833877563477,3008.0,59.12446975708008,192.0,366.0,5.3,0.5639495578882726
-82.95000000000017,8.300000000000004,25.049448013305664,9.17763614654541,3089.0,54.06777572631836,249.0,242.0,5.3,0.3572499406869711
-82.90000000000018,8.300000000000004,25.89521026611328,9.052873611450195,2984.0,58.956932067871094,205.0,62.0,5.5,0.193435589253966
-82.85000000000018,8.300000000000004,25.89521026611328,9.052873611450195,2984.0,58.956932067871094,205.0,62.0,5.5,0.193435589253966
-82.80000000000018,8.300000000000004,26.240755081176758,8.982030868530273,3177.0,63.07504653930664,175.0,9.0,5.5,0.11983683836914137
-82.75000000000018,8.300000000000004,26.240755081176758,8.982030868530273,3177.0,63.07504653930664,175.0,9.0,5.5,0.11983683836914137
-82.70000000000019,8.300000000000004,26.248809814453125,8.711905479431152,3344.0,61.956581115722656,175.0,11.0,5.5,0.12932390760744658
-82.65000000000019,8.300000000000004,26.489351272583008,8.647222518920898,2984.0,62.420101165771484,151.0,5.0,5.5,0.08726413030021525
-82.6000000000002,8.300000000000004,26.489351272583008,8.647222518920898,2984.0,62.420101165771484,151.0,5.0,5.5,0.08726413030021525
-82.5500000000002,8.300000000000004,26.497135162353516,8.366146087646484,2982.0,61.73184585571289,150.0,10.0,5.3,0.08893985750205731
-83.40000000000015,8.350000000000005,26.331439971923828,9.720454216003418,3596.0,64.92945861816406,176.0,25.0,5.5,0.14388724116034754
-83.35000000000015,8.350000000000005,26.331439971923828,9.720454216003418,3596.0,64.92945861816406,176.0,25.0,5.5,0.14388724116034754
-83.30000000000015,8.350000000000005,25.59903907775879,9.649999618530273,3361.0,63.55267333984375,178.0,165.0,5.5,0.27565692747032455
-83.25000000000016,8.350000000000005,25.59903907775879,9.649999618530273,3361.0,63.55267333984375,178.0,165.0,5.5,0.27565692747032455
-83.15000000000016,8.350000000000005,25.454166412353516,9.466379165649414,3338.0,65.94209289550781,178.0,182.0,5.5,0.37244943608083714
-83.10000000000016,8.350000000000005,25.454166412353516,9.466379165649414,3338.0,65.94209289550781,178.0,182.0,5.2,0.30312317528800903
-83.05000000000017,8.350000000000005,24.87587547302246,9.48075008392334,3062.0,61.00759506225586,216.0,306.0,5.2,0.38897951533840636
-83.00000000000017,8.350000000000005,24.87587547302246,9.48075008392334,3062.0,61.00759506225586,216.0,306.0,5.5,0.5083681150633469
-82.95000000000017,8.350000000000005,25.624916076660156,9.30150032043457,3109.0,60.749420166015625,211.0,144.0,5.2,0.21320527045954824
-82.90000000000018,8.350000000000005,26.180583953857422,9.19849967956543,2996.0,60.05000305175781,188.0,28.0,5.3,0.10197619457327672
-82.85000000000018,8.350000000000005,26.180583953857422,9.19849967956543,2996.0,60.05000305175781,188.0,28.0,5.5,0.11398765490423822
-82.80000000000018,8.350000000000005,26.322166442871094,9.10433292388916,2965.0,59.48490905761719,194.0,13.0,5.7,0.10756032285865004
-82.75000000000018,8.350000000000005,26.322166442871094,9.10433292388916,2965.0,59.48490905761719,194.0,13.0,5.6,0.1018765589434819
-82.70000000000019,8.350000000000005,26.399250030517578,8.98799991607666,3050.0,66.65724182128906,163.0,12.0,5.7,0.14100881155418027
-82.65000000000019,8.350000000000005,26.477916717529297,8.970166206359863,2981.0,67.64390563964844,175.0,22.0,5.6,0.1402987490076966
-82.6000000000002,8.350000000000005,26.477916717529297,8.970166206359863,2981.0,67.64390563964844,175.0,22.0,5.6,0.1402987490076966
-82.5500000000002,8.350000000000005,26.564666748046875,8.766166687011719,2985.0,72.43779754638672,145.0,20.0,5.6,0.14460457153896134
-83.40000000000015,8.400000000000006,26.331439971923828,9.720454216003418,3596.0,64.92945861816406,176.0,25.0,5.5,0.14388724116034754
-83.35000000000015,8.400000000000006,26.331439971923828,9.720454216003418,3596.0,64.92945861816406,176.0,25.0,5.4,0.1462075238467158
-83.30000000000015,8.400000000000006,25.59903907775879,9.649999618530273,3361.0,63.55267333984375,178.0,165.0,5.4,0.2684204044454645
-83.25000000000016,8.400000000000006,25.59903907775879,9.649999618530273,3361.0,63.55267333984375,178.0,165.0,5.5,0.27565692747032455
-83.15000000000016,8.400000000000006,25.454166412353516,9.466379165649414,3338.0,65.94209289550781,178.0,182.0,5.5,0.37244943608083714
-83.10000000000016,8.400000000000006,25.454166412353516,9.466379165649414,3338.0,65.94209289550781,178.0,182.0,5.5,0.37244943608083714
-83.05000000000017,8.400000000000006,24.87587547302246,9.48075008392334,3062.0,61.00759506225586,216.0,306.0,5.5,0.5083681150633469
-83.00000000000017,8.400000000000006,24.87587547302246,9.48075008392334,3062.0,61.00759506225586,216.0,306.0,5.5,0.5083681150633469
-82.95000000000017,8.400000000000006,25.624916076660156,9.30150032043457,3109.0,60.749420166015625,211.0,144.0,5.8,0.2643194271737857
-82.90000000000018,8.400000000000006,26.180583953857422,9.19849967956543,2996.0,60.05000305175781,188.0,28.0,5.7,0.12355448295360187
-82.85000000000018,8.400000000000006,26.180583953857422,9.19849967956543,2996.0,60.05000305175781,188.0,28.0,5.9,0.157608343177995
-82.80000000000018,8.400000000000006,26.322166442871094,9.10433292388916,2965.0,59.48490905761719,194.0,13.0,5.6,0.1018765589434819
-82.75000000000018,8.400000000000006,26.322166442871094,9.10433292388916,2965.0,59.48490905761719,194.0,13.0,5.8,0.1077912062306508
-82.70000000000019,8.400000000000006,26.399250030517578,8.98799991607666,3050.0,66.65724182128906,163.0,12.0,5.6,0.1348805367655027
-82.65000000000019,8.400000000000006,26.477916717529297,8.970166206359863,2981.0,67.64390563964844,175.0,22.0,5.6,0.1402987490076966
-82.6000000000002,8.400000000000006,26.477916717529297,8.970166206359863,2981.0,67.64390563964844,175.0,22.0,5.7,0.14680734413386642
-82.5500000000002,8.400000000000006,26.564666748046875,8.766166687011719,2985.0,72.43779754638672,145.0,20.0,5.6,0.14460457153896134
-83.65000000000013,8.450000000000006,26.167917251586914,10.055832862854004,3708.0,66.25272369384766,201.0,38.0,5.5,0.18029303351507783
-83.60000000000014,8.450000000000006,26.167917251586914,10.055832862854004,3708.0,66.25272369384766,201.0,38.0,5.5,0.18029303351507783
-83.55000000000014,8.450000000000006,25.241859436035156,10.098076820373535,3140.0,60.60648727416992,183.0,224.0,5.4,0.23018192462447612
-83.50000000000014,8.450000000000006,25.241859436035156,10.098076820373535,3140.0,60.60648727416992,183.0,224.0,5.5,0.23555974117223624
-83.45000000000014,8.450000000000006,24.869762420654297,10.011428833007812,3319.0,47.59927749633789,308.0,299.0,5.5,0.37075355888141726
-83.40000000000015,8.450000000000006,25.75029754638672,9.803656578063965,3118.0,54.67866134643555,241.0,142.0,5.3,0.13781162991479642
-83.35000000000015,8.450000000000006,25.75029754638672,9.803656578063965,3118.0,54.67866134643555,241.0,142.0,5.3,0.13781162991479642
-83.30000000000015,8.450000000000006,26.07161521911621,9.642187118530273,3140.0,54.917510986328125,242.0,88.0,5.4,0.12293869246720537
-83.25000000000016,8.450000000000006,26.07161521911621,9.642187118530273,3140.0,54.917510986328125,242.0,88.0,5.5,0.11862701175461332
-83.15000000000016,8.450000000000006,26.41783332824707,9.548999786376953,3095.0,61.80109405517578,199.0,28.0,5.5,0.10820358202426307
-83.10000000000016,8.450000000000006,26.41783332824707,9.548999786376953,3095.0,61.80109405517578,199.0,28.0,5.5,0.10820358202426307
-83.05000000000017,8.450000000000006,26.23116683959961,9.567666053771973,3381.0,63.02988052368164,188.0,66.0,5.6,0.1566913687538551
-83.00000000000017,8.450000000000006,26.23116683959961,9.567666053771973,3381.0,63.02988052368164,188.0,66.0,6.0,0.2045421780106747
-82.95000000000017,8.450000000000006,26.317541122436523,9.357083320617676,3408.0,58.82059097290039,208.0,29.0,5.7,0.1278587972674452
-82.90000000000018,8.450000000000006,26.294082641601562,9.18850040435791,3480.0,59.03437805175781,218.0,23.0,5.9,0.1775893233251346
-82.85000000000018,8.450000000000006,26.294082641601562,9.18850040435791,3480.0,59.03437805175781,218.0,23.0,5.7,0.13729808771864557
-82.80000000000018,8.450000000000006,26.247499465942383,9.145833969116211,3296.0,60.02012634277344,183.0,40.0,5.9,0.17383353262446055
-82.75000000000018,8.450000000000006,26.247499465942383,9.145833969116211,3296.0,60.02012634277344,183.0,40.0,5.6,0.1380737623100636
-82.70000000000019,8.450000000000006,25.9913330078125,9.084333419799805,3144.0,64.37125396728516,188.0,97.0,5.5,0.2475508488394039
-82.65000000000019,8.450000000000006,26.0314998626709,9.037833213806152,3017.0,68.17363739013672,184.0,107.0,5.5,0.28966490897914854
-82.6000000000002,8.450000000000006,26.0314998626709,9.037833213806152,3017.0,68.17363739013672,184.0,107.0,5.4,0.2783085877565852
-82.5500000000002,8.450000000000006,26.182708740234375,8.913917541503906,2965.0,68.84288787841797,156.0,94.0,5.5,0.19903522922317754
-83.65000000000013,8.500000000000007,26.167917251586914,10.055832862854004,3708.0,66.25272369384766,201.0,38.0,5.5,0.18029303351507783
-83.60000000000014,8.500000000000007,26.167917251586914,10.055832862854004,3708.0,66.25272369384766,201.0,38.0,5.4,0.1759442779316801
-83.55000000000014,8.500000000000007,25.241859436035156,10.098076820373535,3140.0,60.60648727416992,183.0,224.0,5.1,0.16825747282189615
-83.50000000000014,8.500000000000007,25.241859436035156,10.098076820373535,3140.0,60.60648727416992,183.0,224.0,5.3,0.21266034103737289
-83.45000000000014,8.500000000000007,24.869762420654297,10.011428833007812,3319.0,47.59927749633789,308.0,299.0,5.3,0.3177884687767846
-83.40000000000015,8.500000000000007,25.75029754638672,9.803656578063965,3118.0,54.67866134643555,241.0,142.0,5.4,0.14843538098680578
-83.35000000000015,8.500000000000007,25.75029754638672,9.803656578063965,3118.0,54.67866134643555,241.0,142.0,5.7,0.15913704463948583
-83.30000000000015,8.500000000000007,26.07161521911621,9.642187118530273,3140.0,54.917510986328125,242.0,88.0,5.7,0.1271912258494118
-83.25000000000016,8.500000000000007,26.07161521911621,9.642187118530273,3140.0,54.917510986328125,242.0,88.0,5.5,0.11862701175461332
-83.15000000000016,8.500000000000007,26.41783332824707,9.548999786376953,3095.0,61.80109405517578,199.0,28.0,5.5,0.10820358202426307
-83.10000000000016,8.500000000000007,26.41783332824707,9.548999786376953,3095.0,61.80109405517578,199.0,28.0,5.7,0.1185811273685442
-83.05000000000017,8.500000000000007,26.23116683959961,9.567666053771973,3381.0,63.02988052368164,188.0,66.0,5.7,0.16057857867844977
-83.00000000000017,8.500000000000007,26.23116683959961,9.567666053771973,3381.0,63.02988052368164,188.0,66.0,6.1,0.19900506796902376
-82.95000000000017,8.500000000000007,26.317541122436523,9.357083320617676,3408.0,58.82059097290039,208.0,29.0,5.9,0.16120105308124322
-82.90000000000018,8.500000000000007,26.294082641601562,9.18850040435791,3480.0,59.03437805175781,218.0,23.0,6.0,0.1909575813495412
-82.85000000000018,8.500000000000007,26.294082641601562,9.18850040435791,3480.0,59.03437805175781,218.0,23.0,5.7,0.13729808771864557
-82.80000000000018,8.500000000000007,26.247499465942383,9.145833969116211,3296.0,60.02012634277344,183.0,40.0,5.4,0.12603286284630252
-82.75000000000018,8.500000000000007,26.247499465942383,9.145833969116211,3296.0,60.02012634277344,183.0,40.0,5.2,0.11026619298892361
-82.70000000000019,8.500000000000007,25.9913330078125,9.084333419799805,3144.0,64.37125396728516,188.0,97.0,5.5,0.2475508488394039
-82.65000000000019,8.500000000000007,26.0314998626709,9.037833213806152,3017.0,68.17363739013672,184.0,107.0,5.5,0.28966490897914854
-82.6000000000002,8.500000000000007,26.0314998626709,9.037833213806152,3017.0,68.17363739013672,184.0,107.0,5.4,0.2783085877565852
-82.5500000000002,8.500000000000007,26.182708740234375,8.913917541503906,2965.0,68.84288787841797,156.0,94.0,5.5,0.19903522922317754
-83.70000000000013,8.550000000000008,26.22541618347168,10.137499809265137,3647.0,65.36612701416016,190.0,28.0,5.5,0.16818476875096033
-83.65000000000013,8.550000000000008,26.21879768371582,10.102131843566895,3306.0,61.34408950805664,178.0,35.0,5.5,0.11403593847389883
-83.60000000000014,8.550000000000008,26.21879768371582,10.102131843566895,3306.0,61.34408950805664,178.0,35.0,5.3,0.1024218732650192
-83.55000000000014,8.550000000000008,25.67791748046875,10.100333213806152,2951.0,56.50710678100586,190.0,147.0,5.3,0.1176405331506689
-83.50000000000014,8.550000000000008,25.67791748046875,10.100333213806152,2951.0,56.50710678100586,190.0,147.0,5.1,0.09654080086455423
-83.45000000000014,8.550000000000008,24.741125106811523,10.164416313171387,3170.0,51.99995040893555,272.0,339.0,5.3,0.24385081840624206
-83.40000000000015,8.550000000000008,26.158777236938477,9.923227310180664,3114.0,57.18645477294922,214.0,76.0,5.4,0.0946388693499523
-83.35000000000015,8.550000000000008,26.158777236938477,9.923227310180664,3114.0,57.18645477294922,214.0,76.0,5.6,0.09482093159764267
-83.30000000000015,8.550000000000008,26.48876190185547,9.811363220214844,3297.0,62.300758361816406,188.0,24.0,5.5,0.09628520475575761
-83.25000000000016,8.550000000000008,26.48876190185547,9.811363220214844,3297.0,62.300758361816406,188.0,24.0,5.5,0.09628520475575761
-83.15000000000016,8.550000000000008,26.466495513916016,9.517694473266602,3087.0,58.581947326660156,200.0,41.0,5.5,0.09884528769842904
-83.10000000000016,8.550000000000008,26.466495513916016,9.517694473266602,3087.0,58.581947326660156,200.0,41.0,5.5,0.09884528769842904
-83.05000000000017,8.550000000000008,26.517791748046875,9.489583015441895,3465.0,62.80779266357422,187.0,27.0,5.6,0.13377548104157014
-83.00000000000017,8.550000000000008,26.517791748046875,9.489583015441895,3465.0,62.80779266357422,187.0,27.0,6.0,0.1911025387523609
-82.95000000000017,8.550000000000008,26.4932918548584,9.370583534240723,3532.0,61.26573181152344,191.0,12.0,6.1,0.19508038810836026
-82.90000000000018,8.550000000000008,26.026500701904297,9.18416690826416,3558.0,57.75246810913086,215.0,81.0,5.7,0.2063584390382664
-82.85000000000018,8.550000000000008,26.026500701904297,9.18416690826416,3558.0,57.75246810913086,215.0,81.0,5.4,0.20371076335747632
-82.80000000000018,8.550000000000008,25.42133331298828,9.184499740600586,3291.0,57.248748779296875,187.0,201.0,5.4,0.30339166167414705
-82.75000000000018,8.550000000000008,25.42133331298828,9.184499740600586,3291.0,57.248748779296875,187.0,201.0,5.4,0.30339166167414705
-82.70000000000019,8.550000000000008,24.961624145507812,9.205416679382324,3014.0,63.57678985595703,154.0,298.0,5.3,0.4499913194591163
-82.65000000000019,8.550000000000008,24.98699951171875,9.195333480834961,3032.0,64.228271484375,174.0,303.0,5.3,0.4745039688787266
-82.6000000000002,8.550000000000008,24.98699951171875,9.195333480834961,3032.0,64.228271484375,174.0,303.0,5.3,0.4745039688787266
-82.5500000000002,8.550000000000008,25.006750106811523,9.144000053405762,3068.0,62.59840774536133,194.0,309.0,5.3,0.48522725583142373
-83.70000000000013,8.600000000000009,25.798423767089844,10.277477264404297,3238.0,62.582130432128906,176.0,114.0,5.1,0.13969555573515863
-83.65000000000013,8.600000000000009,25.295665740966797,10.290666580200195,3110.0,50.065399169921875,295.0,216.0,5.4,0.17657325729079199
-83.60000000000014,8.600000000000009,25.295665740966797,10.290666580200195,3110.0,50.065399169921875,295.0,216.0,5.3,0.1596466872146504
-83.55000000000014,8.600000000000009,25.198333740234375,10.262166023254395,3142.0,50.79664993286133,284.0,244.0,5.3,0.1675489184000406
-83.50000000000014,8.600000000000009,25.198333740234375,10.262166023254395,3142.0,50.79664993286133,284.0,244.0,5.2,0.13893406201989933
-83.45000000000014,8.600000000000009,26.251468658447266,10.111457824707031,3107.0,59.50730895996094,185.0,49.0,5.4,0.09403511908774131
-83.40000000000015,8.600000000000009,26.459028244018555,9.94861125946045,3477.0,62.87701416015625,209.0,10.0,5.5,0.10324412066422883
-83.35000000000015,8.600000000000009,26.459028244018555,9.94861125946045,3477.0,62.87701416015625,209.0,10.0,5.5,0.10324412066422883
-83.30000000000015,8.600000000000009,26.103471755981445,9.704166412353516,2979.0,58.85911178588867,193.0,86.0,5.5,0.12412059310813552
-83.25000000000016,8.600000000000009,26.103471755981445,9.704166412353516,2979.0,58.85911178588867,193.0,86.0,5.5,0.12412059310813552
-83.20000000000016,8.600000000000009,25.808422088623047,9.662943840026855,3219.0,58.94487380981445,203.0,158.0,5.5,0.21239859691399288
-83.15000000000016,8.600000000000009,25.684412002563477,9.622156143188477,3260.0,60.143310546875,197.0,191.0,5.5,0.2538658424882939
-83.10000000000016,8.600000000000009,25.684412002563477,9.622156143188477,3260.0,60.143310546875,197.0,191.0,5.5,0.2538658424882939
-83.05000000000017,8.600000000000009,26.546125411987305,9.469249725341797,3493.0,59.65595626831055,204.0,27.0,5.7,0.12523741717207842
-83.00000000000017,8.600000000000009,26.546125411987305,9.469249725341797,3493.0,59.65595626831055,204.0,27.0,5.8,0.11828793488971599
-82.95000000000017,8.600000000000009,26.283916473388672,9.329334259033203,3553.0,58.23917770385742,227.0,49.0,6.0,0.19844408688069579
-82.90000000000018,8.600000000000009,24.942625045776367,9.336416244506836,3373.0,60.7015495300293,198.0,304.0,5.7,0.48184461871858325
-82.85000000000018,8.600000000000009,24.942625045776367,9.336416244506836,3373.0,60.7015495300293,198.0,304.0,5.5,0.5465814796409609
-82.80000000000018,8.600000000000009,23.882125854492188,9.463250160217285,3277.0,60.34903335571289,182.0,527.0,5.6,0.641334194508848
-82.75000000000018,8.600000000000009,23.882125854492188,9.463250160217285,3277.0,60.34903335571289,182.0,527.0,5.5,0.7930765178572325
-82.70000000000019,8.600000000000009,23.596750259399414,9.471166610717773,3003.0,62.66743850708008,153.0,583.0,5.2,0.6300275363307599
-82.65000000000019,8.600000000000009,23.24650001525879,9.47700023651123,3049.0,62.13679885864258,146.0,649.0,5.5,0.7066927708743935
-82.6000000000002,8.600000000000009,23.24650001525879,9.47700023651123,3049.0,62.13679885864258,146.0,649.0,5.3,0.6990609758815162
-82.5500000000002,8.600000000000009,23.198583602905273,9.447999954223633,3136.0,60.2108039855957,163.0,657.0,5.5,0.798449093443829
-83.70000000000013,8.65000000000001,25.798423767089844,10.277477264404297,3238.0,62.582130432128906,176.0,114.0,5.5,0.18536362293381706
-83.65000000000013,8.65000000000001,25.295665740966797,10.290666580200195,3110.0,50.065399169921875,295.0,216.0,5.1,0.12266636468811407
-83.60000000000014,8.65000000000001,25.295665740966797,10.290666580200195,3110.0,50.065399169921875,295.0,216.0,5.1,0.12266636468811407
-83.55000000000014,8.65000000000001,25.198333740234375,10.262166023254395,3142.0,50.79664993286133,284.0,244.0,5.3,0.1675489184000406
-83.50000000000014,8.65000000000001,25.198333740234375,10.262166023254395,3142.0,50.79664993286133,284.0,244.0,5.4,0.1838095202389126
-83.45000000000014,8.65000000000001,26.251468658447266,10.111457824707031,3107.0,59.50730895996094,185.0,49.0,5.7,0.10469334093810127
-83.40000000000015,8.65000000000001,26.459028244018555,9.94861125946045,3477.0,62.87701416015625,209.0,10.0,5.5,0.10324412066422883
-83.35000000000015,8.65000000000001,26.459028244018555,9.94861125946045,3477.0,62.87701416015625,209.0,10.0,5.5,0.10324412066422883
-83.30000000000015,8.65000000000001,26.103471755981445,9.704166412353516,2979.0,58.85911178588867,193.0,86.0,5.5,0.12412059310813552
-83.25000000000016,8.65000000000001,26.103471755981445,9.704166412353516,2979.0,58.85911178588867,193.0,86.0,5.5,0.12412059310813552
-83.20000000000016,8.65000000000001,25.808422088623047,9.662943840026855,3219.0,58.94487380981445,203.0,158.0,5.4,0.20643789919646782
-83.15000000000016,8.65000000000001,25.684412002563477,9.622156143188477,3260.0,60.143310546875,197.0,191.0,5.2,0.18836094018794977
-83.10000000000016,8.65000000000001,25.684412002563477,9.622156143188477,3260.0,60.143310546875,197.0,191.0,5.4,0.24050596849057054
-83.05000000000017,8.65000000000001,26.546125411987305,9.469249725341797,3493.0,59.65595626831055,204.0,27.0,5.8,0.11828793488971599
-83.00000000000017,8.65000000000001,26.546125411987305,9.469249725341797,3493.0,59.65595626831055,204.0,27.0,6.0,0.17142479850654205
-82.95000000000017,8.65000000000001,26.283916473388672,9.329334259033203,3553.0,58.23917770385742,227.0,49.0,5.5,0.14822366189274572
-82.90000000000018,8.65000000000001,24.942625045776367,9.336416244506836,3373.0,60.7015495300293,198.0,304.0,5.3,0.49553342429302477
-82.85000000000018,8.65000000000001,24.942625045776367,9.336416244506836,3373.0,60.7015495300293,198.0,304.0,5.2,0.4145769870303817
-82.80000000000018,8.65000000000001,23.882125854492188,9.463250160217285,3277.0,60.34903335571289,182.0,527.0,5.3,0.7854458302372074
-82.75000000000018,8.65000000000001,23.882125854492188,9.463250160217285,3277.0,60.34903335571289,182.0,527.0,5.5,0.7930765178572325
-82.70000000000019,8.65000000000001,23.596750259399414,9.471166610717773,3003.0,62.66743850708008,153.0,583.0,5.4,0.6827018718693763
-82.65000000000019,8.65000000000001,23.24650001525879,9.47700023651123,3049.0,62.13679885864258,146.0,649.0,5.4,0.6993357016764361
-82.6000000000002,8.65000000000001,23.24650001525879,9.47700023651123,3049.0,62.13679885864258,146.0,649.0,5.4,0.6993357016764361
-82.5500000000002,8.65000000000001,23.198583602905273,9.447999954223633,3136.0,60.2108039855957,163.0,657.0,5.2,0.7603923730177767
-83.90000000000012,8.70000000000001,26.668750762939453,10.104166984558105,3560.0,67.8846206665039,200.0,57.0,5.5,0.16431655883437268
-83.85000000000012,8.70000000000001,26.668750762939453,10.104166984558105,3560.0,67.8846206665039,200.0,57.0,5.5,0.16431655883437268
-83.70000000000013,8.70000000000001,25.97426414489746,10.274019241333008,3306.0,64.73926544189453,186.0,79.0,5.5,0.17660906176975535
-83.65000000000013,8.70000000000001,25.634069442749023,10.314412117004395,3115.0,58.306209564208984,187.0,151.0,5.6,0.15847442154372118
-83.60000000000014,8.70000000000001,25.634069442749023,10.314412117004395,3115.0,58.306209564208984,187.0,151.0,5.2,0.1208929608939006
-83.55000000000014,8.70000000000001,25.003999710083008,10.388999938964844,3081.0,52.129547119140625,232.0,283.0,5.3,0.20008351648747225
-83.50000000000014,8.70000000000001,25.003999710083008,10.388999938964844,3081.0,52.129547119140625,232.0,283.0,5.2,0.16221964381509743
-83.45000000000014,8.70000000000001,25.98381996154785,10.157361030578613,3421.0,62.276817321777344,197.0,94.0,5.5,0.1693045414146589
-83.40000000000015,8.70000000000001,25.9168643951416,10.001983642578125,3277.0,62.83855438232422,196.0,102.0,5.5,0.1926153686141028
-83.35000000000015,8.70000000000001,25.9168643951416,10.001983642578125,3277.0,62.83855438232422,196.0,102.0,5.5,0.1926153686141028
-83.30000000000015,8.70000000000001,25.53390884399414,9.96622371673584,3276.0,61.24470901489258,183.0,192.0,5.5,0.21062544304417827
-83.25000000000016,8.70000000000001,25.53390884399414,9.96622371673584,3276.0,61.24470901489258,183.0,192.0,5.2,0.16441481326314109
-83.20000000000016,8.70000000000001,25.673084259033203,9.852832794189453,3273.0,62.035789489746094,181.0,182.0,5.4,0.20761721675270667
-83.15000000000016,8.70000000000001,25.438791275024414,9.824915885925293,3336.0,58.966243743896484,201.0,236.0,5.5,0.24108061013919815
-83.10000000000016,8.70000000000001,25.438791275024414,9.824915885925293,3336.0,58.966243743896484,201.0,236.0,5.5,0.24108061013919815
-83.05000000000017,8.70000000000001,24.96120834350586,9.732083320617676,3290.0,54.222862243652344,211.0,322.0,5.5,0.32145024149315843
-83.00000000000017,8.70000000000001,24.96120834350586,9.732083320617676,3290.0,54.222862243652344,211.0,322.0,5.3,0.27447044848557867
-82.95000000000017,8.70000000000001,22.740625381469727,9.857583045959473,3175.0,57.9803352355957,181.0,759.0,5.2,0.6857851803034405
-82.90000000000018,8.70000000000001,22.888166427612305,9.887999534606934,3016.0,61.21756362915039,162.0,745.0,5.3,0.6907983413531661
-82.85000000000018,8.70000000000001,22.888166427612305,9.887999534606934,3016.0,61.21756362915039,162.0,745.0,5.2,0.6515027743106029
-82.80000000000018,8.70000000000001,23.134082794189453,9.77750015258789,3132.0,59.446266174316406,180.0,695.0,5.1,0.6155787239229111
-82.75000000000018,8.70000000000001,23.134082794189453,9.77750015258789,3132.0,59.446266174316406,180.0,695.0,5.3,0.6706273539756413
-82.70000000000019,8.70000000000001,21.775875091552734,9.692083358764648,3018.0,63.641502380371094,139.0,941.0,5.3,0.8710450375750296
-82.65000000000019,8.70000000000001,20.822458267211914,9.709083557128906,3199.0,60.880775451660156,151.0,1089.0,5.4,0.9405439571431882
-82.6000000000002,8.70000000000001,20.822458267211914,9.709083557128906,3199.0,60.880775451660156,151.0,1089.0,5.4,0.9405439571431882
-82.5500000000002,8.70000000000001,20.312957763671875,9.57075023651123,3138.0,52.84438705444336,201.0,1167.0,5.3,0.9365363951225002
-83.65000000000013,8.75000000000001,26.110416412353516,10.214062690734863,3424.0,61.93019104003906,190.0,64.0,5.5,0.14965375379997617
-83.60000000000014,8.75000000000001,26.110416412353516,10.214062690734863,3424.0,61.93019104003906,190.0,64.0,5.5,0.14965375379997617
-83.55000000000014,8.75000000000001,25.876249313354492,10.22933292388916,3182.0,59.99386978149414,196.0,115.0,5.2,0.12158726068554453
-83.50000000000014,8.75000000000001,25.876249313354492,10.22933292388916,3182.0,59.99386978149414,196.0,115.0,5.5,0.15665690936721433
-83.45000000000014,8.75000000000001,26.05299949645996,10.218833923339844,3409.0,62.190067291259766,209.0,86.0,5.4,0.16232734462690018
-83.40000000000015,8.75000000000001,26.161582946777344,10.091166496276855,3473.0,60.522396087646484,198.0,67.0,5.4,0.12235319393145282
-83.35000000000015,8.75000000000001,26.161582946777344,10.091166496276855,3473.0,60.522396087646484,198.0,67.0,5.5,0.11971201889856005
-83.30000000000015,8.75000000000001,26.21845817565918,9.991084098815918,3537.0,60.03556442260742,209.0,62.0,5.6,0.13087300581591396
-83.25000000000016,8.75000000000001,26.21845817565918,9.991084098815918,3537.0,60.03556442260742,209.0,62.0,5.4,0.13590105038822137
-83.20000000000016,8.75000000000001,24.32354164123535,10.142916679382324,3331.0,55.93553924560547,222.0,428.0,5.4,0.4311970254374817
-83.15000000000016,8.75000000000001,21.113082885742188,10.130666732788086,3216.0,54.63568878173828,230.0,1050.0,5.4,0.8969008033531238
-83.10000000000016,8.75000000000001,21.113082885742188,10.130666732788086,3216.0,54.63568878173828,230.0,1050.0,5.2,0.8836276785946409
-83.05000000000017,8.75000000000001,21.162416458129883,10.081500053405762,3142.0,59.822021484375,178.0,1059.0,5.1,0.9060842744305891
-83.00000000000017,8.75000000000001,21.162416458129883,10.081500053405762,3142.0,59.822021484375,178.0,1059.0,5.0,0.8093899860877942
-82.95000000000017,8.75000000000001,21.015958786010742,10.264750480651855,2957.0,64.9735107421875,144.0,1100.0,5.4,0.8480072493662105
-82.90000000000018,8.75000000000001,21.945249557495117,10.268333435058594,2939.0,59.873329162597656,156.0,952.0,5.4,0.6620608718630753
-82.85000000000018,8.75000000000001,21.945249557495117,10.268333435058594,2939.0,59.873329162597656,156.0,952.0,5.4,0.6620608718630753
-82.80000000000018,8.75000000000001,21.878957748413086,10.0652494430542,2882.0,57.705963134765625,189.0,947.0,5.3,0.776382613622722
-82.75000000000018,8.75000000000001,21.878957748413086,10.0652494430542,2882.0,57.705963134765625,189.0,947.0,5.2,0.7452437476534601
-82.70000000000019,8.75000000000001,20.05612564086914,9.876416206359863,2956.0,66.49020385742188,129.0,1236.0,5.3,0.9450584098156043
-82.65000000000019,8.75000000000001,17.775041580200195,9.809416770935059,3000.0,69.47989654541016,98.0,1587.0,5.5,0.9605193136269323
-82.6000000000002,8.75000000000001,17.775041580200195,9.809416770935059,3000.0,69.47989654541016,98.0,1587.0,5.2,0.963833756459224
-82.5500000000002,8.75000000000001,13.099374771118164,9.126916885375977,2858.0,64.08390808105469,125.0,2374.0,5.0,0.6277163865513654
-83.65000000000013,8.800000000000011,26.110416412353516,10.214062690734863,3424.0,61.93019104003906,190.0,64.0,5.5,0.14965375379997617
-83.60000000000014,8.800000000000011,26.110416412353516,10.214062690734863,3424.0,61.93019104003906,190.0,64.0,5.5,0.14965375379997617
-83.55000000000014,8.800000000000011,25.876249313354492,10.22933292388916,3182.0,59.99386978149414,196.0,115.0,5.7,0.15992321794160866
-83.50000000000014,8.800000000000011,25.876249313354492,10.22933292388916,3182.0,59.99386978149414,196.0,115.0,5.6,0.15570731159513862
-83.45000000000014,8.800000000000011,26.05299949645996,10.218833923339844,3409.0,62.190067291259766,209.0,86.0,5.7,0.16741363334423395
-83.40000000000015,8.800000000000011,26.161582946777344,10.091166496276855,3473.0,60.522396087646484,198.0,67.0,5.5,0.11971201889856005
-83.35000000000015,8.800000000000011,26.161582946777344,10.091166496276855,3473.0,60.522396087646484,198.0,67.0,5.6,0.1226508420682729
-83.30000000000015,8.800000000000011,26.21845817565918,9.991084098815918,3537.0,60.03556442260742,209.0,62.0,5.9,0.16370633672896426
-83.25000000000016,8.800000000000011,26.21845817565918,9.991084098815918,3537.0,60.03556442260742,209.0,62.0,5.4,0.13590105038822137
-83.20000000000016,8.800000000000011,24.32354164123535,10.142916679382324,3331.0,55.93553924560547,222.0,428.0,5.2,0.326248865941324
-83.15000000000016,8.800000000000011,21.113082885742188,10.130666732788086,3216.0,54.63568878173828,230.0,1050.0,5.1,0.8796259057963254
-83.10000000000016,8.800000000000011,21.113082885742188,10.130666732788086,3216.0,54.63568878173828,230.0,1050.0,5.1,0.8796259057963254
-83.05000000000017,8.800000000000011,21.162416458129883,10.081500053405762,3142.0,59.822021484375,178.0,1059.0,5.1,0.9060842744305891
-83.00000000000017,8.800000000000011,21.162416458129883,10.081500053405762,3142.0,59.822021484375,178.0,1059.0,5.2,0.9105041872463048
-82.95000000000017,8.800000000000011,21.015958786010742,10.264750480651855,2957.0,64.9735107421875,144.0,1100.0,5.2,0.8812709923203194
-82.90000000000018,8.800000000000011,21.945249557495117,10.268333435058594,2939.0,59.873329162597656,156.0,952.0,5.3,0.6758292665419805
-82.85000000000018,8.800000000000011,21.945249557495117,10.268333435058594,2939.0,59.873329162597656,156.0,952.0,5.4,0.6620608718630753
-82.80000000000018,8.800000000000011,21.878957748413086,10.0652494430542,2882.0,57.705963134765625,189.0,947.0,5.3,0.776382613622722
-82.75000000000018,8.800000000000011,21.878957748413086,10.0652494430542,2882.0,57.705963134765625,189.0,947.0,5.3,0.776382613622722
-82.70000000000019,8.800000000000011,20.05612564086914,9.876416206359863,2956.0,66.49020385742188,129.0,1236.0,5.4,0.9410733837967963
-82.65000000000019,8.800000000000011,17.775041580200195,9.809416770935059,3000.0,69.47989654541016,98.0,1587.0,5.4,0.9633469809588939
-82.6000000000002,8.800000000000011,17.775041580200195,9.809416770935059,3000.0,69.47989654541016,98.0,1587.0,5.2,0.963833756459224
-82.5500000000002,8.800000000000011,13.099374771118164,9.126916885375977,2858.0,64.08390808105469,125.0,2374.0,5.3,0.6271562988768052
-83.65000000000013,8.850000000000012,26.419551849365234,10.250640869140625,3360.0,64.3993148803711,173.0,10.0,5.5,0.1098848151673989
-83.60000000000014,8.850000000000012,26.419551849365234,10.250640869140625,3360.0,64.3993148803711,173.0,10.0,5.5,0.1098848151673989
-83.55000000000014,8.850000000000012,26.459426879882812,10.207070350646973,3495.0,62.195945739746094,184.0,13.0,5.8,0.12322541999539573
-83.50000000000014,8.850000000000012,26.459426879882812,10.207070350646973,3495.0,62.195945739746094,184.0,13.0,5.6,0.11187723387469961
-83.45000000000014,8.850000000000012,26.4927921295166,10.296916961669922,3542.0,60.17588806152344,200.0,14.0,6.0,0.16576850926086836
-83.40000000000015,8.850000000000012,26.307790756225586,10.320416450500488,3530.0,60.1702880859375,204.0,52.0,5.6,0.11794399959774725
-83.35000000000015,8.850000000000012,26.307790756225586,10.320416450500488,3530.0,60.1702880859375,204.0,52.0,5.9,0.13758485986412397
-83.30000000000015,8.850000000000012,24.690624237060547,10.532416343688965,3232.0,59.354583740234375,204.0,379.0,5.7,0.32623049535263415
-83.25000000000016,8.850000000000012,24.690624237060547,10.532416343688965,3232.0,59.354583740234375,204.0,379.0,5.1,0.2390120554949532
-83.20000000000016,8.850000000000012,22.448291778564453,10.481916427612305,3044.0,60.26788330078125,178.0,803.0,5.0,0.4620045424386007
-83.15000000000016,8.850000000000012,22.37700080871582,10.46166706085205,2956.0,61.82086944580078,161.0,835.0,5.1,0.5845732120575168
-83.10000000000016,8.850000000000012,22.37700080871582,10.46166706085205,2956.0,61.82086944580078,161.0,835.0,5.2,0.5966847559180288
-83.05000000000017,8.850000000000012,23.27520751953125,10.453749656677246,2696.0,60.69013977050781,140.0,677.0,5.2,0.4249391659834689
-83.00000000000017,8.850000000000012,23.27520751953125,10.453749656677246,2696.0,60.69013977050781,140.0,677.0,5.2,0.4249391659834689
-82.95000000000017,8.850000000000012,22.421958923339844,10.445416450500488,2778.0,59.75511932373047,148.0,868.0,5.2,0.5715487844307771
-82.90000000000018,8.850000000000012,21.241291046142578,10.346916198730469,2812.0,59.043426513671875,168.0,1066.0,5.3,0.9227119622979976
-82.85000000000018,8.850000000000012,21.241291046142578,10.346916198730469,2812.0,59.043426513671875,168.0,1066.0,5.5,0.917356763081399
-82.80000000000018,8.850000000000012,19.93000030517578,10.10283374786377,2820.0,64.73816680908203,155.0,1269.0,5.3,0.9536137523047069
-82.75000000000018,8.850000000000012,19.93000030517578,10.10283374786377,2820.0,64.73816680908203,155.0,1269.0,5.3,0.9536137523047069
-82.70000000000019,8.850000000000012,16.34320831298828,9.606416702270508,2846.0,67.54192352294922,136.0,1851.0,5.2,0.9611217348804159
-82.65000000000019,8.850000000000012,13.830249786376953,9.520333290100098,2868.0,58.46305847167969,197.0,2245.0,5.2,0.6401892339900738
-82.6000000000002,8.850000000000012,13.830249786376953,9.520333290100098,2868.0,58.46305847167969,197.0,2245.0,5.1,0.6164932346318598
-82.5500000000002,8.850000000000012,13.72237491607666,9.259416580200195,3004.0,50.671810150146484,285.0,2216.0,5.6,0.5200565075024518
-83.65000000000013,8.900000000000013,26.419551849365234,10.250640869140625,3360.0,64.3993148803711,173.0,10.0,5.5,0.1098848151673989
-83.60000000000014,8.900000000000013,26.419551849365234,10.250640869140625,3360.0,64.3993148803711,173.0,10.0,5.5,0.1098848151673989
-83.55000000000014,8.900000000000013,26.459426879882812,10.207070350646973,3495.0,62.195945739746094,184.0,13.0,5.8,0.12322541999539573
-83.50000000000014,8.900000000000013,26.459426879882812,10.207070350646973,3495.0,62.195945739746094,184.0,13.0,6.0,0.18089213165882662
-83.45000000000014,8.900000000000013,26.4927921295166,10.296916961669922,3542.0,60.17588806152344,200.0,14.0,5.9,0.15358902865258442
-83.40000000000015,8.900000000000013,26.307790756225586,10.320416450500488,3530.0,60.1702880859375,204.0,52.0,5.5,0.11398361938973334
-83.35000000000015,8.900000000000013,26.307790756225586,10.320416450500488,3530.0,60.1702880859375,204.0,52.0,5.6,0.11794399959774725
-83.30000000000015,8.900000000000013,24.690624237060547,10.532416343688965,3232.0,59.354583740234375,204.0,379.0,5.1,0.2390120554949532
-83.25000000000016,8.900000000000013,24.690624237060547,10.532416343688965,3232.0,59.354583740234375,204.0,379.0,5.1,0.2390120554949532
-83.20000000000016,8.900000000000013,22.448291778564453,10.481916427612305,3044.0,60.26788330078125,178.0,803.0,5.3,0.6236346776443079
-83.15000000000016,8.900000000000013,22.37700080871582,10.46166706085205,2956.0,61.82086944580078,161.0,835.0,5.3,0.6240026814609845
-83.10000000000016,8.900000000000013,22.37700080871582,10.46166706085205,2956.0,61.82086944580078,161.0,835.0,5.0,0.48091501670342224
-83.05000000000017,8.900000000000013,23.27520751953125,10.453749656677246,2696.0,60.69013977050781,140.0,677.0,5.2,0.4249391659834689
-83.00000000000017,8.900000000000013,23.27520751953125,10.453749656677246,2696.0,60.69013977050781,140.0,677.0,5.1,0.4302649448975364
-82.95000000000017,8.900000000000013,22.421958923339844,10.445416450500488,2778.0,59.75511932373047,148.0,868.0,5.2,0.5715487844307771
-82.90000000000018,8.900000000000013,21.241291046142578,10.346916198730469,2812.0,59.043426513671875,168.0,1066.0,5.3,0.9227119622979976
-82.85000000000018,8.900000000000013,21.241291046142578,10.346916198730469,2812.0,59.043426513671875,168.0,1066.0,5.4,0.9146480935487924
-82.80000000000018,8.900000000000013,19.93000030517578,10.10283374786377,2820.0,64.73816680908203,155.0,1269.0,5.3,0.9536137523047069
-82.75000000000018,8.900000000000013,19.93000030517578,10.10283374786377,2820.0,64.73816680908203,155.0,1269.0,5.0,0.9491108703807363
-82.70000000000019,8.900000000000013,16.34320831298828,9.606416702270508,2846.0,67.54192352294922,136.0,1851.0,5.2,0.9611217348804159
-82.65000000000019,8.900000000000013,13.830249786376953,9.520333290100098,2868.0,58.46305847167969,197.0,2245.0,5.0,0.6522472700360885
-82.6000000000002,8.900000000000013,13.830249786376953,9.520333290100098,2868.0,58.46305847167969,197.0,2245.0,5.3,0.6349477545652665
-82.5500000000002,8.900000000000013,13.72237491607666,9.259416580200195,3004.0,50.671810150146484,285.0,2216.0,5.1,0.49445603571094005
-83.65000000000013,8.950000000000014,26.410234451293945,10.344383239746094,3066.0,58.84850311279297,167.0,11.0,5.5,0.07116022110761451
-83.60000000000014,8.950000000000014,26.410234451293945,10.344383239746094,3066.0,58.84850311279297,167.0,11.0,5.6,0.07398791123139352
-83.55000000000014,8.950000000000014,26.44295883178711,10.445083618164062,3328.0,60.43279266357422,198.0,24.0,5.5,0.09219147834481686
-83.50000000000014,8.950000000000014,26.44295883178711,10.445083618164062,3328.0,60.43279266357422,198.0,24.0,6.0,0.12718888217788432
-83.45000000000014,8.950000000000014,25.547542572021484,10.575750350952148,3305.0,57.96568298339844,199.0,190.0,5.5,0.14967555055442655
-83.40000000000015,8.950000000000014,24.225000381469727,10.790666580200195,3254.0,58.722511291503906,202.0,449.0,5.3,0.2951869958270668
-83.35000000000015,8.950000000000014,24.225000381469727,10.790666580200195,3254.0,58.722511291503906,202.0,449.0,5.2,0.25297459465347366
-83.30000000000015,8.950000000000014,24.889333724975586,10.626500129699707,3102.0,56.84580612182617,206.0,319.0,5.4,0.22431493019099277
-83.25000000000016,8.950000000000014,24.889333724975586,10.626500129699707,3102.0,56.84580612182617,206.0,319.0,5.4,0.22431493019099277
-83.20000000000016,8.950000000000014,24.599916458129883,10.585166931152344,2688.0,58.1378059387207,171.0,393.0,5.2,0.1862549432624046
-83.15000000000016,8.950000000000014,24.6021671295166,10.519000053405762,2569.0,57.7288703918457,170.0,384.0,5.4,0.2324753361141965
-83.10000000000016,8.950000000000014,24.6021671295166,10.519000053405762,2569.0,57.7288703918457,170.0,384.0,5.4,0.2324753361141965
-83.05000000000017,8.950000000000014,23.677833557128906,10.52649974822998,2484.0,55.86710739135742,152.0,572.0,5.3,0.33006146263949915
-83.00000000000017,8.950000000000014,23.677833557128906,10.52649974822998,2484.0,55.86710739135742,152.0,572.0,5.0,0.15333772396539821
-82.95000000000017,8.950000000000014,21.370458602905273,10.330416679382324,2767.0,59.69023895263672,153.0,1007.0,5.1,0.911313132786736
-82.90000000000018,8.950000000000014,18.601791381835938,9.881250381469727,2877.0,66.83132934570312,125.0,1446.0,5.2,0.9635882607692954
-82.85000000000018,8.950000000000014,18.601791381835938,9.881250381469727,2877.0,66.83132934570312,125.0,1446.0,5.1,0.9612508715277244
-82.80000000000018,8.950000000000014,16.008499145507812,9.468667030334473,2738.0,68.06759643554688,117.0,1853.0,5.1,0.9624050399998775
-82.75000000000018,8.950000000000014,16.008499145507812,9.468667030334473,2738.0,68.06759643554688,117.0,1853.0,5.1,0.9624050399998775
-82.70000000000019,8.950000000000014,15.213041305541992,9.24858283996582,3212.0,38.863372802734375,421.0,1972.0,5.1,0.6831897499379608
-82.65000000000019,8.950000000000014,16.8853759765625,9.284417152404785,3498.0,32.07502746582031,508.0,1704.0,5.1,0.3368886948076683
-82.6000000000002,8.950000000000014,16.8853759765625,9.284417152404785,3498.0,32.07502746582031,508.0,1704.0,5.2,0.40135516736165017
-82.5500000000002,8.950000000000014,19.265583038330078,9.135666847229004,3441.0,34.610286712646484,456.0,1295.0,5.0,0.823052398488382
-83.70000000000013,9.000000000000014,26.262500762939453,10.358333587646484,2829.0,59.74074935913086,165.0,28.0,5.5,0.07430039028607836
-83.65000000000013,9.000000000000014,25.988183975219727,10.474542617797852,3188.0,57.06485366821289,178.0,83.0,5.5,0.1071720740382769
-83.60000000000014,9.000000000000014,25.988183975219727,10.474542617797852,3188.0,57.06485366821289,178.0,83.0,5.5,0.1071720740382769
-83.55000000000014,9.000000000000014,24.045541763305664,11.069416999816895,3024.0,56.37064743041992,180.0,461.0,5.5,0.21984746604229924
-83.50000000000014,9.000000000000014,24.045541763305664,11.069416999816895,3024.0,56.37064743041992,180.0,461.0,5.4,0.21048683263945844
-83.45000000000014,9.000000000000014,23.753000259399414,11.326333999633789,2971.0,61.593685150146484,167.0,537.0,5.4,0.21650819030208796
-83.40000000000015,9.000000000000014,23.603792190551758,11.210416793823242,2955.0,60.27044677734375,178.0,576.0,5.3,0.21595009449320124
-83.35000000000015,9.000000000000014,23.603792190551758,11.210416793823242,2955.0,60.27044677734375,178.0,576.0,5.2,0.20079292048438785
-83.30000000000015,9.000000000000014,24.357791900634766,10.898916244506836,2926.0,60.036128997802734,168.0,430.0,5.4,0.22404837849436818
-83.25000000000016,9.000000000000014,24.357791900634766,10.898916244506836,2926.0,60.036128997802734,168.0,430.0,5.3,0.21048088936987425
-83.20000000000016,9.000000000000014,25.329500198364258,10.454999923706055,2419.0,58.24324417114258,158.0,229.0,5.3,0.12007713259879778
-83.15000000000016,9.000000000000014,23.814416885375977,10.514333724975586,2619.0,55.38743209838867,173.0,525.0,5.4,0.33155195500809315
-83.10000000000016,9.000000000000014,23.814416885375977,10.514333724975586,2619.0,55.38743209838867,173.0,525.0,5.2,0.25827969622013364
-83.05000000000017,9.000000000000014,20.717958450317383,10.24375057220459,3077.0,59.68661880493164,187.0,1084.0,5.0,0.929318951965541
-83.00000000000017,9.000000000000014,20.717958450317383,10.24375057220459,3077.0,59.68661880493164,187.0,1084.0,5.0,0.929318951965541
-82.95000000000017,9.000000000000014,15.542583465576172,9.543000221252441,3062.0,66.90853881835938,124.0,1924.0,5.3,0.9618943139305556
-82.90000000000018,9.000000000000014,12.719291687011719,9.241416931152344,2749.0,68.87364196777344,90.0,2382.0,5.0,0.7227590917767316
-82.85000000000018,9.000000000000014,12.719291687011719,9.241416931152344,2749.0,68.87364196777344,90.0,2382.0,5.2,0.740884887632366
-82.80000000000018,9.000000000000014,11.967791557312012,9.042250633239746,3249.0,48.28074264526367,306.0,2498.0,5.1,0.6115253961687082
-82.75000000000018,9.000000000000014,11.967791557312012,9.042250633239746,3249.0,48.28074264526367,306.0,2498.0,4.9,0.5808112061132774
-82.70000000000019,9.000000000000014,17.128374099731445,9.303750038146973,3449.0,31.953563690185547,514.0,1637.0,5.2,0.4119387677110273
-82.65000000000019,9.000000000000014,19.880916595458984,9.258499145507812,3224.0,29.767356872558594,496.0,1206.0,5.3,0.47590203977033013
-82.6000000000002,9.000000000000014,19.880916595458984,9.258499145507812,3224.0,29.767356872558594,496.0,1206.0,5.2,0.4509743424699521
-82.5500000000002,9.000000000000014,22.164125442504883,8.902583122253418,3099.0,30.194547653198242,466.0,791.0,5.1,0.6566433664654125
-83.70000000000013,9.050000000000015,26.262500762939453,10.358333587646484,2829.0,59.74074935913086,165.0,28.0,5.5,0.07430039028607836
-83.65000000000013,9.050000000000015,25.988183975219727,10.474542617797852,3188.0,57.06485366821289,178.0,83.0,5.5,0.1071720740382769
-83.60000000000014,9.050000000000015,25.988183975219727,10.474542617797852,3188.0,57.06485366821289,178.0,83.0,5.4,0.10583697400689196
-83.55000000000014,9.050000000000015,24.045541763305664,11.069416999816895,3024.0,56.37064743041992,180.0,461.0,5.2,0.18260711428651485
-83.50000000000014,9.050000000000015,24.045541763305664,11.069416999816895,3024.0,56.37064743041992,180.0,461.0,5.4,0.21048683263945844
-83.45000000000014,9.050000000000015,23.753000259399414,11.326333999633789,2971.0,61.593685150146484,167.0,537.0,5.7,0.2202533884765319
-83.40000000000015,9.050000000000015,23.603792190551758,11.210416793823242,2955.0,60.27044677734375,178.0,576.0,5.4,0.21761976161215923
-83.35000000000015,9.050000000000015,23.603792190551758,11.210416793823242,2955.0,60.27044677734375,178.0,576.0,5.3,0.21595009449320124
-83.30000000000015,9.050000000000015,24.357791900634766,10.898916244506836,2926.0,60.036128997802734,168.0,430.0,5.2,0.191554382778833
-83.25000000000016,9.050000000000015,24.357791900634766,10.898916244506836,2926.0,60.036128997802734,168.0,430.0,5.3,0.21048088936987425
-83.20000000000016,9.050000000000015,25.329500198364258,10.454999923706055,2419.0,58.24324417114258,158.0,229.0,5.3,0.12007713259879778
-83.15000000000016,9.050000000000015,23.814416885375977,10.514333724975586,2619.0,55.38743209838867,173.0,525.0,5.3,0.3338933077359678
-83.10000000000016,9.050000000000015,23.814416885375977,10.514333724975586,2619.0,55.38743209838867,173.0,525.0,5.1,0.24502243221129746
-83.05000000000017,9.050000000000015,20.717958450317383,10.24375057220459,3077.0,59.68661880493164,187.0,1084.0,5.1,0.9383303194226263
-83.00000000000017,9.050000000000015,20.717958450317383,10.24375057220459,3077.0,59.68661880493164,187.0,1084.0,5.0,0.929318951965541
-82.95000000000017,9.050000000000015,15.542583465576172,9.543000221252441,3062.0,66.90853881835938,124.0,1924.0,5.2,0.9623251070885426
-82.90000000000018,9.050000000000015,12.719291687011719,9.241416931152344,2749.0,68.87364196777344,90.0,2382.0,5.1,0.7228940763383259
-82.85000000000018,9.050000000000015,12.719291687011719,9.241416931152344,2749.0,68.87364196777344,90.0,2382.0,5.0,0.7227590917767316
-82.80000000000018,9.050000000000015,11.967791557312012,9.042250633239746,3249.0,48.28074264526367,306.0,2498.0,4.9,0.5808112061132774
-82.75000000000018,9.050000000000015,11.967791557312012,9.042250633239746,3249.0,48.28074264526367,306.0,2498.0,5.1,0.6115253961687082
-82.70000000000019,9.050000000000015,17.128374099731445,9.303750038146973,3449.0,31.953563690185547,514.0,1637.0,5.3,0.4483746882715586
-82.65000000000019,9.050000000000015,19.880916595458984,9.258499145507812,3224.0,29.767356872558594,496.0,1206.0,5.2,0.4509743424699521
-82.6000000000002,9.050000000000015,19.880916595458984,9.258499145507812,3224.0,29.767356872558594,496.0,1206.0,5.2,0.4509743424699521
-82.5500000000002,9.050000000000015,22.164125442504883,8.902583122253418,3099.0,30.194547653198242,466.0,791.0,5.4,0.8192819530011857
-83.80000000000013,9.100000000000016,26.358333587646484,10.425000190734863,2772.0,70.32794189453125,130.0,8.0,5.5,0.10873447868082607
-83.75000000000013,9.100000000000016,26.358333587646484,10.425000190734863,2772.0,70.32794189453125,130.0,8.0,5.5,0.10873447868082607
-83.70000000000013,9.100000000000016,24.90044593811035,10.772321701049805,3135.0,57.95976257324219,170.0,275.0,5.5,0.22150201596269373
-83.65000000000013,9.100000000000016,22.892499923706055,11.201167106628418,3123.0,51.27164077758789,233.0,675.0,5.4,0.2433574288241259
-83.60000000000014,9.100000000000016,22.892499923706055,11.201167106628418,3123.0,51.27164077758789,233.0,675.0,5.3,0.24182715752327058
-83.55000000000014,9.100000000000016,23.318750381469727,11.601666450500488,2973.0,59.7707405090332,192.0,606.0,5.3,0.18480809328808606
-83.50000000000014,9.100000000000016,23.318750381469727,11.601666450500488,2973.0,59.7707405090332,192.0,606.0,5.3,0.18480809328808606
-83.45000000000014,9.100000000000016,24.035917282104492,11.46066665649414,3013.0,58.75518798828125,176.0,484.0,5.3,0.1591338944363034
-83.40000000000015,9.100000000000016,24.881250381469727,11.17650032043457,2858.0,57.926822662353516,170.0,334.0,5.2,0.10451042057451303
-83.35000000000015,9.100000000000016,24.881250381469727,11.17650032043457,2858.0,57.926822662353516,170.0,334.0,5.3,0.11315112267272275
-83.30000000000015,9.100000000000016,24.809457778930664,10.998250007629395,2849.0,58.6224479675293,161.0,352.0,5.3,0.16357078696411106
-83.25000000000016,9.100000000000016,24.809457778930664,10.998250007629395,2849.0,58.6224479675293,161.0,352.0,5.3,0.16357078696411106
-83.20000000000016,9.100000000000016,23.728416442871094,10.81583309173584,2984.0,55.51784133911133,194.0,542.0,5.2,0.2348955034628287
-83.15000000000016,9.100000000000016,19.962583541870117,10.182333946228027,3066.0,61.65348434448242,174.0,1198.0,5.1,0.9361497027701137
-83.10000000000016,9.100000000000016,19.962583541870117,10.182333946228027,3066.0,61.65348434448242,174.0,1198.0,5.1,0.9361497027701137
-83.05000000000017,9.100000000000016,15.388542175292969,9.564916610717773,2788.0,68.36397552490234,116.0,1946.0,5.3,0.9628005045602582
-83.00000000000017,9.100000000000016,15.388542175292969,9.564916610717773,2788.0,68.36397552490234,116.0,1946.0,5.1,0.9605547345990546
-82.95000000000017,9.100000000000016,11.90404224395752,9.234416961669922,2499.0,56.779754638671875,162.0,2507.0,5.2,0.7629511337275953
-82.90000000000018,9.100000000000016,9.939833641052246,9.085833549499512,2982.0,56.28567886352539,207.0,2857.0,5.1,0.3803741707202273
-82.85000000000018,9.100000000000016,9.939833641052246,9.085833549499512,2982.0,56.28567886352539,207.0,2857.0,5.1,0.3803741707202273
-82.80000000000018,9.100000000000016,13.817333221435547,9.148500442504883,3576.0,38.32792282104492,475.0,2174.0,5.2,0.1569224072987278
-82.75000000000018,9.100000000000016,13.817333221435547,9.148500442504883,3576.0,38.32792282104492,475.0,2174.0,5.2,0.1569224072987278
-82.70000000000019,9.100000000000016,18.076416015625,9.234999656677246,3195.0,28.886812210083008,488.0,1484.0,5.1,0.4361480352400931
-82.65000000000019,9.100000000000016,21.007457733154297,9.021249771118164,3227.0,31.91351890563965,446.0,987.0,5.4,0.8940669489304612
-82.6000000000002,9.100000000000016,21.007457733154297,9.021249771118164,3227.0,31.91351890563965,446.0,987.0,5.3,0.8878916041269623
-82.5500000000002,9.100000000000016,22.41754150390625,8.63758373260498,3160.0,29.785701751708984,470.0,726.0,5.3,0.8869328940092577
-83.80000000000013,9.150000000000016,26.358333587646484,10.425000190734863,2772.0,70.32794189453125,130.0,8.0,5.5,0.10873447868082607
-83.75000000000013,9.150000000000016,26.358333587646484,10.425000190734863,2772.0,70.32794189453125,130.0,8.0,5.5,0.10873447868082607
-83.70000000000013,9.150000000000016,24.90044593811035,10.772321701049805,3135.0,57.95976257324219,170.0,275.0,5.2,0.1714101773440665
-83.65000000000013,9.150000000000016,22.892499923706055,11.201167106628418,3123.0,51.27164077758789,233.0,675.0,5.3,0.24182715752327058
-83.60000000000014,9.150000000000016,22.892499923706055,11.201167106628418,3123.0,51.27164077758789,233.0,675.0,5.2,0.22873526557933746
-83.55000000000014,9.150000000000016,23.318750381469727,11.601666450500488,2973.0,59.7707405090332,192.0,606.0,5.5,0.19024650438456206
-83.50000000000014,9.150000000000016,23.318750381469727,11.601666450500488,2973.0,59.7707405090332,192.0,606.0,5.5,0.19024650438456206
-83.45000000000014,9.150000000000016,24.035917282104492,11.46066665649414,3013.0,58.75518798828125,176.0,484.0,5.4,0.16253483583237902
-83.40000000000015,9.150000000000016,24.881250381469727,11.17650032043457,2858.0,57.926822662353516,170.0,334.0,5.3,0.11315112267272275
-83.35000000000015,9.150000000000016,24.881250381469727,11.17650032043457,2858.0,57.926822662353516,170.0,334.0,5.2,0.10451042057451303
-83.30000000000015,9.150000000000016,24.809457778930664,10.998250007629395,2849.0,58.6224479675293,161.0,352.0,5.2,0.14497096554639718
-83.25000000000016,9.150000000000016,24.809457778930664,10.998250007629395,2849.0,58.6224479675293,161.0,352.0,5.1,0.1337243337663172
-83.20000000000016,9.150000000000016,23.728416442871094,10.81583309173584,2984.0,55.51784133911133,194.0,542.0,5.2,0.2348955034628287
-83.15000000000016,9.150000000000016,19.962583541870117,10.182333946228027,3066.0,61.65348434448242,174.0,1198.0,4.9,0.9318984813531532
-83.10000000000016,9.150000000000016,19.962583541870117,10.182333946228027,3066.0,61.65348434448242,174.0,1198.0,5.2,0.9404494320824738
-83.05000000000017,9.150000000000016,15.388542175292969,9.564916610717773,2788.0,68.36397552490234,116.0,1946.0,4.9,0.96065104284005
-83.00000000000017,9.150000000000016,15.388542175292969,9.564916610717773,2788.0,68.36397552490234,116.0,1946.0,5.3,0.9628005045602582
-82.95000000000017,9.150000000000016,11.90404224395752,9.234416961669922,2499.0,56.779754638671875,162.0,2507.0,5.1,0.7202549885520866
-82.90000000000018,9.150000000000016,9.939833641052246,9.085833549499512,2982.0,56.28567886352539,207.0,2857.0,5.0,0.3948871657192856
-82.85000000000018,9.150000000000016,9.939833641052246,9.085833549499512,2982.0,56.28567886352539,207.0,2857.0,5.0,0.3948871657192856
-82.80000000000018,9.150000000000016,13.817333221435547,9.148500442504883,3576.0,38.32792282104492,475.0,2174.0,4.9,0.12589812264524836
-82.75000000000018,9.150000000000016,13.817333221435547,9.148500442504883,3576.0,38.32792282104492,475.0,2174.0,5.0,0.13941719248070117
-82.70000000000019,9.150000000000016,18.076416015625,9.234999656677246,3195.0,28.886812210083008,488.0,1484.0,5.3,0.5529228640332585
-82.65000000000019,9.150000000000016,21.007457733154297,9.021249771118164,3227.0,31.91351890563965,446.0,987.0,5.1,0.8467274072916813
-82.6000000000002,9.150000000000016,21.007457733154297,9.021249771118164,3227.0,31.91351890563965,446.0,987.0,5.1,0.8467274072916813
-82.5500000000002,9.150000000000016,22.41754150390625,8.63758373260498,3160.0,29.785701751708984,470.0,726.0,5.1,0.8046064993123513
-83.90000000000012,9.200000000000017,26.02142906188965,10.502381324768066,2726.0,61.77384948730469,125.0,68.0,5.5,0.09724701651686588
-83.85000000000012,9.200000000000017,26.02142906188965,10.502381324768066,2726.0,61.77384948730469,125.0,68.0,5.5,0.09724701651686588
-83.80000000000013,9.200000000000017,24.55733871459961,10.951244354248047,3066.0,58.8851203918457,170.0,344.0,5.5,0.2221762445941382
-83.75000000000013,9.200000000000017,24.55733871459961,10.951244354248047,3066.0,58.8851203918457,170.0,344.0,5.3,0.1996781319257699
-83.70000000000013,9.200000000000017,23.178083419799805,11.247833251953125,2976.0,56.1651496887207,168.0,615.0,5.5,0.23746686789559274
-83.65000000000013,9.200000000000017,22.52020835876465,11.720582962036133,2858.0,58.169124603271484,191.0,758.0,5.4,0.1852656674864952
-83.60000000000014,9.200000000000017,22.52020835876465,11.720582962036133,2858.0,58.169124603271484,191.0,758.0,5.2,0.1899459901982071
-83.55000000000014,9.200000000000017,23.468416213989258,11.711833953857422,2896.0,61.29765701293945,151.0,580.0,5.5,0.1680034319913011
-83.50000000000014,9.200000000000017,23.468416213989258,11.711833953857422,2896.0,61.29765701293945,151.0,580.0,5.3,0.16132148183765416
-83.45000000000014,9.200000000000017,24.13425064086914,11.66983413696289,3102.0,59.20174789428711,177.0,470.0,5.4,0.1320735963904
-83.40000000000015,9.200000000000017,23.693500518798828,11.34866714477539,3075.0,58.25037384033203,181.0,558.0,5.2,0.1744012345415186
-83.35000000000015,9.200000000000017,23.693500518798828,11.34866714477539,3075.0,58.25037384033203,181.0,558.0,5.2,0.1744012345415186
-83.30000000000015,9.200000000000017,23.417125701904297,11.052249908447266,3054.0,58.010318756103516,186.0,614.0,5.2,0.3021860841308968
-83.25000000000016,9.200000000000017,23.417125701904297,11.052249908447266,3054.0,58.010318756103516,186.0,614.0,5.1,0.2883992816282249
-83.20000000000016,9.200000000000017,21.20916748046875,10.555333137512207,2866.0,60.262359619140625,169.0,1004.0,5.3,0.9197061129837123
-83.15000000000016,9.200000000000017,15.712458610534668,9.67591667175293,2657.0,68.05766296386719,114.0,1892.0,5.1,0.9618380644918985
-83.10000000000016,9.200000000000017,15.712458610534668,9.67591667175293,2657.0,68.05766296386719,114.0,1892.0,5.1,0.9618380644918985
-83.05000000000017,9.200000000000017,10.956208229064941,9.16724967956543,2556.0,57.27960968017578,172.0,2667.0,5.0,0.5703208416211578
-83.00000000000017,9.200000000000017,10.956208229064941,9.16724967956543,2556.0,57.27960968017578,172.0,2667.0,5.2,0.6021405087352256
-82.95000000000017,9.200000000000017,14.201833724975586,9.339166641235352,3287.0,35.10123062133789,416.0,2116.0,5.0,0.21349624884807947
-82.90000000000018,9.200000000000017,15.427374839782715,9.29425048828125,3545.0,33.10111999511719,511.0,1924.0,5.5,0.31230889190491423
-82.85000000000018,9.200000000000017,15.427374839782715,9.29425048828125,3545.0,33.10111999511719,511.0,1924.0,5.1,0.22237782560926742
-82.80000000000018,9.200000000000017,15.849708557128906,9.21774959564209,3241.0,32.03170394897461,455.0,1849.0,5.1,0.6767609527128006
-82.75000000000018,9.200000000000017,15.849708557128906,9.21774959564209,3241.0,32.03170394897461,455.0,1849.0,5.3,0.7566083330640904
-82.70000000000019,9.200000000000017,17.445709228515625,9.090083122253418,3396.0,30.006114959716797,524.0,1597.0,5.2,0.48134909284185656
-82.65000000000019,9.200000000000017,19.443082809448242,8.890833854675293,3599.0,35.01687240600586,453.0,1270.0,5.1,0.8581683615680303
-82.6000000000002,9.200000000000017,19.443082809448242,8.890833854675293,3599.0,35.01687240600586,453.0,1270.0,5.3,0.893881790484503
-82.5500000000002,9.200000000000017,23.037500381469727,8.47599983215332,3106.0,28.913288116455078,456.0,611.0,5.3,0.932321653806121
-83.95000000000012,9.250000000000018,26.168453216552734,10.566268920898438,2837.0,62.72929000854492,127.0,49.0,5.5,0.0880213173128601
-83.90000000000012,9.250000000000018,25.46954345703125,10.709524154663086,2954.0,61.83765411376953,144.0,183.0,5.5,0.1344170181894377
-83.85000000000012,9.250000000000018,25.46954345703125,10.709524154663086,2954.0,61.83765411376953,144.0,183.0,5.4,0.13150738159123515
-83.80000000000013,9.250000000000018,23.590124130249023,11.11241626739502,3003.0,59.45182418823242,155.0,532.0,5.2,0.20737901864269342
-83.75000000000013,9.250000000000018,23.590124130249023,11.11241626739502,3003.0,59.45182418823242,155.0,532.0,5.2,0.20737901864269342
-83.70000000000013,9.250000000000018,22.434707641601562,11.82158374786377,2890.0,62.108543395996094,142.0,784.0,5.3,0.21764910541622726
-83.65000000000013,9.250000000000018,23.26883316040039,12.028999328613281,2928.0,62.98832321166992,144.0,626.0,5.3,0.17233503550454343
-83.60000000000014,9.250000000000018,23.26883316040039,12.028999328613281,2928.0,62.98832321166992,144.0,626.0,5.5,0.17496426254439584
-83.55000000000014,9.250000000000018,22.603708267211914,11.678916931152344,2988.0,61.132347106933594,155.0,751.0,5.2,0.2233271743318137
-83.50000000000014,9.250000000000018,22.603708267211914,11.678916931152344,2988.0,61.132347106933594,155.0,751.0,5.4,0.21094913817801622
-83.45000000000014,9.250000000000018,20.34833335876465,10.840332984924316,3245.0,56.9302864074707,188.0,1157.0,5.4,0.9141294848320929
-83.40000000000015,9.250000000000018,18.2415828704834,10.123499870300293,3338.0,59.174171447753906,183.0,1515.0,5.2,0.9558009513924344
-83.35000000000015,9.250000000000018,18.2415828704834,10.123499870300293,3338.0,59.174171447753906,183.0,1515.0,5.1,0.9512651089319493
-83.30000000000015,9.250000000000018,20.312999725341797,10.536499977111816,2992.0,60.691162109375,163.0,1162.0,5.3,0.9199002924277555
-83.25000000000016,9.250000000000018,20.312999725341797,10.536499977111816,2992.0,60.691162109375,163.0,1162.0,5.1,0.9151086381260767
-83.20000000000016,9.250000000000018,16.148916244506836,9.80150032043457,2786.0,65.57989501953125,140.0,1847.0,5.4,0.9604681119350857
-83.15000000000016,9.250000000000018,13.430375099182129,9.286249160766602,3328.0,42.64561462402344,399.0,2245.0,5.1,0.23522002693951383
-83.10000000000016,9.250000000000018,13.430375099182129,9.286249160766602,3328.0,42.64561462402344,399.0,2245.0,5.1,0.23522002693951383
-83.05000000000017,9.250000000000018,12.040875434875488,9.061917304992676,3720.0,41.78670120239258,440.0,2480.0,5.0,0.3313235055855645
-83.00000000000017,9.250000000000018,12.040875434875488,9.061917304992676,3720.0,41.78670120239258,440.0,2480.0,5.1,0.3330817090411039
-82.95000000000017,9.250000000000018,15.469916343688965,9.212666511535645,3837.0,33.971832275390625,547.0,1912.0,5.0,0.18989835130468444
-82.90000000000018,9.250000000000018,19.429208755493164,9.396583557128906,3227.0,30.0723819732666,469.0,1262.0,5.3,0.8113112412702279
-82.85000000000018,9.250000000000018,19.429208755493164,9.396583557128906,3227.0,30.0723819732666,469.0,1262.0,5.1,0.7380343992685997
-82.80000000000018,9.250000000000018,19.59779167175293,9.188750267028809,3212.0,28.45534324645996,472.0,1231.0,5.1,0.6263924731486189
-82.75000000000018,9.250000000000018,19.59779167175293,9.188750267028809,3212.0,28.45534324645996,472.0,1231.0,5.3,0.7323376656413418
-82.70000000000019,9.250000000000018,20.335416793823242,8.917333602905273,3455.0,31.769630432128906,484.0,1093.0,5.2,0.8270690699101904
-82.65000000000019,9.250000000000018,22.54166603088379,8.631500244140625,3081.0,25.746437072753906,479.0,704.0,5.2,0.8240018264335598
-82.6000000000002,9.250000000000018,22.54166603088379,8.631500244140625,3081.0,25.746437072753906,479.0,704.0,5.3,0.8527760278025523
-82.5500000000002,9.250000000000018,24.613374710083008,8.163416862487793,2834.0,31.52880859375,364.0,286.0,5.3,0.9111208922692724
-83.95000000000012,9.300000000000018,26.168453216552734,10.566268920898438,2837.0,62.72929000854492,127.0,49.0,5.5,0.0880213173128601
-83.90000000000012,9.300000000000018,25.46954345703125,10.709524154663086,2954.0,61.83765411376953,144.0,183.0,5.6,0.13681035393407268
-83.85000000000012,9.300000000000018,25.46954345703125,10.709524154663086,2954.0,61.83765411376953,144.0,183.0,5.3,0.12417656122896877
-83.80000000000013,9.300000000000018,23.590124130249023,11.11241626739502,3003.0,59.45182418823242,155.0,532.0,5.2,0.20737901864269342
-83.75000000000013,9.300000000000018,23.590124130249023,11.11241626739502,3003.0,59.45182418823242,155.0,532.0,5.1,0.1997717750924638
-83.70000000000013,9.300000000000018,22.434707641601562,11.82158374786377,2890.0,62.108543395996094,142.0,784.0,5.4,0.21773329837255043
-83.65000000000013,9.300000000000018,23.26883316040039,12.028999328613281,2928.0,62.98832321166992,144.0,626.0,5.3,0.17233503550454343
-83.60000000000014,9.300000000000018,23.26883316040039,12.028999328613281,2928.0,62.98832321166992,144.0,626.0,5.2,0.18220983824680975
-83.55000000000014,9.300000000000018,22.603708267211914,11.678916931152344,2988.0,61.132347106933594,155.0,751.0,5.3,0.21528521973828013
-83.50000000000014,9.300000000000018,22.603708267211914,11.678916931152344,2988.0,61.132347106933594,155.0,751.0,5.4,0.21094913817801622
-83.45000000000014,9.300000000000018,20.34833335876465,10.840332984924316,3245.0,56.9302864074707,188.0,1157.0,5.2,0.911446937663681
-83.40000000000015,9.300000000000018,18.2415828704834,10.123499870300293,3338.0,59.174171447753906,183.0,1515.0,5.1,0.9512651089319493
-83.35000000000015,9.300000000000018,18.2415828704834,10.123499870300293,3338.0,59.174171447753906,183.0,1515.0,5.2,0.9558009513924344
-83.30000000000015,9.300000000000018,20.312999725341797,10.536499977111816,2992.0,60.691162109375,163.0,1162.0,5.5,0.894829609280295
-83.25000000000016,9.300000000000018,20.312999725341797,10.536499977111816,2992.0,60.691162109375,163.0,1162.0,5.4,0.901140859497936
-83.20000000000016,9.300000000000018,16.148916244506836,9.80150032043457,2786.0,65.57989501953125,140.0,1847.0,4.9,0.9590319249726774
-83.15000000000016,9.300000000000018,13.430375099182129,9.286249160766602,3328.0,42.64561462402344,399.0,2245.0,5.0,0.2631202125907432
-83.10000000000016,9.300000000000018,13.430375099182129,9.286249160766602,3328.0,42.64561462402344,399.0,2245.0,5.2,0.2769647622897644
-83.05000000000017,9.300000000000018,12.040875434875488,9.061917304992676,3720.0,41.78670120239258,440.0,2480.0,5.0,0.3313235055855645
-83.00000000000017,9.300000000000018,12.040875434875488,9.061917304992676,3720.0,41.78670120239258,440.0,2480.0,5.1,0.3330817090411039
-82.95000000000017,9.300000000000018,15.469916343688965,9.212666511535645,3837.0,33.971832275390625,547.0,1912.0,5.2,0.24994664968243507
-82.90000000000018,9.300000000000018,19.429208755493164,9.396583557128906,3227.0,30.0723819732666,469.0,1262.0,5.3,0.8113112412702279
-82.85000000000018,9.300000000000018,19.429208755493164,9.396583557128906,3227.0,30.0723819732666,469.0,1262.0,5.1,0.7380343992685997
-82.80000000000018,9.300000000000018,19.59779167175293,9.188750267028809,3212.0,28.45534324645996,472.0,1231.0,5.2,0.702426532448965
-82.75000000000018,9.300000000000018,19.59779167175293,9.188750267028809,3212.0,28.45534324645996,472.0,1231.0,5.2,0.702426532448965
-82.70000000000019,9.300000000000018,20.335416793823242,8.917333602905273,3455.0,31.769630432128906,484.0,1093.0,5.1,0.7636187277788811
-82.65000000000019,9.300000000000018,22.54166603088379,8.631500244140625,3081.0,25.746437072753906,479.0,704.0,5.1,0.7447144072062848
-82.6000000000002,9.300000000000018,22.54166603088379,8.631500244140625,3081.0,25.746437072753906,479.0,704.0,5.2,0.8240018264335598
-82.5500000000002,9.300000000000018,24.613374710083008,8.163416862487793,2834.0,31.52880859375,364.0,286.0,5.4,0.9152575984889516
-84.2000000000001,9.35000000000002,26.316665649414062,10.399999618530273,2449.0,69.76338195800781,93.0,42.0,5.5,0.10042283301778679
-84.1500000000001,9.35000000000002,26.37746238708496,10.470454216003418,2760.0,66.24032592773438,102.0,34.0,5.5,0.0884955027783767
-84.10000000000011,9.35000000000002,26.37746238708496,10.470454216003418,2760.0,66.24032592773438,102.0,34.0,5.5,0.0884955027783767
-84.05000000000011,9.35000000000002,26.278480529785156,10.512868881225586,3010.0,64.22117614746094,139.0,44.0,5.5,0.10064490456452965
-84.00000000000011,9.35000000000002,26.278480529785156,10.512868881225586,3010.0,64.22117614746094,139.0,44.0,5.6,0.10334525652496154
-83.95000000000012,9.35000000000002,24.557708740234375,10.744583129882812,3078.0,54.938262939453125,181.0,361.0,5.2,0.15806024799799362
-83.90000000000012,9.35000000000002,23.50491714477539,10.930166244506836,3022.0,56.81972885131836,170.0,558.0,5.2,0.29099776891901635
-83.85000000000012,9.35000000000002,23.50491714477539,10.930166244506836,3022.0,56.81972885131836,170.0,558.0,5.5,0.328104705103638
-83.80000000000013,9.35000000000002,21.867042541503906,11.143583297729492,2865.0,61.402957916259766,159.0,880.0,5.1,0.4219162323160392
-83.75000000000013,9.35000000000002,21.867042541503906,11.143583297729492,2865.0,61.402957916259766,159.0,880.0,5.3,0.4337633004841459
-83.70000000000013,9.35000000000002,22.613874435424805,12.069416046142578,2908.0,60.097755432128906,177.0,768.0,5.5,0.16675888699850047
-83.65000000000013,9.35000000000002,21.461957931518555,11.438750267028809,2798.0,64.875732421875,128.0,965.0,5.2,0.6308854714509119
-83.60000000000014,9.35000000000002,21.461957931518555,11.438750267028809,2798.0,64.875732421875,128.0,965.0,5.1,0.6904753774614728
-83.55000000000014,9.35000000000002,16.210250854492188,9.959166526794434,3255.0,63.19627380371094,149.0,1855.0,5.1,0.9513857300110572
-83.50000000000014,9.35000000000002,16.210250854492188,9.959166526794434,3255.0,63.19627380371094,149.0,1855.0,5.4,0.9557641493122804
-83.45000000000014,9.35000000000002,12.645833015441895,9.493666648864746,2617.0,66.61329650878906,115.0,2414.0,5.0,0.7957598070131412
-83.40000000000015,9.35000000000002,11.56308364868164,9.300167083740234,2750.0,58.445152282714844,170.0,2555.0,5.0,0.68236467200954
-83.35000000000015,9.35000000000002,11.56308364868164,9.300167083740234,2750.0,58.445152282714844,170.0,2555.0,5.0,0.68236467200954
-83.30000000000015,9.35000000000002,12.816458702087402,9.36008358001709,3009.0,48.79148864746094,310.0,2361.0,5.1,0.39797471085226477
-83.25000000000016,9.35000000000002,12.816458702087402,9.36008358001709,3009.0,48.79148864746094,310.0,2361.0,5.0,0.43749247542750663
-83.20000000000016,9.35000000000002,14.750332832336426,9.40916633605957,3418.0,35.21646499633789,448.0,2015.0,5.2,0.4177307046345334
-83.15000000000016,9.35000000000002,15.822125434875488,9.34475040435791,3789.0,31.251924514770508,561.0,1860.0,5.1,0.2190833924446816
-83.10000000000016,9.35000000000002,15.822125434875488,9.34475040435791,3789.0,31.251924514770508,561.0,1860.0,5.3,0.287475588015984
-83.05000000000017,9.35000000000002,19.364999771118164,9.472833633422852,3434.0,26.87830352783203,547.0,1266.0,5.0,0.30411737508669906
-83.00000000000017,9.35000000000002,19.364999771118164,9.472833633422852,3434.0,26.87830352783203,547.0,1266.0,5.1,0.3700530393438064
-82.95000000000017,9.35000000000002,20.979084014892578,9.406000137329102,3284.0,26.746177673339844,504.0,987.0,5.2,0.6456437320601017
-82.90000000000018,9.35000000000002,19.652542114257812,9.204916954040527,3510.0,30.721986770629883,506.0,1239.0,5.1,0.3770159899094958
-82.85000000000018,9.35000000000002,19.652542114257812,9.204916954040527,3510.0,30.721986770629883,506.0,1239.0,5.2,0.452531318801038
-82.80000000000018,9.35000000000002,22.32233428955078,8.985332489013672,3138.0,25.54241180419922,495.0,753.0,5.1,0.4215297216451258
-82.75000000000018,9.35000000000002,22.32233428955078,8.985332489013672,3138.0,25.54241180419922,495.0,753.0,5.1,0.4215297216451258
-82.70000000000019,9.35000000000002,23.929250717163086,8.568333625793457,3072.0,26.2628231048584,478.0,443.0,5.1,0.8242849485041746
-82.65000000000019,9.35000000000002,25.12154197692871,8.215916633605957,2905.0,28.032983779907227,416.0,217.0,5.2,0.8242967798184926
-82.6000000000002,9.35000000000002,25.12154197692871,8.215916633605957,2905.0,28.032983779907227,416.0,217.0,5.3,0.8443076924339822
-82.5500000000002,9.35000000000002,25.80470848083496,7.957582950592041,2896.0,28.873682022094727,441.0,54.0,5.4,0.4526286548646
-84.2000000000001,9.40000000000002,26.316665649414062,10.399999618530273,2449.0,69.76338195800781,93.0,42.0,5.5,0.10042283301778679
-84.1500000000001,9.40000000000002,26.37746238708496,10.470454216003418,2760.0,66.24032592773438,102.0,34.0,5.5,0.0884955027783767
-84.10000000000011,9.40000000000002,26.37746238708496,10.470454216003418,2760.0,66.24032592773438,102.0,34.0,5.5,0.0884955027783767
-84.05000000000011,9.40000000000002,26.278480529785156,10.512868881225586,3010.0,64.22117614746094,139.0,44.0,5.5,0.10064490456452965
-84.00000000000011,9.40000000000002,26.278480529785156,10.512868881225586,3010.0,64.22117614746094,139.0,44.0,5.1,0.0808799179849021
-83.95000000000012,9.40000000000002,24.557708740234375,10.744583129882812,3078.0,54.938262939453125,181.0,361.0,5.1,0.14443860876939588
-83.90000000000012,9.40000000000002,23.50491714477539,10.930166244506836,3022.0,56.81972885131836,170.0,558.0,5.3,0.3048951435682469
-83.85000000000012,9.40000000000002,23.50491714477539,10.930166244506836,3022.0,56.81972885131836,170.0,558.0,5.2,0.29099776891901635
-83.80000000000013,9.40000000000002,21.867042541503906,11.143583297729492,2865.0,61.402957916259766,159.0,880.0,5.4,0.437483447191143
-83.75000000000013,9.40000000000002,21.867042541503906,11.143583297729492,2865.0,61.402957916259766,159.0,880.0,5.3,0.4337633004841459
-83.70000000000013,9.40000000000002,22.613874435424805,12.069416046142578,2908.0,60.097755432128906,177.0,768.0,5.2,0.17028755910138543
-83.65000000000013,9.40000000000002,21.461957931518555,11.438750267028809,2798.0,64.875732421875,128.0,965.0,5.1,0.6904753774614728
-83.60000000000014,9.40000000000002,21.461957931518555,11.438750267028809,2798.0,64.875732421875,128.0,965.0,5.1,0.6904753774614728
-83.55000000000014,9.40000000000002,16.210250854492188,9.959166526794434,3255.0,63.19627380371094,149.0,1855.0,5.0,0.9529741061063315
-83.50000000000014,9.40000000000002,16.210250854492188,9.959166526794434,3255.0,63.19627380371094,149.0,1855.0,4.9,0.953213847916052
-83.45000000000014,9.40000000000002,12.645833015441895,9.493666648864746,2617.0,66.61329650878906,115.0,2414.0,4.9,0.808772604329136
-83.40000000000015,9.40000000000002,11.56308364868164,9.300167083740234,2750.0,58.445152282714844,170.0,2555.0,5.2,0.7108170178507637
-83.35000000000015,9.40000000000002,11.56308364868164,9.300167083740234,2750.0,58.445152282714844,170.0,2555.0,5.1,0.6697498079161112
-83.30000000000015,9.40000000000002,12.816458702087402,9.36008358001709,3009.0,48.79148864746094,310.0,2361.0,5.0,0.43749247542750663
-83.25000000000016,9.40000000000002,12.816458702087402,9.36008358001709,3009.0,48.79148864746094,310.0,2361.0,5.3,0.43546520264153304
-83.20000000000016,9.40000000000002,14.750332832336426,9.40916633605957,3418.0,35.21646499633789,448.0,2015.0,5.1,0.3435681902475717
-83.15000000000016,9.40000000000002,15.822125434875488,9.34475040435791,3789.0,31.251924514770508,561.0,1860.0,5.1,0.2190833924446816
-83.10000000000016,9.40000000000002,15.822125434875488,9.34475040435791,3789.0,31.251924514770508,561.0,1860.0,5.3,0.287475588015984
-83.05000000000017,9.40000000000002,19.364999771118164,9.472833633422852,3434.0,26.87830352783203,547.0,1266.0,5.3,0.4686406986766567
-83.00000000000017,9.40000000000002,19.364999771118164,9.472833633422852,3434.0,26.87830352783203,547.0,1266.0,5.3,0.4686406986766567
-82.95000000000017,9.40000000000002,20.979084014892578,9.406000137329102,3284.0,26.746177673339844,504.0,987.0,5.1,0.5506017983407245
-82.90000000000018,9.40000000000002,19.652542114257812,9.204916954040527,3510.0,30.721986770629883,506.0,1239.0,5.1,0.3770159899094958
-82.85000000000018,9.40000000000002,19.652542114257812,9.204916954040527,3510.0,30.721986770629883,506.0,1239.0,5.2,0.452531318801038
-82.80000000000018,9.40000000000002,22.32233428955078,8.985332489013672,3138.0,25.54241180419922,495.0,753.0,5.3,0.5272078119392891
-82.75000000000018,9.40000000000002,22.32233428955078,8.985332489013672,3138.0,25.54241180419922,495.0,753.0,5.5,0.5659821987899271
-82.70000000000019,9.40000000000002,23.929250717163086,8.568333625793457,3072.0,26.2628231048584,478.0,443.0,5.4,0.8936737624089627
-82.65000000000019,9.40000000000002,25.12154197692871,8.215916633605957,2905.0,28.032983779907227,416.0,217.0,5.6,0.555659156924244
-82.6000000000002,9.40000000000002,25.12154197692871,8.215916633605957,2905.0,28.032983779907227,416.0,217.0,5.2,0.8242967798184926
-82.5500000000002,9.40000000000002,25.80470848083496,7.957582950592041,2896.0,28.873682022094727,441.0,54.0,5.5,0.43338457708357025
-84.40000000000009,9.45000000000002,26.514583587646484,10.4375,2261.0,69.71324920654297,75.0,12.0,5.5,0.07707351214631833
-84.3500000000001,9.45000000000002,26.514583587646484,10.4375,2261.0,69.71324920654297,75.0,12.0,5.5,0.07707351214631833
-84.3000000000001,9.45000000000002,26.507917404174805,10.404166221618652,2352.0,69.59180450439453,75.0,14.0,5.5,0.07541311137406095
-84.2500000000001,9.45000000000002,26.507917404174805,10.404166221618652,2352.0,69.59180450439453,75.0,14.0,5.5,0.07541311137406095
-84.2000000000001,9.45000000000002,26.605083465576172,10.4288330078125,2842.0,65.75900268554688,97.0,13.0,5.5,0.07737670967298403
-84.1500000000001,9.45000000000002,26.3680419921875,10.48175048828125,3196.0,64.99934387207031,136.0,47.0,5.5,0.11520034952514216
-84.10000000000011,9.45000000000002,26.3680419921875,10.48175048828125,3196.0,64.99934387207031,136.0,47.0,5.6,0.1195265042901666
-84.05000000000011,9.45000000000002,25.20979118347168,10.579082489013672,3114.0,61.46406173706055,156.0,252.0,5.4,0.19891853834560277
-84.00000000000011,9.45000000000002,25.20979118347168,10.579082489013672,3114.0,61.46406173706055,156.0,252.0,5.4,0.19891853834560277
-83.95000000000012,9.45000000000002,23.650291442871094,10.682250022888184,2944.0,63.57021713256836,144.0,524.0,5.4,0.39175546026670055
-83.90000000000012,9.45000000000002,21.28095817565918,10.657917022705078,2898.0,63.706275939941406,138.0,975.0,5.3,0.9089284898724533
-83.85000000000012,9.45000000000002,21.28095817565918,10.657917022705078,2898.0,63.706275939941406,138.0,975.0,5.5,0.8979544439519457
-83.80000000000013,9.45000000000002,19.401582717895508,10.500999450683594,2963.0,61.02400588989258,157.0,1332.0,5.2,0.9533638958159899
-83.75000000000013,9.45000000000002,19.401582717895508,10.500999450683594,2963.0,61.02400588989258,157.0,1332.0,5.0,0.9496592745613162
-83.70000000000013,9.45000000000002,18.449499130249023,10.415833473205566,3319.0,55.108299255371094,204.0,1515.0,5.3,0.9431248960108883
-83.65000000000013,9.45000000000002,18.63045883178711,10.396916389465332,2664.0,66.6760482788086,114.0,1459.0,5.3,0.961705635656648
-83.60000000000014,9.45000000000002,18.63045883178711,10.396916389465332,2664.0,66.6760482788086,114.0,1459.0,5.0,0.959962803525169
-83.55000000000014,9.45000000000002,11.593083381652832,9.538833618164062,2386.0,72.78267669677734,68.0,2613.0,4.9,0.8046334965464662
-83.50000000000014,9.45000000000002,11.593083381652832,9.538833618164062,2386.0,72.78267669677734,68.0,2613.0,5.5,0.746041937957608
-83.45000000000014,9.45000000000002,9.478500366210938,9.482500076293945,2553.0,59.85649490356445,148.0,2954.0,5.1,0.5104978331107672
-83.40000000000015,9.45000000000002,15.059791564941406,9.657916069030762,2781.0,44.454254150390625,288.0,1964.0,5.3,0.8579277894352124
-83.35000000000015,9.45000000000002,15.059791564941406,9.657916069030762,2781.0,44.454254150390625,288.0,1964.0,5.2,0.8172170911224157
-83.30000000000015,9.45000000000002,14.851541519165039,9.50491714477539,3734.0,31.980199813842773,530.0,2003.0,5.0,0.1633872392720028
-83.25000000000016,9.45000000000002,14.851541519165039,9.50491714477539,3734.0,31.980199813842773,530.0,2003.0,5.1,0.1609093070208368
-83.20000000000016,9.45000000000002,18.282207489013672,9.570917129516602,3464.0,27.881237030029297,535.0,1441.0,5.3,0.37242976421875396
-83.15000000000016,9.45000000000002,19.629709243774414,9.470250129699707,3547.0,31.461416244506836,502.0,1217.0,5.3,0.4592504182997748
-83.10000000000016,9.45000000000002,19.629709243774414,9.470250129699707,3547.0,31.461416244506836,502.0,1217.0,5.1,0.3672833966832552
-83.05000000000017,9.45000000000002,22.62154197692871,9.427583694458008,3267.0,28.56495475769043,481.0,706.0,5.4,0.7417056108783433
-83.00000000000017,9.45000000000002,22.62154197692871,9.427583694458008,3267.0,28.56495475769043,481.0,706.0,5.2,0.6832621950247436
-82.95000000000017,9.45000000000002,23.43108367919922,9.181166648864746,3196.0,31.66997528076172,433.0,560.0,5.1,0.6339257191901089
-82.90000000000018,9.45000000000002,22.713790893554688,8.934249877929688,3208.0,26.978864669799805,491.0,683.0,5.1,0.6010355157509004
-82.85000000000018,9.45000000000002,22.713790893554688,8.934249877929688,3208.0,26.978864669799805,491.0,683.0,5.2,0.7050925890714285
-82.80000000000018,9.45000000000002,24.040332794189453,8.658833503723145,3113.0,23.693119049072266,504.0,437.0,5.3,0.5906819318804185
-82.75000000000018,9.45000000000002,24.040332794189453,8.658833503723145,3113.0,23.693119049072266,504.0,437.0,5.2,0.547358706265317
-82.70000000000019,9.45000000000002,24.839624404907227,8.322416305541992,2944.0,21.35890007019043,519.0,293.0,5.5,0.6804526978348437
-82.65000000000019,9.45000000000002,26.3122501373291,8.046333312988281,2884.0,25.709030151367188,491.0,21.0,5.5,0.2573126528491369
-82.6000000000002,9.45000000000002,26.3122501373291,8.046333312988281,2884.0,25.709030151367188,491.0,21.0,5.3,0.26281618092679404
-82.5500000000002,9.45000000000002,26.30704116821289,7.981250286102295,3022.0,28.072792053222656,483.0,7.0,5.4,0.30140444150915796
-85.15000000000005,9.500000000000021,26.103750228881836,10.640832901000977,2289.0,91.56398010253906,18.0,124.0,5.5,0.36060054738074776
-85.10000000000005,9.500000000000021,26.103750228881836,10.640832901000977,2289.0,91.56398010253906,18.0,124.0,5.5,0.36060054738074776
-84.65000000000008,9.500000000000021,26.55069351196289,10.445833206176758,2307.0,73.98676300048828,45.0,23.0,5.5,0.11264849002834118
-84.60000000000008,9.500000000000021,26.55069351196289,10.445833206176758,2307.0,73.98676300048828,45.0,23.0,5.5,0.11264849002834118
-84.55000000000008,9.500000000000021,26.555862426757812,10.53347396850586,2588.0,72.85807800292969,71.0,31.0,5.5,0.12166444493188905
-84.50000000000009,9.500000000000021,26.555862426757812,10.53347396850586,2588.0,72.85807800292969,71.0,31.0,5.5,0.12166444493188905
-84.45000000000009,9.500000000000021,26.38397979736328,10.559507369995117,2694.0,69.59352111816406,81.0,67.0,5.5,0.10536056214535199
-84.40000000000009,9.500000000000021,26.53116226196289,10.629860877990723,2809.0,68.21631622314453,103.0,35.0,5.5,0.09880476447890242
-84.3500000000001,9.500000000000021,26.53116226196289,10.629860877990723,2809.0,68.21631622314453,103.0,35.0,5.5,0.09880476447890242
-84.3000000000001,9.500000000000021,26.503665924072266,10.511332511901855,3000.0,66.42826843261719,125.0,26.0,5.5,0.09517396097551845
-84.2500000000001,9.500000000000021,26.503665924072266,10.511332511901855,3000.0,66.42826843261719,125.0,26.0,5.7,0.10353659938008235
-84.2000000000001,9.500000000000021,25.62816619873047,10.385666847229004,3150.0,60.42481994628906,155.0,173.0,5.7,0.16438843032652806
-84.1500000000001,9.500000000000021,24.188291549682617,10.447416305541992,3085.0,57.74675369262695,161.0,418.0,5.7,0.33795123445241193
-84.10000000000011,9.500000000000021,24.188291549682617,10.447416305541992,3085.0,57.74675369262695,161.0,418.0,5.3,0.3099399135903965
-84.05000000000011,9.500000000000021,22.80291748046875,10.569999694824219,2884.0,61.40515899658203,140.0,670.0,5.2,0.4429538363083416
-84.00000000000011,9.500000000000021,22.80291748046875,10.569999694824219,2884.0,61.40515899658203,140.0,670.0,5.1,0.4308882468236713
-83.95000000000012,9.500000000000021,18.837833404541016,10.175666809082031,2893.0,65.36901092529297,121.0,1414.0,5.2,0.9628174581357871
-83.90000000000012,9.500000000000021,15.459625244140625,9.759249687194824,2512.0,68.88685607910156,94.0,1984.0,5.2,0.9609845234281814
-83.85000000000012,9.500000000000021,15.459625244140625,9.759249687194824,2512.0,68.88685607910156,94.0,1984.0,5.1,0.9581775589652429
-83.80000000000013,9.500000000000021,12.686416625976562,9.6274995803833,2526.0,69.3185043334961,90.0,2446.0,5.2,0.75491671582239
-83.75000000000013,9.500000000000021,12.686416625976562,9.6274995803833,2526.0,69.3185043334961,90.0,2446.0,5.3,0.7699977399951308
-83.70000000000013,9.500000000000021,11.971041679382324,9.510916709899902,2545.0,68.37166595458984,88.0,2523.0,5.1,0.8176364171460819
-83.65000000000013,9.500000000000021,12.111332893371582,9.533332824707031,2330.0,70.22576141357422,82.0,2490.0,5.3,0.8058824251709839
-83.60000000000014,9.500000000000021,12.111332893371582,9.533332824707031,2330.0,70.22576141357422,82.0,2490.0,5.0,0.7974186533158255
-83.55000000000014,9.500000000000021,10.652999877929688,9.36966609954834,2723.0,63.22126388549805,136.0,2740.0,4.9,0.7575899829861072
-83.50000000000014,9.500000000000021,10.652999877929688,9.36966609954834,2723.0,63.22126388549805,136.0,2740.0,5.7,0.666408617550401
-83.45000000000014,9.500000000000021,10.113041877746582,9.30875015258789,2873.0,55.04899978637695,202.0,2842.0,5.4,0.4429767684570211
-83.40000000000015,9.500000000000021,16.866167068481445,9.625,3111.0,35.02261734008789,393.0,1672.0,5.2,0.8280757700913932
-83.35000000000015,9.500000000000021,16.866167068481445,9.625,3111.0,35.02261734008789,393.0,1672.0,5.1,0.7858317357739404
-83.30000000000015,9.500000000000021,20.049333572387695,9.78833293914795,3028.0,37.08095169067383,362.0,1160.0,5.1,0.7293315934267565
-83.25000000000016,9.500000000000021,20.049333572387695,9.78833293914795,3028.0,37.08095169067383,362.0,1160.0,5.1,0.7293315934267565
-83.20000000000016,9.500000000000021,19.543540954589844,9.471083641052246,3277.0,24.24277687072754,529.0,1290.0,5.1,0.29354357918018664
-83.15000000000016,9.500000000000021,22.55591583251953,9.45300006866455,3271.0,29.237998962402344,464.0,735.0,5.4,0.73713706412612
-83.10000000000016,9.500000000000021,22.55591583251953,9.45300006866455,3271.0,29.237998962402344,464.0,735.0,5.4,0.73713706412612
-83.05000000000017,9.500000000000021,24.900625228881836,9.157917022705078,3371.0,34.6557502746582,425.0,300.0,5.3,0.6323424772807301
-83.00000000000017,9.500000000000021,24.900625228881836,9.157917022705078,3371.0,34.6557502746582,425.0,300.0,5.5,0.6453711977151458
-82.95000000000017,9.500000000000021,26.080583572387695,8.866832733154297,3074.0,31.938846588134766,399.0,94.0,5.5,0.24274731296867563
-82.90000000000018,9.500000000000021,25.404666900634766,8.656000137329102,3137.0,30.4075870513916,441.0,220.0,5.3,0.6289459983674509
-82.85000000000018,9.500000000000021,25.404666900634766,8.656000137329102,3137.0,30.4075870513916,441.0,220.0,5.2,0.5551334109720445
-82.80000000000018,9.500000000000021,24.27112579345703,8.606416702270508,3010.0,22.72334861755371,506.0,433.0,5.0,0.3190389235904466
-82.75000000000018,9.500000000000021,24.27112579345703,8.606416702270508,3010.0,22.72334861755371,506.0,433.0,5.2,0.5364241850642096
-82.70000000000019,9.500000000000021,26.10383415222168,8.193833351135254,2894.0,24.14373207092285,502.0,89.0,5.4,0.3821540162263835
-82.65000000000019,9.500000000000021,26.40279197692871,7.851083278656006,2871.0,25.662704467773438,494.0,17.0,5.7,0.2790068640080452
-82.6000000000002,9.500000000000021,26.40279197692871,7.851083278656006,2871.0,25.662704467773438,494.0,17.0,5.5,0.2880467439170896
-82.5500000000002,9.500000000000021,26.380224227905273,7.714417934417725,2883.0,26.558582305908203,463.0,9.0,5.4,0.2920418770110308
-85.15000000000005,9.550000000000022,26.103750228881836,10.640832901000977,2289.0,91.56398010253906,18.0,124.0,5.5,0.36060054738074776
-85.10000000000005,9.550000000000022,26.103750228881836,10.640832901000977,2289.0,91.56398010253906,18.0,124.0,5.5,0.36060054738074776
-84.65000000000008,9.550000000000022,26.55069351196289,10.445833206176758,2307.0,73.98676300048828,45.0,23.0,5.5,0.11264849002834118
-84.60000000000008,9.550000000000022,26.55069351196289,10.445833206176758,2307.0,73.98676300048828,45.0,23.0,5.5,0.11264849002834118
-84.55000000000008,9.550000000000022,26.555862426757812,10.53347396850586,2588.0,72.85807800292969,71.0,31.0,5.8,0.1251374624363489
-84.50000000000009,9.550000000000022,26.555862426757812,10.53347396850586,2588.0,72.85807800292969,71.0,31.0,5.4,0.10952236404684043
-84.45000000000009,9.550000000000022,26.38397979736328,10.559507369995117,2694.0,69.59352111816406,81.0,67.0,5.4,0.10205325691607335
-84.40000000000009,9.550000000000022,26.53116226196289,10.629860877990723,2809.0,68.21631622314453,103.0,35.0,5.5,0.09880476447890242
-84.3500000000001,9.550000000000022,26.53116226196289,10.629860877990723,2809.0,68.21631622314453,103.0,35.0,5.8,0.10206336071684947
-84.3000000000001,9.550000000000022,26.503665924072266,10.511332511901855,3000.0,66.42826843261719,125.0,26.0,5.9,0.12918985595631705
-84.2500000000001,9.550000000000022,26.503665924072266,10.511332511901855,3000.0,66.42826843261719,125.0,26.0,5.6,0.09866736632929125
-84.2000000000001,9.550000000000022,25.62816619873047,10.385666847229004,3150.0,60.42481994628906,155.0,173.0,5.3,0.14467822098863872
-84.1500000000001,9.550000000000022,24.188291549682617,10.447416305541992,3085.0,57.74675369262695,161.0,418.0,5.3,0.3099399135903965
-84.10000000000011,9.550000000000022,24.188291549682617,10.447416305541992,3085.0,57.74675369262695,161.0,418.0,5.1,0.2489606166277201
-84.05000000000011,9.550000000000022,22.80291748046875,10.569999694824219,2884.0,61.40515899658203,140.0,670.0,5.1,0.4308882468236713
-84.00000000000011,9.550000000000022,22.80291748046875,10.569999694824219,2884.0,61.40515899658203,140.0,670.0,4.4,0.1475015640416006
-83.95000000000012,9.550000000000022,18.837833404541016,10.175666809082031,2893.0,65.36901092529297,121.0,1414.0,5.0,0.9604986927089321
-83.90000000000012,9.550000000000022,15.459625244140625,9.759249687194824,2512.0,68.88685607910156,94.0,1984.0,4.8,0.9596310906076945
-83.85000000000012,9.550000000000022,15.459625244140625,9.759249687194824,2512.0,68.88685607910156,94.0,1984.0,5.2,0.9609845234281814
-83.80000000000013,9.550000000000022,12.686416625976562,9.6274995803833,2526.0,69.3185043334961,90.0,2446.0,5.0,0.7588995807606095
-83.75000000000013,9.550000000000022,12.686416625976562,9.6274995803833,2526.0,69.3185043334961,90.0,2446.0,5.2,0.75491671582239
-83.70000000000013,9.550000000000022,11.971041679382324,9.510916709899902,2545.0,68.37166595458984,88.0,2523.0,4.9,0.8282386744931838
-83.65000000000013,9.550000000000022,12.111332893371582,9.533332824707031,2330.0,70.22576141357422,82.0,2490.0,5.1,0.7958301045099411
-83.60000000000014,9.550000000000022,12.111332893371582,9.533332824707031,2330.0,70.22576141357422,82.0,2490.0,5.0,0.7974186533158255
-83.55000000000014,9.550000000000022,10.652999877929688,9.36966609954834,2723.0,63.22126388549805,136.0,2740.0,4.9,0.7575899829861072
-83.50000000000014,9.550000000000022,10.652999877929688,9.36966609954834,2723.0,63.22126388549805,136.0,2740.0,4.9,0.7575899829861072
-83.45000000000014,9.550000000000022,10.113041877746582,9.30875015258789,2873.0,55.04899978637695,202.0,2842.0,5.2,0.4326128626380258
-83.40000000000015,9.550000000000022,16.866167068481445,9.625,3111.0,35.02261734008789,393.0,1672.0,5.0,0.7615293300270026
-83.35000000000015,9.550000000000022,16.866167068481445,9.625,3111.0,35.02261734008789,393.0,1672.0,5.3,0.837611914717294
-83.30000000000015,9.550000000000022,20.049333572387695,9.78833293914795,3028.0,37.08095169067383,362.0,1160.0,5.2,0.7693386253250742
-83.25000000000016,9.550000000000022,20.049333572387695,9.78833293914795,3028.0,37.08095169067383,362.0,1160.0,5.1,0.7293315934267565
-83.20000000000016,9.550000000000022,19.543540954589844,9.471083641052246,3277.0,24.24277687072754,529.0,1290.0,5.1,0.29354357918018664
-83.15000000000016,9.550000000000022,22.55591583251953,9.45300006866455,3271.0,29.237998962402344,464.0,735.0,5.2,0.6746930838542948
-83.10000000000016,9.550000000000022,22.55591583251953,9.45300006866455,3271.0,29.237998962402344,464.0,735.0,5.4,0.73713706412612
-83.05000000000017,9.550000000000022,24.900625228881836,9.157917022705078,3371.0,34.6557502746582,425.0,300.0,5.5,0.6453711977151458
-83.00000000000017,9.550000000000022,24.900625228881836,9.157917022705078,3371.0,34.6557502746582,425.0,300.0,5.8,0.4369078433604981
-82.95000000000017,9.550000000000022,26.080583572387695,8.866832733154297,3074.0,31.938846588134766,399.0,94.0,5.6,0.2306798472090182
-82.90000000000018,9.550000000000022,25.404666900634766,8.656000137329102,3137.0,30.4075870513916,441.0,220.0,5.6,0.46571482089917615
-82.85000000000018,9.550000000000022,25.404666900634766,8.656000137329102,3137.0,30.4075870513916,441.0,220.0,5.3,0.6289459983674509
-82.80000000000018,9.550000000000022,24.27112579345703,8.606416702270508,3010.0,22.72334861755371,506.0,433.0,5.2,0.5364241850642096
-82.75000000000018,9.550000000000022,24.27112579345703,8.606416702270508,3010.0,22.72334861755371,506.0,433.0,5.5,0.6164834779984754
-82.70000000000019,9.550000000000022,26.10383415222168,8.193833351135254,2894.0,24.14373207092285,502.0,89.0,5.7,0.33781141203040665
-82.65000000000019,9.550000000000022,26.40279197692871,7.851083278656006,2871.0,25.662704467773438,494.0,17.0,5.7,0.2790068640080452
-82.6000000000002,9.550000000000022,26.40279197692871,7.851083278656006,2871.0,25.662704467773438,494.0,17.0,5.7,0.2790068640080452
-82.5500000000002,9.550000000000022,26.380224227905273,7.714417934417725,2883.0,26.558582305908203,463.0,9.0,5.5,0.2775335606427778
-85.20000000000005,9.600000000000023,26.42361068725586,10.838888168334961,2093.0,87.34477233886719,18.0,74.0,5.5,0.09474065286563958
-85.15000000000005,9.600000000000023,26.060317993164062,10.917062759399414,2441.0,89.205810546875,26.0,151.0,5.5,0.5317909975949383
-85.10000000000005,9.600000000000023,26.060317993164062,10.917062759399414,2441.0,89.205810546875,26.0,151.0,5.7,0.4774579009052751
-85.05000000000005,9.600000000000023,26.452651977539062,11.031061172485352,2245.0,87.73116302490234,21.0,78.0,5.5,0.21964121279184226
-85.00000000000006,9.600000000000023,26.452651977539062,11.031061172485352,2245.0,87.73116302490234,21.0,78.0,5.5,0.21964121279184226
-84.70000000000007,9.600000000000023,26.453125,10.289583206176758,2037.0,85.07781219482422,31.0,54.0,5.5,0.1359885821235676
-84.65000000000008,9.600000000000023,25.996437072753906,10.383442878723145,2768.0,69.58332061767578,82.0,138.0,5.5,0.1787487451528912
-84.60000000000008,9.600000000000023,25.996437072753906,10.383442878723145,2768.0,69.58332061767578,82.0,138.0,5.5,0.1787487451528912
-84.55000000000008,9.600000000000023,25.450166702270508,10.39366626739502,2861.0,69.32453918457031,93.0,237.0,5.4,0.2473697844965447
-84.50000000000009,9.600000000000023,25.450166702270508,10.39366626739502,2861.0,69.32453918457031,93.0,237.0,5.6,0.260337197149675
-84.45000000000009,9.600000000000023,25.779083251953125,10.510334014892578,2847.0,72.02786254882812,85.0,181.0,5.6,0.21723207389597018
-84.40000000000009,9.600000000000023,25.371875762939453,10.472084045410156,2893.0,70.2015380859375,90.0,248.0,5.5,0.2767225603641447
-84.3500000000001,9.600000000000023,25.371875762939453,10.472084045410156,2893.0,70.2015380859375,90.0,248.0,5.4,0.26616993463207905
-84.3000000000001,9.600000000000023,25.888124465942383,10.41058349609375,2984.0,68.65696716308594,98.0,136.0,5.5,0.21506761534803634
-84.2500000000001,9.600000000000023,25.888124465942383,10.41058349609375,2984.0,68.65696716308594,98.0,136.0,5.5,0.21506761534803634
-84.2000000000001,9.600000000000023,23.03708267211914,10.318333625793457,2938.0,60.14109802246094,141.0,640.0,5.1,0.46980304362454706
-84.1500000000001,9.600000000000023,19.30037498474121,10.252583503723145,2644.0,67.37323760986328,106.0,1355.0,5.2,0.9620232100364071
-84.10000000000011,9.600000000000023,19.30037498474121,10.252583503723145,2644.0,67.37323760986328,106.0,1355.0,5.2,0.9620232100364071
-84.05000000000011,9.600000000000023,19.015291213989258,10.476916313171387,2450.0,71.4892349243164,83.0,1414.0,5.3,0.9595298104802331
-84.00000000000011,9.600000000000023,19.015291213989258,10.476916313171387,2450.0,71.4892349243164,83.0,1414.0,5.0,0.9579697714323183
-83.95000000000012,9.600000000000023,16.584875106811523,10.244916915893555,2427.0,74.319580078125,79.0,1851.0,5.2,0.9615626522551136
-83.90000000000012,9.600000000000023,12.197250366210938,9.783333778381348,2252.0,74.80836486816406,62.0,2575.0,4.8,0.8587705054876902
-83.85000000000012,9.600000000000023,12.197250366210938,9.783333778381348,2252.0,74.80836486816406,62.0,2575.0,5.2,0.8364383235935421
-83.80000000000013,9.600000000000023,10.870041847229004,9.339583396911621,2620.0,63.98955535888672,133.0,2747.0,5.3,0.8267740882823242
-83.75000000000013,9.600000000000023,10.870041847229004,9.339583396911621,2620.0,63.98955535888672,133.0,2747.0,4.9,0.8039775056159716
-83.70000000000013,9.600000000000023,11.929208755493164,9.325416564941406,3008.0,53.91590881347656,231.0,2506.0,5.2,0.5504056792948684
-83.65000000000013,9.600000000000023,11.248749732971191,9.189666748046875,3304.0,49.33390808105469,306.0,2634.0,5.0,0.37121620611842227
-83.60000000000014,9.600000000000023,11.248749732971191,9.189666748046875,3304.0,49.33390808105469,306.0,2634.0,5.0,0.37121620611842227
-83.55000000000014,9.600000000000023,14.554499626159668,9.420000076293945,3305.0,45.7166633605957,297.0,2091.0,5.1,0.5190342408426142
-83.50000000000014,9.600000000000023,14.554499626159668,9.420000076293945,3305.0,45.7166633605957,297.0,2091.0,5.3,0.5804212232536736
-83.45000000000014,9.600000000000023,17.487749099731445,9.626166343688965,2810.0,45.188724517822266,271.0,1618.0,5.1,0.9327604019683805
-83.40000000000015,9.600000000000023,15.966708183288574,9.318082809448242,3283.0,31.385351181030273,457.0,1881.0,5.1,0.6468508638995573
-83.35000000000015,9.600000000000023,15.966708183288574,9.318082809448242,3283.0,31.385351181030273,457.0,1881.0,5.1,0.6468508638995573
-83.30000000000015,9.600000000000023,18.87441635131836,9.444499969482422,3399.0,29.283769607543945,476.0,1363.0,5.2,0.7611636077628398
-83.25000000000016,9.600000000000023,18.87441635131836,9.444499969482422,3399.0,29.283769607543945,476.0,1363.0,5.3,0.7802883034097015
-83.20000000000016,9.600000000000023,21.97687530517578,9.392250061035156,3257.0,29.46816062927246,457.0,829.0,5.1,0.5191964508541583
-83.15000000000016,9.600000000000023,23.382125854492188,9.182583808898926,3300.0,27.484609603881836,492.0,582.0,5.2,0.504902561191067
-83.10000000000016,9.600000000000023,23.382125854492188,9.182583808898926,3300.0,27.484609603881836,492.0,582.0,5.4,0.564663661754285
-83.05000000000017,9.600000000000023,24.533124923706055,8.911749839782715,3358.0,27.269731521606445,500.0,371.0,5.5,0.6706558470386108
-83.00000000000017,9.600000000000023,24.533124923706055,8.911749839782715,3358.0,27.269731521606445,500.0,371.0,5.4,0.6622303994084661
-82.95000000000017,9.600000000000023,25.111791610717773,8.71108341217041,3180.0,26.412282943725586,498.0,274.0,5.6,0.4114107453954765
-82.90000000000018,9.600000000000023,25.592500686645508,8.416999816894531,3015.0,22.25041961669922,527.0,186.0,5.5,0.4585973170831606
-82.85000000000018,9.600000000000023,25.592500686645508,8.416999816894531,3015.0,22.25041961669922,527.0,186.0,5.4,0.4577810200674102
-82.80000000000018,9.600000000000023,26.16679573059082,8.133419036865234,3033.0,23.445716857910156,520.0,83.0,5.5,0.3338073091077639
-82.75000000000018,9.600000000000023,26.16679573059082,8.133419036865234,3033.0,23.445716857910156,520.0,83.0,5.6,0.30995287245083963
-82.70000000000019,9.600000000000023,26.262962341308594,7.86296272277832,2980.0,26.811094284057617,479.0,56.0,5.4,0.45613298465705104
-82.65000000000019,9.600000000000023,26.285175323486328,7.596705436706543,2990.0,30.25461196899414,459.0,38.0,5.2,0.3882470863870433
-82.6000000000002,9.600000000000023,26.285175323486328,7.596705436706543,2990.0,30.25461196899414,459.0,38.0,5.5,0.3843912305709406
-85.20000000000005,9.650000000000023,26.42361068725586,10.838888168334961,2093.0,87.34477233886719,18.0,74.0,5.5,0.09474065286563958
-85.15000000000005,9.650000000000023,26.060317993164062,10.917062759399414,2441.0,89.205810546875,26.0,151.0,5.7,0.4774579009052751
-85.10000000000005,9.650000000000023,26.060317993164062,10.917062759399414,2441.0,89.205810546875,26.0,151.0,5.7,0.4774579009052751
-85.05000000000005,9.650000000000023,26.452651977539062,11.031061172485352,2245.0,87.73116302490234,21.0,78.0,5.5,0.21964121279184226
-85.00000000000006,9.650000000000023,26.452651977539062,11.031061172485352,2245.0,87.73116302490234,21.0,78.0,5.5,0.21964121279184226
-84.70000000000007,9.650000000000023,26.453125,10.289583206176758,2037.0,85.07781219482422,31.0,54.0,5.5,0.1359885821235676
-84.65000000000008,9.650000000000023,25.996437072753906,10.383442878723145,2768.0,69.58332061767578,82.0,138.0,6.0,0.15788202634060866
-84.60000000000008,9.650000000000023,25.996437072753906,10.383442878723145,2768.0,69.58332061767578,82.0,138.0,5.3,0.15732061716337586
-84.55000000000008,9.650000000000023,25.450166702270508,10.39366626739502,2861.0,69.32453918457031,93.0,237.0,5.4,0.2473697844965447
-84.50000000000009,9.650000000000023,25.450166702270508,10.39366626739502,2861.0,69.32453918457031,93.0,237.0,5.5,0.260697730217279
-84.45000000000009,9.650000000000023,25.779083251953125,10.510334014892578,2847.0,72.02786254882812,85.0,181.0,5.5,0.2252714682831781
-84.40000000000009,9.650000000000023,25.371875762939453,10.472084045410156,2893.0,70.2015380859375,90.0,248.0,5.4,0.26616993463207905
-84.3500000000001,9.650000000000023,25.371875762939453,10.472084045410156,2893.0,70.2015380859375,90.0,248.0,5.3,0.2564359002632141
-84.3000000000001,9.650000000000023,25.888124465942383,10.41058349609375,2984.0,68.65696716308594,98.0,136.0,5.4,0.19871097880291583
-84.2500000000001,9.650000000000023,25.888124465942383,10.41058349609375,2984.0,68.65696716308594,98.0,136.0,5.3,0.18729971518157365
-84.2000000000001,9.650000000000023,23.03708267211914,10.318333625793457,2938.0,60.14109802246094,141.0,640.0,5.2,0.48718950455105464
-84.1500000000001,9.650000000000023,19.30037498474121,10.252583503723145,2644.0,67.37323760986328,106.0,1355.0,5.1,0.9600613565541126
-84.10000000000011,9.650000000000023,19.30037498474121,10.252583503723145,2644.0,67.37323760986328,106.0,1355.0,5.2,0.9620232100364071
-84.05000000000011,9.650000000000023,19.015291213989258,10.476916313171387,2450.0,71.4892349243164,83.0,1414.0,5.4,0.9588979461138469
-84.00000000000011,9.650000000000023,19.015291213989258,10.476916313171387,2450.0,71.4892349243164,83.0,1414.0,5.3,0.9595298104802331
-83.95000000000012,9.650000000000023,16.584875106811523,10.244916915893555,2427.0,74.319580078125,79.0,1851.0,5.0,0.9606717132070414
-83.90000000000012,9.650000000000023,12.197250366210938,9.783333778381348,2252.0,74.80836486816406,62.0,2575.0,5.3,0.8486572571528611
-83.85000000000012,9.650000000000023,12.197250366210938,9.783333778381348,2252.0,74.80836486816406,62.0,2575.0,5.1,0.8497456628650016
-83.80000000000013,9.650000000000023,10.870041847229004,9.339583396911621,2620.0,63.98955535888672,133.0,2747.0,5.2,0.8109733955430226
-83.75000000000013,9.650000000000023,10.870041847229004,9.339583396911621,2620.0,63.98955535888672,133.0,2747.0,5.2,0.8109733955430226
-83.70000000000013,9.650000000000023,11.929208755493164,9.325416564941406,3008.0,53.91590881347656,231.0,2506.0,5.0,0.5515167224476476
-83.65000000000013,9.650000000000023,11.248749732971191,9.189666748046875,3304.0,49.33390808105469,306.0,2634.0,5.1,0.3580219246482017
-83.60000000000014,9.650000000000023,11.248749732971191,9.189666748046875,3304.0,49.33390808105469,306.0,2634.0,5.0,0.37121620611842227
-83.55000000000014,9.650000000000023,14.554499626159668,9.420000076293945,3305.0,45.7166633605957,297.0,2091.0,5.2,0.5648382498844959
-83.50000000000014,9.650000000000023,14.554499626159668,9.420000076293945,3305.0,45.7166633605957,297.0,2091.0,5.2,0.5648382498844959
-83.45000000000014,9.650000000000023,17.487749099731445,9.626166343688965,2810.0,45.188724517822266,271.0,1618.0,5.3,0.9413195679764524
-83.40000000000015,9.650000000000023,15.966708183288574,9.318082809448242,3283.0,31.385351181030273,457.0,1881.0,5.4,0.7398179827279135
-83.35000000000015,9.650000000000023,15.966708183288574,9.318082809448242,3283.0,31.385351181030273,457.0,1881.0,5.2,0.7070549519992423
-83.30000000000015,9.650000000000023,18.87441635131836,9.444499969482422,3399.0,29.283769607543945,476.0,1363.0,5.2,0.7611636077628398
-83.25000000000016,9.650000000000023,18.87441635131836,9.444499969482422,3399.0,29.283769607543945,476.0,1363.0,5.2,0.7611636077628398
-83.20000000000016,9.650000000000023,21.97687530517578,9.392250061035156,3257.0,29.46816062927246,457.0,829.0,4.9,0.2404334029420276
-83.15000000000016,9.650000000000023,23.382125854492188,9.182583808898926,3300.0,27.484609603881836,492.0,582.0,5.5,0.5693080941264465
-83.10000000000016,9.650000000000023,23.382125854492188,9.182583808898926,3300.0,27.484609603881836,492.0,582.0,5.2,0.504902561191067
-83.05000000000017,9.650000000000023,24.533124923706055,8.911749839782715,3358.0,27.269731521606445,500.0,371.0,5.5,0.6706558470386108
-83.00000000000017,9.650000000000023,24.533124923706055,8.911749839782715,3358.0,27.269731521606445,500.0,371.0,5.2,0.5630924361513334
-82.95000000000017,9.650000000000023,25.111791610717773,8.71108341217041,3180.0,26.412282943725586,498.0,274.0,5.2,0.4231661800782483
-82.90000000000018,9.650000000000023,25.592500686645508,8.416999816894531,3015.0,22.25041961669922,527.0,186.0,5.3,0.43957769211276354
-82.85000000000018,9.650000000000023,25.592500686645508,8.416999816894531,3015.0,22.25041961669922,527.0,186.0,5.4,0.4577810200674102
-82.80000000000018,9.650000000000023,26.16679573059082,8.133419036865234,3033.0,23.445716857910156,520.0,83.0,5.6,0.30995287245083963
-82.75000000000018,9.650000000000023,26.16679573059082,8.133419036865234,3033.0,23.445716857910156,520.0,83.0,5.5,0.3338073091077639
-82.70000000000019,9.650000000000023,26.262962341308594,7.86296272277832,2980.0,26.811094284057617,479.0,56.0,5.5,0.41890381822043093
-82.65000000000019,9.650000000000023,26.285175323486328,7.596705436706543,2990.0,30.25461196899414,459.0,38.0,5.5,0.3843912305709406
-82.6000000000002,9.650000000000023,26.285175323486328,7.596705436706543,2990.0,30.25461196899414,459.0,38.0,5.5,0.3843912305709406
-85.20000000000005,9.700000000000024,26.614139556884766,11.026093482971191,2208.0,88.86083221435547,19.0,50.0,5.8,0.13744087088840448
-85.15000000000005,9.700000000000024,26.18891716003418,11.123833656311035,2435.0,89.59673309326172,29.0,142.0,5.8,0.25794848471836307
-85.10000000000005,9.700000000000024,26.18891716003418,11.123833656311035,2435.0,89.59673309326172,29.0,142.0,5.5,0.28967534385556964
-85.05000000000005,9.700000000000024,26.413755416870117,10.983936309814453,2239.0,88.37640380859375,24.0,95.0,6.0,0.15984341707844466
-85.00000000000006,9.700000000000024,26.413755416870117,10.983936309814453,2239.0,88.37640380859375,24.0,95.0,6.1,0.1589132386860533
-84.95000000000006,9.700000000000024,26.448749542236328,10.535833358764648,1927.0,88.1361083984375,17.0,103.0,5.5,0.06338593867845832
-84.70000000000007,9.700000000000024,26.34027671813965,10.163888931274414,2042.0,84.1421127319336,35.0,71.0,5.5,0.130929780754163
-84.65000000000008,9.700000000000024,25.42205047607422,10.224063873291016,2586.0,74.46524047851562,52.0,248.0,5.6,0.35036617613430626
-84.60000000000008,9.700000000000024,25.42205047607422,10.224063873291016,2586.0,74.46524047851562,52.0,248.0,5.4,0.3551347836099886
-84.55000000000008,9.700000000000024,24.64091682434082,10.305999755859375,2819.0,75.37791442871094,56.0,390.0,5.3,0.6772228131524921
-84.50000000000009,9.700000000000024,24.64091682434082,10.305999755859375,2819.0,75.37791442871094,56.0,390.0,5.6,0.6772225415553945
-84.45000000000009,9.700000000000024,24.825082778930664,10.29616641998291,2817.0,73.29753875732422,63.0,348.0,5.5,0.5258805296046383
-84.40000000000009,9.700000000000024,23.8331241607666,10.23075008392334,2718.0,71.84274291992188,69.0,533.0,5.5,0.7139233848643588
-84.3500000000001,9.700000000000024,23.8331241607666,10.23075008392334,2718.0,71.84274291992188,69.0,533.0,5.3,0.6845809466173831
-84.3000000000001,9.700000000000024,23.59629249572754,10.26775074005127,2676.0,73.32482147216797,67.0,565.0,5.3,0.7455184882744094
-84.2500000000001,9.700000000000024,23.59629249572754,10.26775074005127,2676.0,73.32482147216797,67.0,565.0,5.4,0.7124120809980296
-84.2000000000001,9.700000000000024,20.075416564941406,10.098000526428223,2692.0,70.84368133544922,86.0,1216.0,5.0,0.940796746166722
-84.1500000000001,9.700000000000024,17.410707473754883,10.16391658782959,2378.0,76.41307830810547,70.0,1721.0,5.7,0.9576813544738284
-84.10000000000011,9.700000000000024,17.410707473754883,10.16391658782959,2378.0,76.41307830810547,70.0,1721.0,5.2,0.966970172177564
-84.05000000000011,9.700000000000024,17.407583236694336,10.298999786376953,2369.0,72.71836853027344,75.0,1725.0,5.4,0.958954158154714
-84.00000000000011,9.700000000000024,17.407583236694336,10.298999786376953,2369.0,72.71836853027344,75.0,1725.0,5.2,0.9597535378491869
-83.95000000000012,9.700000000000024,15.119708061218262,9.962249755859375,2356.0,70.94210815429688,101.0,2109.0,5.0,0.9225391193579557
-83.90000000000012,9.700000000000024,13.71845817565918,9.562749862670898,2717.0,60.20476531982422,174.0,2302.0,5.1,0.6207217036794059
-83.85000000000012,9.700000000000024,13.71845817565918,9.562749862670898,2717.0,60.20476531982422,174.0,2302.0,5.0,0.6564859431094424
-83.80000000000013,9.700000000000024,15.746417045593262,9.490333557128906,3400.0,38.32731628417969,403.0,1942.0,5.1,0.748901632987939
-83.75000000000013,9.700000000000024,15.746417045593262,9.490333557128906,3400.0,38.32731628417969,403.0,1942.0,5.2,0.7933899763459163
-83.70000000000013,9.700000000000024,17.242124557495117,9.523250579833984,3953.0,29.077560424804688,575.0,1661.0,5.2,0.26742234599028114
-83.65000000000013,9.700000000000024,17.09658432006836,9.42733383178711,3586.0,35.636962890625,478.0,1710.0,5.2,0.7303500904052336
-83.60000000000014,9.700000000000024,17.09658432006836,9.42733383178711,3586.0,35.636962890625,478.0,1710.0,5.1,0.6725120633031618
-83.55000000000014,9.700000000000024,18.285791397094727,9.50374984741211,3002.0,39.680721282958984,352.0,1499.0,5.2,0.9058805252263737
-83.50000000000014,9.700000000000024,18.285791397094727,9.50374984741211,3002.0,39.680721282958984,352.0,1499.0,5.1,0.8866354233044451
-83.45000000000014,9.700000000000024,18.96324920654297,9.472167015075684,3007.0,37.111671447753906,364.0,1377.0,5.5,0.9113741377448753
-83.40000000000015,9.700000000000024,19.655624389648438,9.444916725158691,3080.0,34.58030319213867,397.0,1262.0,5.2,0.8169034073905189
-83.35000000000015,9.700000000000024,19.655624389648438,9.444916725158691,3080.0,34.58030319213867,397.0,1262.0,5.2,0.8169034073905189
-83.30000000000015,9.700000000000024,18.420000076293945,9.1763334274292,3284.0,27.120656967163086,490.0,1477.0,5.2,0.5183531100811221
-83.25000000000016,9.700000000000024,18.420000076293945,9.1763334274292,3284.0,27.120656967163086,490.0,1477.0,5.2,0.5183531100811221
-83.20000000000016,9.700000000000024,21.145915985107422,9.131999969482422,3339.0,25.49604606628418,507.0,988.0,5.1,0.43570298819708136
-83.15000000000016,9.700000000000024,24.374582290649414,8.879500389099121,3337.0,29.087844848632812,474.0,396.0,5.3,0.806300195431681
-83.10000000000016,9.700000000000024,24.374582290649414,8.879500389099121,3337.0,29.087844848632812,474.0,396.0,5.4,0.8245271928578378
-83.05000000000017,9.700000000000024,25.66404151916504,8.71191692352295,3221.0,27.449169158935547,498.0,167.0,5.3,0.6113710313650351
-83.00000000000017,9.700000000000024,25.66404151916504,8.71191692352295,3221.0,27.449169158935547,498.0,167.0,5.6,0.4208800983194569
-82.95000000000017,9.700000000000024,25.998666763305664,8.512166976928711,3053.0,25.52131462097168,511.0,109.0,5.5,0.36048765137256267
-82.90000000000018,9.700000000000024,25.857431411743164,8.176546096801758,3133.0,24.23335075378418,520.0,129.0,5.3,0.5670724759381528
-82.85000000000018,9.700000000000024,25.857431411743164,8.176546096801758,3133.0,24.23335075378418,520.0,129.0,5.8,0.3632111067608008
-82.80000000000018,9.700000000000024,26.252212524414062,7.910156726837158,3154.0,31.053253173828125,464.0,53.0,5.5,0.38704339801016235
-82.75000000000018,9.700000000000024,26.252212524414062,7.910156726837158,3154.0,31.053253173828125,464.0,53.0,5.5,0.38704339801016235
-85.40000000000003,9.750000000000025,26.804166793823242,11.008333206176758,1929.0,90.6258544921875,19.0,12.0,5.5,0.07049793618004986
-85.35000000000004,9.750000000000025,26.804166793823242,11.008333206176758,1929.0,90.6258544921875,19.0,12.0,5.5,0.07049793618004986
-85.30000000000004,9.750000000000025,26.469812393188477,11.05459213256836,2044.0,90.06890106201172,18.0,82.0,5.5,0.08718785308320469
-85.25000000000004,9.750000000000025,26.469812393188477,11.05459213256836,2044.0,90.06890106201172,18.0,82.0,6.4,0.07273442165055369
-85.20000000000005,9.750000000000025,26.515832901000977,11.175999641418457,2272.0,91.29889678955078,22.0,83.0,5.9,0.1392080120415004
-85.15000000000005,9.750000000000025,25.5483341217041,10.995499610900879,2457.0,88.70974731445312,26.0,266.0,5.6,0.7600183124371188
-85.10000000000005,9.750000000000025,25.5483341217041,10.995499610900879,2457.0,88.70974731445312,26.0,266.0,5.8,0.7340606804472262
-85.05000000000005,9.750000000000025,25.29629135131836,10.791915893554688,2369.0,89.517578125,23.0,306.0,5.6,0.790150197580637
-85.00000000000006,9.750000000000025,25.29629135131836,10.791915893554688,2369.0,89.517578125,23.0,306.0,6.2,0.6326590761630294
-84.95000000000006,9.750000000000025,26.381507873535156,10.66788387298584,2161.0,86.71638488769531,24.0,101.0,5.5,0.2521564755259111
-84.90000000000006,9.750000000000025,26.69144630432129,10.272367477416992,1798.0,94.50324249267578,17.0,55.0,5.5,0.05922301110736093
-84.85000000000007,9.750000000000025,26.69144630432129,10.272367477416992,1798.0,94.50324249267578,17.0,55.0,5.5,0.05922301110736093
-84.80000000000007,9.750000000000025,27.287500381469727,9.791666984558105,1834.0,92.35546875,22.0,14.0,5.5,0.07453080655359771
-84.75000000000007,9.750000000000025,27.287500381469727,9.791666984558105,1834.0,92.35546875,22.0,14.0,5.5,0.07453080655359771
-84.65000000000008,9.750000000000025,26.453838348388672,10.254166603088379,2081.0,81.34500122070312,31.0,74.0,5.5,0.11144538213924764
-84.60000000000008,9.750000000000025,26.453838348388672,10.254166603088379,2081.0,81.34500122070312,31.0,74.0,5.8,0.11463459477841519
-84.55000000000008,9.750000000000025,25.08445930480957,10.170249938964844,2416.0,79.2461166381836,44.0,320.0,5.4,0.8160323936980904
-84.50000000000009,9.750000000000025,25.08445930480957,10.170249938964844,2416.0,79.2461166381836,44.0,320.0,5.5,0.8310623531011515
-84.45000000000009,9.750000000000025,21.80241584777832,9.928333282470703,2538.0,73.17182922363281,63.0,923.0,5.5,0.8535307980385878
-84.40000000000009,9.750000000000025,22.75575065612793,10.222000122070312,2469.0,77.46537017822266,65.0,743.0,5.3,0.9318896373849451
-84.3500000000001,9.750000000000025,22.75575065612793,10.222000122070312,2469.0,77.46537017822266,65.0,743.0,5.5,0.9404686365767125
-84.3000000000001,9.750000000000025,23.16179084777832,10.34375,2274.0,74.29241943359375,73.0,669.0,5.4,0.7909188698648544
-84.2500000000001,9.750000000000025,23.16179084777832,10.34375,2274.0,74.29241943359375,73.0,669.0,5.3,0.8375211545959014
-84.2000000000001,9.750000000000025,21.952499389648438,10.206500053405762,2335.0,74.19550323486328,71.0,881.0,5.2,0.7644547638771753
-84.1500000000001,9.750000000000025,19.520584106445312,10.160333633422852,2245.0,69.75798797607422,85.0,1335.0,5.1,0.9546422886827536
-84.10000000000011,9.750000000000025,19.520584106445312,10.160333633422852,2245.0,69.75798797607422,85.0,1335.0,5.3,0.9571940110794993
-84.05000000000011,9.750000000000025,18.102540969848633,10.205750465393066,2184.0,66.18033599853516,103.0,1607.0,5.5,0.9625147622205936
-84.00000000000011,9.750000000000025,18.102540969848633,10.205750465393066,2184.0,66.18033599853516,103.0,1607.0,5.6,0.9560048305031159
-83.95000000000012,9.750000000000025,17.507291793823242,9.992249488830566,2250.0,57.87004470825195,178.0,1693.0,5.4,0.9637979239030232
-83.90000000000012,9.750000000000025,18.911624908447266,9.925416946411133,2531.0,48.7906379699707,236.0,1399.0,5.2,0.9534736605319236
-83.85000000000012,9.750000000000025,18.911624908447266,9.925416946411133,2531.0,48.7906379699707,236.0,1399.0,5.3,0.9533498945434791
-83.80000000000013,9.750000000000025,19.06366729736328,9.729000091552734,2913.0,36.635658264160156,342.0,1375.0,5.2,0.8683463700205237
-83.75000000000013,9.750000000000025,19.06366729736328,9.729000091552734,2913.0,36.635658264160156,342.0,1375.0,5.1,0.8413879477435111
-83.70000000000013,9.750000000000025,21.14520835876465,9.793583869934082,3161.0,31.97385025024414,410.0,932.0,5.4,0.7674758847854234
-83.65000000000013,9.750000000000025,19.90387535095215,9.537250518798828,3436.0,27.415925979614258,513.0,1194.0,5.2,0.3885467459779062
-83.60000000000014,9.750000000000025,19.90387535095215,9.537250518798828,3436.0,27.415925979614258,513.0,1194.0,5.4,0.4314275976915233
-83.55000000000014,9.750000000000025,20.13079071044922,9.504583358764648,3175.0,30.96149444580078,426.0,1167.0,5.2,0.7539407922285543
-83.50000000000014,9.750000000000025,20.13079071044922,9.504583358764648,3175.0,30.96149444580078,426.0,1167.0,5.3,0.7732536813745333
-83.45000000000014,9.750000000000025,20.1235408782959,9.403416633605957,3167.0,29.80156135559082,442.0,1177.0,5.2,0.6952129087811937
-83.40000000000015,9.750000000000025,21.17074966430664,9.342833518981934,3103.0,34.380008697509766,383.0,980.0,5.4,0.8369727145612915
-83.35000000000015,9.750000000000025,21.17074966430664,9.342833518981934,3103.0,34.380008697509766,383.0,980.0,5.4,0.8369727145612915
-83.30000000000015,9.750000000000025,19.49945831298828,9.105583190917969,3395.0,27.250877380371094,490.0,1296.0,5.2,0.6569824616137949
-83.25000000000016,9.750000000000025,19.49945831298828,9.105583190917969,3395.0,27.250877380371094,490.0,1296.0,5.1,0.5409671245672021
-83.20000000000016,9.750000000000025,19.068374633789062,8.831417083740234,3878.0,37.35875701904297,444.0,1374.0,5.2,0.919702421070495
-83.15000000000016,9.750000000000025,22.59195899963379,8.669082641601562,3389.0,29.929967880249023,466.0,732.0,5.3,0.8997107225855315
-83.10000000000016,9.750000000000025,22.59195899963379,8.669082641601562,3389.0,29.929967880249023,466.0,732.0,5.3,0.8997107225855315
-83.05000000000017,9.750000000000025,25.323999404907227,8.39383316040039,3098.0,24.493574142456055,558.0,217.0,5.7,0.4263514456334931
-83.00000000000017,9.750000000000025,25.323999404907227,8.39383316040039,3098.0,24.493574142456055,558.0,217.0,5.6,0.42153714377765583
-82.95000000000017,9.750000000000025,25.800630569458008,8.169949531555176,3153.0,25.947778701782227,533.0,130.0,5.5,0.5623192165092424
-82.90000000000018,9.750000000000025,26.348133087158203,7.973850250244141,3211.0,29.713247299194336,470.0,26.0,5.5,0.32055297800685667
-82.85000000000018,9.750000000000025,26.348133087158203,7.973850250244141,3211.0,29.713247299194336,470.0,26.0,5.5,0.32055297800685667
-85.40000000000003,9.800000000000026,26.804166793823242,11.008333206176758,1929.0,90.6258544921875,19.0,12.0,5.5,0.07049793618004986
-85.35000000000004,9.800000000000026,26.804166793823242,11.008333206176758,1929.0,90.6258544921875,19.0,12.0,5.5,0.07049793618004986
-85.30000000000004,9.800000000000026,26.469812393188477,11.05459213256836,2044.0,90.06890106201172,18.0,82.0,5.5,0.08718785308320469
-85.25000000000004,9.800000000000026,26.469812393188477,11.05459213256836,2044.0,90.06890106201172,18.0,82.0,6.1,0.07795412103253739
-85.20000000000005,9.800000000000026,26.515832901000977,11.175999641418457,2272.0,91.29889678955078,22.0,83.0,5.7,0.16676691499036442
-85.15000000000005,9.800000000000026,25.5483341217041,10.995499610900879,2457.0,88.70974731445312,26.0,266.0,5.4,0.7370117772670453
-85.10000000000005,9.800000000000026,25.5483341217041,10.995499610900879,2457.0,88.70974731445312,26.0,266.0,5.5,0.7609737285002377
-85.05000000000005,9.800000000000026,25.29629135131836,10.791915893554688,2369.0,89.517578125,23.0,306.0,5.5,0.7873952166788669
-85.00000000000006,9.800000000000026,25.29629135131836,10.791915893554688,2369.0,89.517578125,23.0,306.0,5.7,0.781272188925338
-84.95000000000006,9.800000000000026,26.381507873535156,10.66788387298584,2161.0,86.71638488769531,24.0,101.0,5.8,0.21091894218058116
-84.90000000000006,9.800000000000026,26.69144630432129,10.272367477416992,1798.0,94.50324249267578,17.0,55.0,5.5,0.05922301110736093
-84.85000000000007,9.800000000000026,26.69144630432129,10.272367477416992,1798.0,94.50324249267578,17.0,55.0,5.5,0.05922301110736093
-84.80000000000007,9.800000000000026,27.287500381469727,9.791666984558105,1834.0,92.35546875,22.0,14.0,5.5,0.07453080655359771
-84.75000000000007,9.800000000000026,27.287500381469727,9.791666984558105,1834.0,92.35546875,22.0,14.0,5.5,0.07453080655359771
-84.65000000000008,9.800000000000026,26.453838348388672,10.254166603088379,2081.0,81.34500122070312,31.0,74.0,5.5,0.11144538213924764
-84.60000000000008,9.800000000000026,26.453838348388672,10.254166603088379,2081.0,81.34500122070312,31.0,74.0,5.5,0.11144538213924764
-84.55000000000008,9.800000000000026,25.08445930480957,10.170249938964844,2416.0,79.2461166381836,44.0,320.0,5.8,0.8120834495655523
-84.50000000000009,9.800000000000026,25.08445930480957,10.170249938964844,2416.0,79.2461166381836,44.0,320.0,5.1,0.7513474647250192
-84.45000000000009,9.800000000000026,21.80241584777832,9.928333282470703,2538.0,73.17182922363281,63.0,923.0,5.3,0.8495929388884688
-84.40000000000009,9.800000000000026,22.75575065612793,10.222000122070312,2469.0,77.46537017822266,65.0,743.0,5.3,0.9318896373849451
-84.3500000000001,9.800000000000026,22.75575065612793,10.222000122070312,2469.0,77.46537017822266,65.0,743.0,5.3,0.9318896373849451
-84.3000000000001,9.800000000000026,23.16179084777832,10.34375,2274.0,74.29241943359375,73.0,669.0,5.5,0.846125397261808
-84.2500000000001,9.800000000000026,23.16179084777832,10.34375,2274.0,74.29241943359375,73.0,669.0,5.3,0.8375211545959014
-84.2000000000001,9.800000000000026,21.952499389648438,10.206500053405762,2335.0,74.19550323486328,71.0,881.0,5.2,0.7644547638771753
-84.1500000000001,9.800000000000026,19.520584106445312,10.160333633422852,2245.0,69.75798797607422,85.0,1335.0,5.2,0.9562416915016803
-84.10000000000011,9.800000000000026,19.520584106445312,10.160333633422852,2245.0,69.75798797607422,85.0,1335.0,5.3,0.9571940110794993
-84.05000000000011,9.800000000000026,18.102540969848633,10.205750465393066,2184.0,66.18033599853516,103.0,1607.0,5.2,0.9637577805382639
-84.00000000000011,9.800000000000026,18.102540969848633,10.205750465393066,2184.0,66.18033599853516,103.0,1607.0,5.4,0.9644265407213088
-83.95000000000012,9.800000000000026,17.507291793823242,9.992249488830566,2250.0,57.87004470825195,178.0,1693.0,5.2,0.9629313423425196
-83.90000000000012,9.800000000000026,18.911624908447266,9.925416946411133,2531.0,48.7906379699707,236.0,1399.0,5.5,0.9531202317359465
-83.85000000000012,9.800000000000026,18.911624908447266,9.925416946411133,2531.0,48.7906379699707,236.0,1399.0,5.4,0.9546358189818756
-83.80000000000013,9.800000000000026,19.06366729736328,9.729000091552734,2913.0,36.635658264160156,342.0,1375.0,5.2,0.8683463700205237
-83.75000000000013,9.800000000000026,19.06366729736328,9.729000091552734,2913.0,36.635658264160156,342.0,1375.0,5.2,0.8683463700205237
-83.70000000000013,9.800000000000026,21.14520835876465,9.793583869934082,3161.0,31.97385025024414,410.0,932.0,5.2,0.7136339221323837
-83.65000000000013,9.800000000000026,19.90387535095215,9.537250518798828,3436.0,27.415925979614258,513.0,1194.0,5.3,0.4141670581044898
-83.60000000000014,9.800000000000026,19.90387535095215,9.537250518798828,3436.0,27.415925979614258,513.0,1194.0,5.3,0.4141670581044898
-83.55000000000014,9.800000000000026,20.13079071044922,9.504583358764648,3175.0,30.96149444580078,426.0,1167.0,5.4,0.7770077014384498
-83.50000000000014,9.800000000000026,20.13079071044922,9.504583358764648,3175.0,30.96149444580078,426.0,1167.0,5.3,0.7732536813745333
-83.45000000000014,9.800000000000026,20.1235408782959,9.403416633605957,3167.0,29.80156135559082,442.0,1177.0,5.2,0.6952129087811937
-83.40000000000015,9.800000000000026,21.17074966430664,9.342833518981934,3103.0,34.380008697509766,383.0,980.0,5.1,0.7332057476037976
-83.35000000000015,9.800000000000026,21.17074966430664,9.342833518981934,3103.0,34.380008697509766,383.0,980.0,5.4,0.8369727145612915
-83.30000000000015,9.800000000000026,19.49945831298828,9.105583190917969,3395.0,27.250877380371094,490.0,1296.0,5.4,0.722727332209305
-83.25000000000016,9.800000000000026,19.49945831298828,9.105583190917969,3395.0,27.250877380371094,490.0,1296.0,5.1,0.5409671245672021
-83.20000000000016,9.800000000000026,19.068374633789062,8.831417083740234,3878.0,37.35875701904297,444.0,1374.0,5.3,0.9245988826265409
-83.15000000000016,9.800000000000026,22.59195899963379,8.669082641601562,3389.0,29.929967880249023,466.0,732.0,5.2,0.8902438480181536
-83.10000000000016,9.800000000000026,22.59195899963379,8.669082641601562,3389.0,29.929967880249023,466.0,732.0,5.3,0.8997107225855315
-83.05000000000017,9.800000000000026,25.323999404907227,8.39383316040039,3098.0,24.493574142456055,558.0,217.0,5.4,0.48362921764805883
-83.00000000000017,9.800000000000026,25.323999404907227,8.39383316040039,3098.0,24.493574142456055,558.0,217.0,5.5,0.4820384752338496
-82.95000000000017,9.800000000000026,25.800630569458008,8.169949531555176,3153.0,25.947778701782227,533.0,130.0,5.5,0.5623192165092424
-82.90000000000018,9.800000000000026,26.348133087158203,7.973850250244141,3211.0,29.713247299194336,470.0,26.0,5.5,0.32055297800685667
-82.85000000000018,9.800000000000026,26.348133087158203,7.973850250244141,3211.0,29.713247299194336,470.0,26.0,5.5,0.32055297800685667
-85.65000000000002,9.850000000000026,26.7894229888916,10.889102935791016,1874.0,92.84977722167969,16.0,36.0,5.5,0.06637604381936477
-85.60000000000002,9.850000000000026,26.7894229888916,10.889102935791016,1874.0,92.84977722167969,16.0,36.0,5.5,0.06637604381936477
-85.55000000000003,9.850000000000026,26.6875,11.111734390258789,1931.0,93.43168640136719,16.0,57.0,5.5,0.060773740101837455
-85.50000000000003,9.850000000000026,26.6875,11.111734390258789,1931.0,93.43168640136719,16.0,57.0,5.5,0.060773740101837455
-85.45000000000003,9.850000000000026,26.260358810424805,11.136458396911621,2018.0,93.59500122070312,17.0,135.0,5.5,0.07634464172488768
-85.40000000000003,9.850000000000026,26.07845687866211,11.134753227233887,2122.0,92.87248229980469,18.0,167.0,5.5,0.13115378907691985
-85.35000000000004,9.850000000000026,26.07845687866211,11.134753227233887,2122.0,92.87248229980469,18.0,167.0,6.1,0.09466620093210823
-85.30000000000004,9.850000000000026,25.39287567138672,11.065082550048828,2264.0,92.482666015625,19.0,302.0,5.7,0.6508816673499738
-85.25000000000004,9.850000000000026,25.39287567138672,11.065082550048828,2264.0,92.482666015625,19.0,302.0,5.8,0.59890160093849
-85.20000000000005,9.850000000000026,26.36025047302246,11.304666519165039,2216.0,90.67902374267578,25.0,124.0,5.6,0.19655732733782802
-85.15000000000005,9.850000000000026,25.881834030151367,11.133167266845703,2288.0,90.31810760498047,25.0,215.0,5.5,0.5685423083037568
-85.10000000000005,9.850000000000026,25.881834030151367,11.133167266845703,2288.0,90.31810760498047,25.0,215.0,5.5,0.5685423083037568
-85.05000000000005,9.850000000000026,25.269290924072266,10.762249946594238,2256.0,89.84857177734375,24.0,319.0,5.7,0.7451900462997227
-85.00000000000006,9.850000000000026,25.269290924072266,10.762249946594238,2256.0,89.84857177734375,24.0,319.0,5.6,0.7553993463870572
-84.95000000000006,9.850000000000026,26.039073944091797,10.529629707336426,2048.0,87.02535247802734,21.0,173.0,5.7,0.15147281885285413
-84.90000000000006,9.850000000000026,26.902082443237305,10.054166793823242,1797.0,94.87911987304688,18.0,15.0,5.5,0.059223701083704935
-84.85000000000007,9.850000000000026,26.902082443237305,10.054166793823242,1797.0,94.87911987304688,18.0,15.0,5.5,0.059223701083704935
-84.70000000000007,9.850000000000026,26.720746994018555,10.297048568725586,2007.0,82.40327453613281,35.0,45.0,5.5,0.09451953491086104
-84.65000000000008,9.850000000000026,26.536624908447266,10.581583976745605,2188.0,78.42426300048828,54.0,95.0,5.9,0.10674816806800634
-84.60000000000008,9.850000000000026,26.536624908447266,10.581583976745605,2188.0,78.42426300048828,54.0,95.0,5.5,0.12282694449433482
-84.55000000000008,9.850000000000026,26.29450035095215,10.57016658782959,2337.0,78.43956756591797,57.0,132.0,5.6,0.19226327097287804
-84.50000000000009,9.850000000000026,26.29450035095215,10.57016658782959,2337.0,78.43956756591797,57.0,132.0,5.7,0.20095872739681198
-84.45000000000009,9.850000000000026,24.934457778930664,10.295083999633789,2176.0,77.99699401855469,53.0,367.0,5.6,0.7331255179641092
-84.40000000000009,9.850000000000026,22.652334213256836,10.204333305358887,2309.0,77.51123809814453,63.0,781.0,5.4,0.9378592920850419
-84.3500000000001,9.850000000000026,22.652334213256836,10.204333305358887,2309.0,77.51123809814453,63.0,781.0,5.3,0.9342650639748526
-84.3000000000001,9.850000000000026,22.314208984375,10.096750259399414,2313.0,74.19282531738281,73.0,828.0,5.1,0.8261038482599873
-84.2500000000001,9.850000000000026,22.314208984375,10.096750259399414,2313.0,74.19282531738281,73.0,828.0,5.5,0.8548477673629719
-84.2000000000001,9.850000000000026,20.124082565307617,9.940333366394043,2499.0,72.14453887939453,85.0,1224.0,5.2,0.9460214735100193
-84.1500000000001,9.850000000000026,18.192459106445312,10.097582817077637,2767.0,59.59787368774414,176.0,1588.0,5.2,0.9608391297593438
-84.10000000000011,9.850000000000026,18.192459106445312,10.097582817077637,2767.0,59.59787368774414,176.0,1588.0,5.5,0.9596018888440835
-84.05000000000011,9.850000000000026,19.63104248046875,10.492416381835938,2861.0,52.38308334350586,239.0,1338.0,5.5,0.9287665216150942
-84.00000000000011,9.850000000000026,19.63104248046875,10.492416381835938,2861.0,52.38308334350586,239.0,1338.0,5.6,0.8690015437724691
-83.95000000000012,9.850000000000026,18.80233383178711,10.276666641235352,2517.0,57.39175796508789,170.0,1485.0,5.6,0.9538229241206185
-83.90000000000012,9.850000000000026,18.171916961669922,10.420166969299316,2467.0,53.55223083496094,191.0,1610.0,5.5,0.957571231990325
-83.85000000000012,9.850000000000026,18.171916961669922,10.420166969299316,2467.0,53.55223083496094,191.0,1610.0,5.6,0.9525870161641652
-83.80000000000013,9.850000000000026,19.601959228515625,9.939249992370605,2774.0,37.0003662109375,295.0,1290.0,5.4,0.8911622796600125
-83.75000000000013,9.850000000000026,19.601959228515625,9.939249992370605,2774.0,37.0003662109375,295.0,1290.0,5.4,0.8911622796600125
-83.70000000000013,9.850000000000026,21.562707901000977,9.811249732971191,2955.0,33.6677360534668,367.0,897.0,5.3,0.5406282995369048
-83.65000000000013,9.850000000000026,22.040874481201172,9.55875015258789,3139.0,31.888896942138672,422.0,798.0,5.2,0.5416754816670549
-83.60000000000014,9.850000000000026,22.040874481201172,9.55875015258789,3139.0,31.888896942138672,422.0,798.0,5.2,0.5416754816670549
-83.55000000000014,9.850000000000026,21.905458450317383,9.364749908447266,3139.0,30.937387466430664,419.0,833.0,5.2,0.5836765896836575
-83.50000000000014,9.850000000000026,21.905458450317383,9.364749908447266,3139.0,30.937387466430664,419.0,833.0,5.4,0.640668942571707
-83.45000000000014,9.850000000000026,20.968082427978516,9.095499992370605,3208.0,27.133325576782227,463.0,1013.0,5.3,0.8766232229926377
-83.40000000000015,9.850000000000026,21.3608341217041,8.859167098999023,3321.0,22.947561264038086,534.0,933.0,5.3,0.6898021146289028
-83.35000000000015,9.850000000000026,21.3608341217041,8.859167098999023,3321.0,22.947561264038086,534.0,933.0,5.4,0.7235060231374788
-83.30000000000015,9.850000000000026,21.39583396911621,8.720666885375977,3600.0,34.9743537902832,421.0,934.0,5.2,0.933926225872596
-83.25000000000016,9.850000000000026,21.39583396911621,8.720666885375977,3600.0,34.9743537902832,421.0,934.0,5.2,0.933926225872596
-83.20000000000016,9.850000000000026,23.104333877563477,8.544833183288574,3429.0,31.443283081054688,450.0,616.0,5.2,0.9318342182525962
-83.15000000000016,9.850000000000026,24.93495750427246,8.337749481201172,3221.0,25.776599884033203,561.0,279.0,5.0,0.35320361423750385
-83.10000000000016,9.850000000000026,24.93495750427246,8.337749481201172,3221.0,25.776599884033203,561.0,279.0,5.2,0.788444649733239
-83.05000000000017,9.850000000000026,25.979042053222656,8.110583305358887,3148.0,27.58538055419922,561.0,82.0,5.4,0.4789996197565679
-83.00000000000017,9.850000000000026,25.979042053222656,8.110583305358887,3148.0,27.58538055419922,561.0,82.0,5.4,0.4789996197565679
-82.95000000000017,9.850000000000026,26.254667282104492,7.942999839782715,3257.0,28.626386642456055,495.0,28.0,5.7,0.33226601255074123
-85.65000000000002,9.900000000000027,26.7894229888916,10.889102935791016,1874.0,92.84977722167969,16.0,36.0,5.5,0.06637604381936477
-85.60000000000002,9.900000000000027,26.7894229888916,10.889102935791016,1874.0,92.84977722167969,16.0,36.0,5.9,0.07227792579578991
-85.55000000000003,9.900000000000027,26.6875,11.111734390258789,1931.0,93.43168640136719,16.0,57.0,6.2,0.06574983931510563
-85.50000000000003,9.900000000000027,26.6875,11.111734390258789,1931.0,93.43168640136719,16.0,57.0,5.8,0.06560970244414097
-85.45000000000003,9.900000000000027,26.260358810424805,11.136458396911621,2018.0,93.59500122070312,17.0,135.0,5.8,0.08056732858396669
-85.40000000000003,9.900000000000027,26.07845687866211,11.134753227233887,2122.0,92.87248229980469,18.0,167.0,5.7,0.13286881296423037
-85.35000000000004,9.900000000000027,26.07845687866211,11.134753227233887,2122.0,92.87248229980469,18.0,167.0,5.6,0.13369415520907046
-85.30000000000004,9.900000000000027,25.39287567138672,11.065082550048828,2264.0,92.482666015625,19.0,302.0,5.6,0.6642395373564363
-85.25000000000004,9.900000000000027,25.39287567138672,11.065082550048828,2264.0,92.482666015625,19.0,302.0,5.6,0.6642395373564363
-85.20000000000005,9.900000000000027,26.36025047302246,11.304666519165039,2216.0,90.67902374267578,25.0,124.0,5.7,0.19462906912839598
-85.15000000000005,9.900000000000027,25.881834030151367,11.133167266845703,2288.0,90.31810760498047,25.0,215.0,5.7,0.5620662153570543
-85.10000000000005,9.900000000000027,25.881834030151367,11.133167266845703,2288.0,90.31810760498047,25.0,215.0,5.8,0.5446560585999382
-85.05000000000005,9.900000000000027,25.269290924072266,10.762249946594238,2256.0,89.84857177734375,24.0,319.0,5.6,0.7553993463870572
-85.00000000000006,9.900000000000027,25.269290924072266,10.762249946594238,2256.0,89.84857177734375,24.0,319.0,5.8,0.7214266106944077
-84.95000000000006,9.900000000000027,26.039073944091797,10.529629707336426,2048.0,87.02535247802734,21.0,173.0,5.9,0.1279183411580322
-84.90000000000006,9.900000000000027,26.902082443237305,10.054166793823242,1797.0,94.87911987304688,18.0,15.0,5.5,0.059223701083704935
-84.85000000000007,9.900000000000027,26.902082443237305,10.054166793823242,1797.0,94.87911987304688,18.0,15.0,5.5,0.059223701083704935
-84.70000000000007,9.900000000000027,26.720746994018555,10.297048568725586,2007.0,82.40327453613281,35.0,45.0,5.7,0.09886303175802524
-84.65000000000008,9.900000000000027,26.536624908447266,10.581583976745605,2188.0,78.42426300048828,54.0,95.0,5.7,0.12956964025724796
-84.60000000000008,9.900000000000027,26.536624908447266,10.581583976745605,2188.0,78.42426300048828,54.0,95.0,5.7,0.12956964025724796
-84.55000000000008,9.900000000000027,26.29450035095215,10.57016658782959,2337.0,78.43956756591797,57.0,132.0,5.4,0.20284974943739317
-84.50000000000009,9.900000000000027,26.29450035095215,10.57016658782959,2337.0,78.43956756591797,57.0,132.0,5.4,0.20284974943739317
-84.45000000000009,9.900000000000027,24.934457778930664,10.295083999633789,2176.0,77.99699401855469,53.0,367.0,5.4,0.7098885382389797
-84.40000000000009,9.900000000000027,22.652334213256836,10.204333305358887,2309.0,77.51123809814453,63.0,781.0,5.7,0.9329083182639382
-84.3500000000001,9.900000000000027,22.652334213256836,10.204333305358887,2309.0,77.51123809814453,63.0,781.0,5.6,0.9357964619083158
-84.3000000000001,9.900000000000027,22.314208984375,10.096750259399414,2313.0,74.19282531738281,73.0,828.0,5.6,0.746974016065799
-84.2500000000001,9.900000000000027,22.314208984375,10.096750259399414,2313.0,74.19282531738281,73.0,828.0,5.3,0.8422886269831084
-84.2000000000001,9.900000000000027,20.124082565307617,9.940333366394043,2499.0,72.14453887939453,85.0,1224.0,5.4,0.9454335554363734
-84.1500000000001,9.900000000000027,18.192459106445312,10.097582817077637,2767.0,59.59787368774414,176.0,1588.0,5.6,0.9533348882428133
-84.10000000000011,9.900000000000027,18.192459106445312,10.097582817077637,2767.0,59.59787368774414,176.0,1588.0,5.5,0.9596018888440835
-84.05000000000011,9.900000000000027,19.63104248046875,10.492416381835938,2861.0,52.38308334350586,239.0,1338.0,5.5,0.9287665216150942
-84.00000000000011,9.900000000000027,19.63104248046875,10.492416381835938,2861.0,52.38308334350586,239.0,1338.0,5.5,0.9287665216150942
-83.95000000000012,9.900000000000027,18.80233383178711,10.276666641235352,2517.0,57.39175796508789,170.0,1485.0,5.5,0.9604975776649428
-83.90000000000012,9.900000000000027,18.171916961669922,10.420166969299316,2467.0,53.55223083496094,191.0,1610.0,5.7,0.9504509480599532
-83.85000000000012,9.900000000000027,18.171916961669922,10.420166969299316,2467.0,53.55223083496094,191.0,1610.0,5.4,0.959564989827824
-83.80000000000013,9.900000000000027,19.601959228515625,9.939249992370605,2774.0,37.0003662109375,295.0,1290.0,5.4,0.8911622796600125
-83.75000000000013,9.900000000000027,19.601959228515625,9.939249992370605,2774.0,37.0003662109375,295.0,1290.0,5.3,0.8866582040828316
-83.70000000000013,9.900000000000027,21.562707901000977,9.811249732971191,2955.0,33.6677360534668,367.0,897.0,5.4,0.5645462729980887
-83.65000000000013,9.900000000000027,22.040874481201172,9.55875015258789,3139.0,31.888896942138672,422.0,798.0,5.4,0.6180833420189216
-83.60000000000014,9.900000000000027,22.040874481201172,9.55875015258789,3139.0,31.888896942138672,422.0,798.0,5.3,0.605235162419565
-83.55000000000014,9.900000000000027,21.905458450317383,9.364749908447266,3139.0,30.937387466430664,419.0,833.0,5.3,0.6231892116753327
-83.50000000000014,9.900000000000027,21.905458450317383,9.364749908447266,3139.0,30.937387466430664,419.0,833.0,5.1,0.504012159256367
-83.45000000000014,9.900000000000027,20.968082427978516,9.095499992370605,3208.0,27.133325576782227,463.0,1013.0,5.3,0.8766232229926377
-83.40000000000015,9.900000000000027,21.3608341217041,8.859167098999023,3321.0,22.947561264038086,534.0,933.0,5.2,0.6334072125268545
-83.35000000000015,9.900000000000027,21.3608341217041,8.859167098999023,3321.0,22.947561264038086,534.0,933.0,5.5,0.745231867534157
-83.30000000000015,9.900000000000027,21.39583396911621,8.720666885375977,3600.0,34.9743537902832,421.0,934.0,5.2,0.933926225872596
-83.25000000000016,9.900000000000027,21.39583396911621,8.720666885375977,3600.0,34.9743537902832,421.0,934.0,5.4,0.9390395412977113
-83.20000000000016,9.900000000000027,23.104333877563477,8.544833183288574,3429.0,31.443283081054688,450.0,616.0,5.2,0.9318342182525962
-83.15000000000016,9.900000000000027,24.93495750427246,8.337749481201172,3221.0,25.776599884033203,561.0,279.0,5.2,0.788444649733239
-83.10000000000016,9.900000000000027,24.93495750427246,8.337749481201172,3221.0,25.776599884033203,561.0,279.0,5.5,0.8260586407769216
-83.05000000000017,9.900000000000027,25.979042053222656,8.110583305358887,3148.0,27.58538055419922,561.0,82.0,5.7,0.40914561148130496
-83.00000000000017,9.900000000000027,25.979042053222656,8.110583305358887,3148.0,27.58538055419922,561.0,82.0,5.8,0.35387856753662783
-82.95000000000017,9.900000000000027,26.254667282104492,7.942999839782715,3257.0,28.626386642456055,495.0,28.0,5.5,0.3377605357481502
-85.70000000000002,9.950000000000028,26.943382263183594,10.735784530639648,1825.0,94.90457153320312,13.0,19.0,5.5,0.053387828600258855
-85.65000000000002,9.950000000000028,26.34341049194336,10.956547737121582,2022.0,94.33374786376953,15.0,142.0,6.0,0.0809902868751586
-85.60000000000002,9.950000000000028,26.34341049194336,10.956547737121582,2022.0,94.33374786376953,15.0,142.0,5.8,0.08799635458754097
-85.55000000000003,9.950000000000028,25.605417251586914,11.073833465576172,2098.0,95.00179290771484,15.0,279.0,5.8,0.22922514509984793
-85.50000000000003,9.950000000000028,25.605417251586914,11.073833465576172,2098.0,95.00179290771484,15.0,279.0,5.7,0.28935517064220334
-85.45000000000003,9.950000000000028,25.280250549316406,11.137166976928711,2150.0,94.34782409667969,18.0,336.0,5.7,0.23066426435599532
-85.40000000000003,9.950000000000028,25.011167526245117,11.09416675567627,2173.0,93.6601333618164,20.0,382.0,5.8,0.4576959722288633
-85.35000000000004,9.950000000000028,25.011167526245117,11.09416675567627,2173.0,93.6601333618164,20.0,382.0,5.8,0.4576959722288633
-85.30000000000004,9.950000000000028,24.72512435913086,11.00391674041748,2197.0,92.65644836425781,22.0,431.0,5.7,0.7801188998072132
-85.25000000000004,9.950000000000028,24.72512435913086,11.00391674041748,2197.0,92.65644836425781,22.0,431.0,5.7,0.7801188998072132
-85.20000000000005,9.950000000000028,26.042041778564453,11.216917037963867,2106.0,89.41093444824219,23.0,191.0,5.7,0.128001644136996
-85.15000000000005,9.950000000000028,26.44655990600586,11.19408893585205,2023.0,87.41910552978516,21.0,122.0,5.8,0.07513603413135894
-85.10000000000005,9.950000000000028,26.44655990600586,11.19408893585205,2023.0,87.41910552978516,21.0,122.0,5.9,0.07546066045540831
-85.05000000000005,9.950000000000028,26.366931915283203,10.80740737915039,1934.0,89.63016510009766,18.0,127.0,5.8,0.06905717977760772
-85.00000000000006,9.950000000000028,26.366931915283203,10.80740737915039,1934.0,89.63016510009766,18.0,127.0,5.5,0.06638743664556734
-84.95000000000006,9.950000000000028,26.684524536132812,10.491666793823242,1891.0,92.47825622558594,19.0,56.0,5.5,0.07434596343763752
-84.90000000000006,9.950000000000028,26.803125381469727,10.014583587646484,1787.0,96.66474914550781,12.0,26.0,6.2,0.06819667688993629
-84.85000000000007,9.950000000000028,26.803125381469727,10.014583587646484,1787.0,96.66474914550781,12.0,26.0,5.5,0.057146258733281025
-84.80000000000007,9.950000000000028,26.987333297729492,10.209333419799805,1953.0,84.11660766601562,27.0,9.0,5.5,0.10158813286170454
-84.75000000000007,9.950000000000028,26.987333297729492,10.209333419799805,1953.0,84.11660766601562,27.0,9.0,5.5,0.10158813286170454
-84.70000000000007,9.950000000000028,26.633434295654297,10.37992000579834,2195.0,77.92764282226562,53.0,80.0,5.7,0.12056382323068732
-84.65000000000008,9.950000000000028,26.113500595092773,10.520999908447266,2347.0,80.03382110595703,45.0,180.0,5.8,0.23920874083965035
-84.60000000000008,9.950000000000028,26.113500595092773,10.520999908447266,2347.0,80.03382110595703,45.0,180.0,5.4,0.26744600307264466
-84.55000000000008,9.950000000000028,25.272459030151367,10.357083320617676,2485.0,79.74663543701172,48.0,323.0,5.5,0.7835679859727129
-84.50000000000009,9.950000000000028,25.272459030151367,10.357083320617676,2485.0,79.74663543701172,48.0,323.0,5.5,0.7835679859727129
-84.45000000000009,9.950000000000028,23.526874542236328,10.058083534240723,2343.0,78.00737762451172,56.0,636.0,5.6,0.9136469648794946
-84.40000000000009,9.950000000000028,23.81533432006836,10.212499618530273,2185.0,72.7679672241211,73.0,577.0,5.7,0.512538007942887
-84.3500000000001,9.950000000000028,23.81533432006836,10.212499618530273,2185.0,72.7679672241211,73.0,577.0,5.5,0.6588562191175072
-84.3000000000001,9.950000000000028,23.178916931152344,10.220166206359863,2213.0,71.03314971923828,74.0,694.0,5.5,0.7505926473964704
-84.2500000000001,9.950000000000028,23.178916931152344,10.220166206359863,2213.0,71.03314971923828,74.0,694.0,5.5,0.7505926473964704
-84.2000000000001,9.950000000000028,22.163875579833984,10.262749671936035,2526.0,72.40894317626953,79.0,884.0,5.8,0.6221869468470909
-84.1500000000001,9.950000000000028,21.228500366210938,10.64799976348877,2963.0,63.665252685546875,161.0,1077.0,5.5,0.8847621691493137
-84.10000000000011,9.950000000000028,21.228500366210938,10.64799976348877,2963.0,63.665252685546875,161.0,1077.0,5.5,0.8847621691493137
-84.05000000000011,9.950000000000028,20.2572078704834,10.7787504196167,3133.0,51.625816345214844,270.0,1257.0,5.5,0.8346368814121137
-84.00000000000011,9.950000000000028,20.2572078704834,10.7787504196167,3133.0,51.625816345214844,270.0,1257.0,5.2,0.8346260704747778
-83.95000000000012,9.950000000000028,16.91262435913086,10.052083015441895,3224.0,55.95660400390625,209.0,1834.0,5.2,0.9386806438885562
-83.90000000000012,9.950000000000028,12.21833324432373,9.788833618164062,2517.0,62.31208801269531,128.0,2631.0,5.6,0.6955474944469761
-83.85000000000012,9.950000000000028,12.21833324432373,9.788833618164062,2517.0,62.31208801269531,128.0,2631.0,5.6,0.6955474944469761
-83.80000000000013,9.950000000000028,14.631041526794434,9.602916717529297,3431.0,37.0723762512207,409.0,2206.0,5.2,0.21595579220843214
-83.75000000000013,9.950000000000028,14.631041526794434,9.602916717529297,3431.0,37.0723762512207,409.0,2206.0,5.4,0.22771124135000448
-83.70000000000013,9.950000000000028,19.972415924072266,9.615833282470703,3423.0,30.57231330871582,449.0,1219.0,5.6,0.5841498037582136
-83.65000000000013,9.950000000000028,22.97333335876465,9.213333129882812,3265.0,31.586318969726562,418.0,629.0,5.3,0.7969315339773155
-83.60000000000014,9.950000000000028,22.97333335876465,9.213333129882812,3265.0,31.586318969726562,418.0,629.0,5.4,0.8001645989185653
-83.55000000000014,9.950000000000028,22.8680419921875,8.921584129333496,3328.0,28.711196899414062,459.0,651.0,5.4,0.8665193519486312
-83.50000000000014,9.950000000000028,22.8680419921875,8.921584129333496,3328.0,28.711196899414062,459.0,651.0,5.3,0.8577511240907716
-83.45000000000014,9.950000000000028,22.88770866394043,8.62208366394043,3290.0,27.573869705200195,480.0,640.0,5.2,0.8985287641972892
-83.40000000000015,9.950000000000028,23.300500869750977,8.476666450500488,3427.0,23.329578399658203,558.0,567.0,5.4,0.8065864559709665
-83.35000000000015,9.950000000000028,23.300500869750977,8.476666450500488,3427.0,23.329578399658203,558.0,567.0,5.7,0.6335966357823873
-83.30000000000015,9.950000000000028,25.29112434387207,8.368083953857422,3358.0,26.276042938232422,543.0,188.0,5.4,0.6116465168120151
-83.25000000000016,9.950000000000028,25.29112434387207,8.368083953857422,3358.0,26.276042938232422,543.0,188.0,5.2,0.5597641159029161
-83.20000000000016,9.950000000000028,25.381500244140625,8.260333061218262,3295.0,24.346485137939453,586.0,186.0,5.4,0.6715644496231363
-83.15000000000016,9.950000000000028,25.91262435913086,8.115750312805176,3329.0,29.150657653808594,568.0,90.0,5.5,0.48100549259601016
-83.10000000000016,9.950000000000028,25.91262435913086,8.115750312805176,3329.0,29.150657653808594,568.0,90.0,5.4,0.5194507893074921
-83.05000000000017,9.950000000000028,26.24762725830078,7.993143558502197,3281.0,29.37611198425293,521.0,24.0,5.5,0.30437316088500266
-83.00000000000017,9.950000000000028,26.24762725830078,7.993143558502197,3281.0,29.37611198425293,521.0,24.0,5.5,0.30437316088500266
-82.95000000000017,9.950000000000028,26.34166717529297,7.916666507720947,3532.0,32.79179000854492,495.0,5.0,5.5,0.38559338412387384
-85.80000000000001,10.000000000000028,27.01302146911621,10.753125190734863,1804.0,99.41858673095703,12.0,33.0,5.5,0.056554599105014126
-85.75000000000001,10.000000000000028,27.01302146911621,10.753125190734863,1804.0,99.41858673095703,12.0,33.0,5.5,0.056554599105014126
-85.70000000000002,10.000000000000028,26.537641525268555,10.821306228637695,1869.0,94.33950805664062,14.0,114.0,6.1,0.06524283807429769
-85.65000000000002,10.000000000000028,25.6021671295166,10.94516658782959,2039.0,94.76610565185547,14.0,292.0,5.9,0.16817716993675264
-85.60000000000002,10.000000000000028,25.6021671295166,10.94516658782959,2039.0,94.76610565185547,14.0,292.0,5.8,0.18223822795103226
-85.55000000000003,10.000000000000028,25.700624465942383,11.156916618347168,1990.0,90.6498794555664,17.0,266.0,5.8,0.08374741475337122
-85.50000000000003,10.000000000000028,25.700624465942383,11.156916618347168,1990.0,90.6498794555664,17.0,266.0,5.7,0.08200294765101326
-85.45000000000003,10.000000000000028,25.30762481689453,11.24958324432373,2091.0,92.17229461669922,20.0,339.0,5.6,0.15007253885664276
-85.40000000000003,10.000000000000028,24.963375091552734,11.16158390045166,2092.0,92.21004486083984,21.0,395.0,5.8,0.37952738497212196
-85.35000000000004,10.000000000000028,24.963375091552734,11.16158390045166,2092.0,92.21004486083984,21.0,395.0,5.7,0.3970808198615272
-85.30000000000004,10.000000000000028,26.128250122070312,11.267999649047852,1973.0,88.45653533935547,25.0,169.0,5.8,0.08743690023649947
-85.25000000000004,10.000000000000028,26.128250122070312,11.267999649047852,1973.0,88.45653533935547,25.0,169.0,5.9,0.0820849760224963
-85.20000000000005,10.000000000000028,26.913379669189453,11.252314567565918,1912.0,88.91948699951172,20.0,29.0,5.9,0.06014474433153947
-85.15000000000005,10.000000000000028,26.84679412841797,10.90000057220459,1787.0,96.8678970336914,13.0,38.0,5.5,0.056045196543530976
-85.10000000000005,10.000000000000028,26.84679412841797,10.90000057220459,1787.0,96.8678970336914,13.0,38.0,5.5,0.056045196543530976
-85.05000000000005,10.000000000000028,26.954166412353516,10.508334159851074,1834.0,99.10359191894531,19.0,12.0,5.5,0.06831033837019443
-85.00000000000006,10.000000000000028,26.954166412353516,10.508334159851074,1834.0,99.10359191894531,19.0,12.0,5.5,0.06831033837019443
-84.95000000000006,10.000000000000028,27.03154754638672,10.494047164916992,1897.0,89.03512573242188,19.0,11.0,5.5,0.061867448709061794
-84.90000000000006,10.000000000000028,27.01787757873535,10.424127578735352,2031.0,82.76885986328125,36.0,16.0,5.5,0.0970933918401763
-84.85000000000007,10.000000000000028,27.01787757873535,10.424127578735352,2031.0,82.76885986328125,36.0,16.0,6.3,0.09516452399055181
-84.80000000000007,10.000000000000028,26.960166931152344,10.530333518981934,2205.0,79.302978515625,47.0,34.0,6.0,0.10451813129653882
-84.75000000000007,10.000000000000028,26.960166931152344,10.530333518981934,2205.0,79.302978515625,47.0,34.0,6.3,0.09588046563530281
-84.70000000000007,10.000000000000028,25.962749481201172,10.36733341217041,2339.0,81.26368713378906,38.0,203.0,5.6,0.3395446233071422
-84.65000000000008,10.000000000000028,25.173583984375,10.161999702453613,2390.0,81.90314483642578,41.0,331.0,5.6,0.8149846390212826
-84.60000000000008,10.000000000000028,25.173583984375,10.161999702453613,2390.0,81.90314483642578,41.0,331.0,5.6,0.8149846390212826
-84.55000000000008,10.000000000000028,23.0327091217041,9.794083595275879,2570.0,80.96578979492188,53.0,710.0,5.6,0.9369543864197358
-84.50000000000009,10.000000000000028,23.0327091217041,9.794083595275879,2570.0,80.96578979492188,53.0,710.0,5.4,0.9389849627686022
-84.45000000000009,10.000000000000028,20.748458862304688,9.756750106811523,2523.0,74.76051330566406,77.0,1129.0,5.3,0.9548755444543849
-84.40000000000009,10.000000000000028,22.234500885009766,10.176833152770996,2356.0,70.26292419433594,89.0,869.0,5.4,0.8643244530307805
-84.3500000000001,10.000000000000028,22.234500885009766,10.176833152770996,2356.0,70.26292419433594,89.0,869.0,5.4,0.8643244530307805
-84.3000000000001,10.000000000000028,22.202749252319336,10.275667190551758,2420.0,70.93208312988281,79.0,882.0,5.5,0.8606452220304833
-84.2500000000001,10.000000000000028,22.202749252319336,10.275667190551758,2420.0,70.93208312988281,79.0,882.0,5.5,0.8606452220304833
-84.2000000000001,10.000000000000028,21.19325065612793,10.319833755493164,2567.0,71.18069458007812,86.0,1073.0,5.5,0.9218553962711032
-84.1500000000001,10.000000000000028,19.599750518798828,10.274833679199219,2518.0,72.12742614746094,90.0,1355.0,5.5,0.9527342413378469
-84.10000000000011,10.000000000000028,19.599750518798828,10.274833679199219,2518.0,72.12742614746094,90.0,1355.0,5.5,0.9527342413378469
-84.05000000000011,10.000000000000028,18.345916748046875,9.806500434875488,2796.0,49.89878845214844,264.0,1562.0,5.5,0.9500991175312883
-84.00000000000011,10.000000000000028,18.345916748046875,9.806500434875488,2796.0,49.89878845214844,264.0,1562.0,5.6,0.9456745872327297
-83.95000000000012,10.000000000000028,18.47129249572754,9.310083389282227,3597.0,32.19956588745117,470.0,1490.0,5.2,0.7610996497157397
-83.90000000000012,10.000000000000028,16.538999557495117,8.947333335876465,3916.0,37.4603271484375,485.0,1820.0,5.1,0.7012541686643496
-83.85000000000012,10.000000000000028,16.538999557495117,8.947333335876465,3916.0,37.4603271484375,485.0,1820.0,5.2,0.7505475368117432
-83.80000000000013,10.000000000000028,15.256166458129883,9.006999969482422,3480.0,42.05708694458008,393.0,2037.0,5.1,0.7025012927238055
-83.75000000000013,10.000000000000028,15.256166458129883,9.006999969482422,3480.0,42.05708694458008,393.0,2037.0,5.4,0.7722695465077479
-83.70000000000013,10.000000000000028,17.04224967956543,9.078666687011719,3820.0,31.82868194580078,502.0,1780.0,5.4,0.6043361594291288
-83.65000000000013,10.000000000000028,22.983125686645508,8.948583602905273,3506.0,28.90471649169922,488.0,640.0,5.4,0.7073576904894993
-83.60000000000014,10.000000000000028,22.983125686645508,8.948583602905273,3506.0,28.90471649169922,488.0,640.0,5.3,0.6965283517494795
-83.55000000000014,10.000000000000028,23.98925018310547,8.685832977294922,3487.0,27.844324111938477,511.0,458.0,5.3,0.8037644234593009
-83.50000000000014,10.000000000000028,23.98925018310547,8.685832977294922,3487.0,27.844324111938477,511.0,458.0,5.3,0.8037644234593009
-83.45000000000014,10.000000000000028,24.438833236694336,8.466666221618652,3505.0,26.790149688720703,542.0,365.0,5.4,0.8888026126393899
-83.40000000000015,10.000000000000028,25.4997501373291,8.401833534240723,3475.0,27.939374923706055,539.0,153.0,5.2,0.5872994880594298
-83.35000000000015,10.000000000000028,25.4997501373291,8.401833534240723,3475.0,27.939374923706055,539.0,153.0,5.5,0.6274916639364965
-83.30000000000015,10.000000000000028,26.2572078704834,8.437417030334473,3487.0,29.158872604370117,536.0,20.0,5.3,0.2782700879122921
-83.25000000000016,10.000000000000028,26.2572078704834,8.437417030334473,3487.0,29.158872604370117,536.0,20.0,5.5,0.27360598928980373
-83.20000000000016,10.000000000000028,26.29075050354004,8.134000778198242,3426.0,30.756790161132812,523.0,10.0,5.6,0.2983091386676972
-83.15000000000016,10.000000000000028,26.289636611938477,7.918162822723389,3416.0,29.199731826782227,484.0,8.0,5.3,0.3345754243474614
-83.10000000000016,10.000000000000028,26.289636611938477,7.918162822723389,3416.0,29.199731826782227,484.0,8.0,5.6,0.31119712527872795
-83.05000000000017,10.000000000000028,26.245834350585938,7.910416603088379,3134.0,27.808441162109375,511.0,26.0,5.5,0.3222394285767326
-83.00000000000017,10.000000000000028,26.245834350585938,7.910416603088379,3134.0,27.808441162109375,511.0,26.0,5.5,0.3222394285767326
-85.80000000000001,10.05000000000003,27.01302146911621,10.753125190734863,1804.0,99.41858673095703,12.0,33.0,5.5,0.056554599105014126
-85.75000000000001,10.05000000000003,27.01302146911621,10.753125190734863,1804.0,99.41858673095703,12.0,33.0,6.2,0.05548221998286013
-85.70000000000002,10.05000000000003,26.537641525268555,10.821306228637695,1869.0,94.33950805664062,14.0,114.0,6.0,0.06515104012363734
-85.65000000000002,10.05000000000003,25.6021671295166,10.94516658782959,2039.0,94.76610565185547,14.0,292.0,5.8,0.18223822795103226
-85.60000000000002,10.05000000000003,25.6021671295166,10.94516658782959,2039.0,94.76610565185547,14.0,292.0,6.0,0.1537660210426163
-85.55000000000003,10.05000000000003,25.700624465942383,11.156916618347168,1990.0,90.6498794555664,17.0,266.0,5.7,0.08200294765101326
-85.50000000000003,10.05000000000003,25.700624465942383,11.156916618347168,1990.0,90.6498794555664,17.0,266.0,5.8,0.08374741475337122
-85.45000000000003,10.05000000000003,25.30762481689453,11.24958324432373,2091.0,92.17229461669922,20.0,339.0,5.8,0.1406181297530884
-85.40000000000003,10.05000000000003,24.963375091552734,11.16158390045166,2092.0,92.21004486083984,21.0,395.0,5.8,0.37952738497212196
-85.35000000000004,10.05000000000003,24.963375091552734,11.16158390045166,2092.0,92.21004486083984,21.0,395.0,5.8,0.37952738497212196
-85.30000000000004,10.05000000000003,26.128250122070312,11.267999649047852,1973.0,88.45653533935547,25.0,169.0,5.9,0.0820849760224963
-85.25000000000004,10.05000000000003,26.128250122070312,11.267999649047852,1973.0,88.45653533935547,25.0,169.0,6.1,0.08038738255197934
-85.20000000000005,10.05000000000003,26.913379669189453,11.252314567565918,1912.0,88.91948699951172,20.0,29.0,6.2,0.06150308154511284
-85.15000000000005,10.05000000000003,26.84679412841797,10.90000057220459,1787.0,96.8678970336914,13.0,38.0,5.5,0.056045196543530976
-85.10000000000005,10.05000000000003,26.84679412841797,10.90000057220459,1787.0,96.8678970336914,13.0,38.0,5.5,0.056045196543530976
-85.05000000000005,10.05000000000003,26.954166412353516,10.508334159851074,1834.0,99.10359191894531,19.0,12.0,5.5,0.06831033837019443
-85.00000000000006,10.05000000000003,26.954166412353516,10.508334159851074,1834.0,99.10359191894531,19.0,12.0,5.5,0.06831033837019443
-84.95000000000006,10.05000000000003,27.03154754638672,10.494047164916992,1897.0,89.03512573242188,19.0,11.0,5.5,0.061867448709061794
-84.90000000000006,10.05000000000003,27.01787757873535,10.424127578735352,2031.0,82.76885986328125,36.0,16.0,6.4,0.09125512220396938
-84.85000000000007,10.05000000000003,27.01787757873535,10.424127578735352,2031.0,82.76885986328125,36.0,16.0,6.2,0.1000351392349833
-84.80000000000007,10.05000000000003,26.960166931152344,10.530333518981934,2205.0,79.302978515625,47.0,34.0,5.7,0.13821947599414958
-84.75000000000007,10.05000000000003,26.960166931152344,10.530333518981934,2205.0,79.302978515625,47.0,34.0,5.6,0.13338641410061422
-84.70000000000007,10.05000000000003,25.962749481201172,10.36733341217041,2339.0,81.26368713378906,38.0,203.0,5.6,0.3395446233071422
-84.65000000000008,10.05000000000003,25.173583984375,10.161999702453613,2390.0,81.90314483642578,41.0,331.0,5.7,0.8096125456380704
-84.60000000000008,10.05000000000003,25.173583984375,10.161999702453613,2390.0,81.90314483642578,41.0,331.0,5.7,0.8096125456380704
-84.55000000000008,10.05000000000003,23.0327091217041,9.794083595275879,2570.0,80.96578979492188,53.0,710.0,5.6,0.9369543864197358
-84.50000000000009,10.05000000000003,23.0327091217041,9.794083595275879,2570.0,80.96578979492188,53.0,710.0,5.4,0.9389849627686022
-84.45000000000009,10.05000000000003,20.748458862304688,9.756750106811523,2523.0,74.76051330566406,77.0,1129.0,5.5,0.9530881898423947
-84.40000000000009,10.05000000000003,22.234500885009766,10.176833152770996,2356.0,70.26292419433594,89.0,869.0,5.4,0.8643244530307805
-84.3500000000001,10.05000000000003,22.234500885009766,10.176833152770996,2356.0,70.26292419433594,89.0,869.0,5.6,0.7160806420560248
-84.3000000000001,10.05000000000003,22.202749252319336,10.275667190551758,2420.0,70.93208312988281,79.0,882.0,5.5,0.8606452220304833
-84.2500000000001,10.05000000000003,22.202749252319336,10.275667190551758,2420.0,70.93208312988281,79.0,882.0,5.3,0.8598249388079932
-84.2000000000001,10.05000000000003,21.19325065612793,10.319833755493164,2567.0,71.18069458007812,86.0,1073.0,5.4,0.9191569885406655
-84.1500000000001,10.05000000000003,19.599750518798828,10.274833679199219,2518.0,72.12742614746094,90.0,1355.0,5.3,0.9557539408927508
-84.10000000000011,10.05000000000003,19.599750518798828,10.274833679199219,2518.0,72.12742614746094,90.0,1355.0,5.1,0.9541106279081649
-84.05000000000011,10.05000000000003,18.345916748046875,9.806500434875488,2796.0,49.89878845214844,264.0,1562.0,5.3,0.9490203613441547
-84.00000000000011,10.05000000000003,18.345916748046875,9.806500434875488,2796.0,49.89878845214844,264.0,1562.0,5.1,0.9431747731062852
-83.95000000000012,10.05000000000003,18.47129249572754,9.310083389282227,3597.0,32.19956588745117,470.0,1490.0,5.3,0.7842276186949174
-83.90000000000012,10.05000000000003,16.538999557495117,8.947333335876465,3916.0,37.4603271484375,485.0,1820.0,5.3,0.7662351157122125
-83.85000000000012,10.05000000000003,16.538999557495117,8.947333335876465,3916.0,37.4603271484375,485.0,1820.0,5.2,0.7505475368117432
-83.80000000000013,10.05000000000003,15.256166458129883,9.006999969482422,3480.0,42.05708694458008,393.0,2037.0,5.3,0.764471868401783
-83.75000000000013,10.05000000000003,15.256166458129883,9.006999969482422,3480.0,42.05708694458008,393.0,2037.0,5.1,0.7025012927238055
-83.70000000000013,10.05000000000003,17.04224967956543,9.078666687011719,3820.0,31.82868194580078,502.0,1780.0,5.1,0.43104243665333625
-83.65000000000013,10.05000000000003,22.983125686645508,8.948583602905273,3506.0,28.90471649169922,488.0,640.0,5.3,0.6965283517494795
-83.60000000000014,10.05000000000003,22.983125686645508,8.948583602905273,3506.0,28.90471649169922,488.0,640.0,5.3,0.6965283517494795
-83.55000000000014,10.05000000000003,23.98925018310547,8.685832977294922,3487.0,27.844324111938477,511.0,458.0,5.3,0.8037644234593009
-83.50000000000014,10.05000000000003,23.98925018310547,8.685832977294922,3487.0,27.844324111938477,511.0,458.0,5.5,0.8128483683492052
-83.45000000000014,10.05000000000003,24.438833236694336,8.466666221618652,3505.0,26.790149688720703,542.0,365.0,5.3,0.8818664555566578
-83.40000000000015,10.05000000000003,25.4997501373291,8.401833534240723,3475.0,27.939374923706055,539.0,153.0,5.5,0.6274916639364965
-83.35000000000015,10.05000000000003,25.4997501373291,8.401833534240723,3475.0,27.939374923706055,539.0,153.0,5.5,0.6274916639364965
-83.30000000000015,10.05000000000003,26.2572078704834,8.437417030334473,3487.0,29.158872604370117,536.0,20.0,5.8,0.2705988903698144
-83.25000000000016,10.05000000000003,26.2572078704834,8.437417030334473,3487.0,29.158872604370117,536.0,20.0,5.5,0.27360598928980373
-83.20000000000016,10.05000000000003,26.29075050354004,8.134000778198242,3426.0,30.756790161132812,523.0,10.0,5.7,0.30977856355450994
-83.15000000000016,10.05000000000003,26.289636611938477,7.918162822723389,3416.0,29.199731826782227,484.0,8.0,5.5,0.3185194749327296
-83.10000000000016,10.05000000000003,26.289636611938477,7.918162822723389,3416.0,29.199731826782227,484.0,8.0,5.5,0.3185194749327296
-83.05000000000017,10.05000000000003,26.245834350585938,7.910416603088379,3134.0,27.808441162109375,511.0,26.0,5.5,0.3222394285767326
-83.00000000000017,10.05000000000003,26.245834350585938,7.910416603088379,3134.0,27.808441162109375,511.0,26.0,5.5,0.3222394285767326
-85.80000000000001,10.10000000000003,27.015518188476562,10.698850631713867,1802.0,94.16777801513672,11.0,48.0,5.5,0.04839463226471408
-85.75000000000001,10.10000000000003,27.015518188476562,10.698850631713867,1802.0,94.16777801513672,11.0,48.0,6.2,0.04696645854731208
-85.70000000000002,10.10000000000003,26.20775032043457,10.842499732971191,1942.0,93.92144775390625,15.0,202.0,5.8,0.07792338903065515
-85.65000000000002,10.10000000000003,24.23262596130371,10.474916458129883,2061.0,95.85174560546875,22.0,538.0,5.8,0.8012301329442086
-85.60000000000002,10.10000000000003,24.23262596130371,10.474916458129883,2061.0,95.85174560546875,22.0,538.0,5.8,0.8012301329442086
-85.55000000000003,10.10000000000003,24.871625900268555,10.770916938781738,2004.0,90.91018676757812,19.0,417.0,5.8,0.20386529678448712
-85.50000000000003,10.10000000000003,24.871625900268555,10.770916938781738,2004.0,90.91018676757812,19.0,417.0,5.8,0.20386529678448712
-85.45000000000003,10.10000000000003,25.97337532043457,11.37458324432373,1977.0,89.70044708251953,21.0,240.0,6.2,0.08057002704914333
-85.40000000000003,10.10000000000003,26.340707778930664,11.400083541870117,1913.0,88.60821533203125,17.0,150.0,6.3,0.05680333978002826
-85.35000000000004,10.10000000000003,26.340707778930664,11.400083541870117,1913.0,88.60821533203125,17.0,150.0,5.9,0.059186056174360395
-85.30000000000004,10.10000000000003,26.625883102416992,11.209175109863281,1885.0,88.41554260253906,20.0,78.0,5.7,0.05300766942856563
-85.25000000000004,10.10000000000003,26.625883102416992,11.209175109863281,1885.0,88.41554260253906,20.0,78.0,6.5,0.05450398115299722
-85.20000000000005,10.10000000000003,26.837068557739258,10.817815780639648,1782.0,94.84935760498047,14.0,28.0,5.5,0.05384273249817076
-85.15000000000005,10.10000000000003,26.880430221557617,10.583081245422363,1768.0,97.46150970458984,12.0,24.0,6.1,0.04982895475339443
-85.10000000000005,10.10000000000003,26.880430221557617,10.583081245422363,1768.0,97.46150970458984,12.0,24.0,5.5,0.053907098900165935
-85.05000000000005,10.10000000000003,26.965530395507812,10.628030776977539,1835.0,90.83480834960938,14.0,31.0,5.5,0.054788435417252465
-85.00000000000006,10.10000000000003,26.965530395507812,10.628030776977539,1835.0,90.83480834960938,14.0,31.0,5.5,0.054788435417252465
-84.95000000000006,10.10000000000003,26.59583282470703,10.683688163757324,1924.0,85.82511901855469,19.0,104.0,6.1,0.06294548224947986
-84.90000000000006,10.10000000000003,26.367416381835938,10.589332580566406,2082.0,83.88055419921875,25.0,143.0,5.6,0.15547270599321922
-84.85000000000007,10.10000000000003,26.367416381835938,10.589332580566406,2082.0,83.88055419921875,25.0,143.0,6.0,0.1260282750330249
-84.80000000000007,10.10000000000003,25.670541763305664,10.25491714477539,2306.0,83.56704711914062,32.0,253.0,5.9,0.668178413550868
-84.75000000000007,10.10000000000003,25.670541763305664,10.25491714477539,2306.0,83.56704711914062,32.0,253.0,5.6,0.7382092646842244
-84.70000000000007,10.10000000000003,22.378583908081055,9.705333709716797,2458.0,83.32047271728516,45.0,816.0,5.4,0.9531911458034675
-84.65000000000008,10.10000000000003,21.70566749572754,9.453001022338867,2567.0,76.40336608886719,92.0,911.0,5.6,0.9467752089892121
-84.60000000000008,10.10000000000003,21.70566749572754,9.453001022338867,2567.0,76.40336608886719,92.0,911.0,5.6,0.9467752089892121
-84.55000000000008,10.10000000000003,20.542083740234375,9.403666496276855,2683.0,63.34538269042969,177.0,1127.0,5.8,0.6723054211052388
-84.50000000000009,10.10000000000003,20.542083740234375,9.403666496276855,2683.0,63.34538269042969,177.0,1127.0,5.7,0.8050504365494429
-84.45000000000009,10.10000000000003,20.613332748413086,9.537500381469727,2747.0,64.47111511230469,164.0,1127.0,5.5,0.9525234549181716
-84.40000000000009,10.10000000000003,19.770292282104492,9.775750160217285,2527.0,72.518310546875,80.0,1288.0,5.4,0.956271184695993
-84.3500000000001,10.10000000000003,19.770292282104492,9.775750160217285,2527.0,72.518310546875,80.0,1288.0,5.5,0.9534591404589122
-84.3000000000001,10.10000000000003,19.292749404907227,9.675000190734863,2555.0,72.51703643798828,82.0,1359.0,5.4,0.9611237721774547
-84.2500000000001,10.10000000000003,19.292749404907227,9.675000190734863,2555.0,72.51703643798828,82.0,1359.0,5.3,0.9611975498226343
-84.2000000000001,10.10000000000003,17.668251037597656,9.541666984558105,2452.0,68.81432342529297,99.0,1648.0,5.2,0.9678078226333526
-84.1500000000001,10.10000000000003,14.643041610717773,9.233416557312012,2521.0,62.651065826416016,137.0,2191.0,5.2,0.7080087082743971
-84.10000000000011,10.10000000000003,14.643041610717773,9.233416557312012,2521.0,62.651065826416016,137.0,2191.0,5.3,0.7294716013577632
-84.05000000000011,10.10000000000003,17.047542572021484,8.864583969116211,3652.0,32.6010856628418,481.0,1724.0,5.2,0.7720972484801826
-84.00000000000011,10.10000000000003,17.047542572021484,8.864583969116211,3652.0,32.6010856628418,481.0,1724.0,5.3,0.7877124454741755
-83.95000000000012,10.10000000000003,21.35787582397461,8.70775032043457,3547.0,32.39240646362305,447.0,910.0,5.3,0.9331873093699837
-83.90000000000012,10.10000000000003,21.047666549682617,8.712833404541016,3717.0,41.43429946899414,376.0,994.0,5.4,0.9517499160102029
-83.85000000000012,10.10000000000003,21.047666549682617,8.712833404541016,3717.0,41.43429946899414,376.0,994.0,5.3,0.9500660260244004
-83.80000000000013,10.10000000000003,22.121416091918945,8.70283317565918,3682.0,36.034610748291016,434.0,783.0,5.3,0.9196845893981618
-83.75000000000013,10.10000000000003,22.121416091918945,8.70283317565918,3682.0,36.034610748291016,434.0,783.0,5.1,0.8924024006504934
-83.70000000000013,10.10000000000003,22.462207794189453,8.661250114440918,3715.0,30.224328994750977,506.0,740.0,5.2,0.7818485242082444
-83.65000000000013,10.10000000000003,24.682750701904297,8.804666519165039,3655.0,28.964393615722656,531.0,334.0,5.4,0.659546260118338
-83.60000000000014,10.10000000000003,24.682750701904297,8.804666519165039,3655.0,28.964393615722656,531.0,334.0,5.3,0.632789755252153
-83.55000000000014,10.10000000000003,25.75237464904785,8.81308364868164,3624.0,30.476638793945312,533.0,122.0,5.3,0.481550735689371
-83.50000000000014,10.10000000000003,25.75237464904785,8.81308364868164,3624.0,30.476638793945312,533.0,122.0,5.2,0.4367596511735815
-83.45000000000014,10.10000000000003,26.040374755859375,8.578083038330078,3586.0,32.117069244384766,531.0,54.0,5.7,0.38326008912445847
-83.40000000000015,10.10000000000003,26.239208221435547,8.453749656677246,3559.0,32.07075881958008,533.0,20.0,5.2,0.2823537788532989
-83.35000000000015,10.10000000000003,26.239208221435547,8.453749656677246,3559.0,32.07075881958008,533.0,20.0,5.6,0.2871205105713638
-83.30000000000015,10.10000000000003,26.287792205810547,8.265417098999023,3462.0,32.371578216552734,517.0,10.0,5.6,0.3225373402604998
-83.25000000000016,10.10000000000003,26.287792205810547,8.265417098999023,3462.0,32.371578216552734,517.0,10.0,5.5,0.3271015015560655
-83.20000000000016,10.10000000000003,26.264381408691406,7.892741680145264,3403.0,33.80514907836914,455.0,7.0,5.5,0.37222245914321905
-85.80000000000001,10.15000000000003,27.015518188476562,10.698850631713867,1802.0,94.16777801513672,11.0,48.0,6.3,0.045600858611493274
-85.75000000000001,10.15000000000003,27.015518188476562,10.698850631713867,1802.0,94.16777801513672,11.0,48.0,6.2,0.04696645854731208
-85.70000000000002,10.15000000000003,26.20775032043457,10.842499732971191,1942.0,93.92144775390625,15.0,202.0,5.9,0.07528626340965747
-85.65000000000002,10.15000000000003,24.23262596130371,10.474916458129883,2061.0,95.85174560546875,22.0,538.0,5.8,0.8012301329442086
-85.60000000000002,10.15000000000003,24.23262596130371,10.474916458129883,2061.0,95.85174560546875,22.0,538.0,5.8,0.8012301329442086
-85.55000000000003,10.15000000000003,24.871625900268555,10.770916938781738,2004.0,90.91018676757812,19.0,417.0,5.9,0.18779270044310983
-85.50000000000003,10.15000000000003,24.871625900268555,10.770916938781738,2004.0,90.91018676757812,19.0,417.0,5.8,0.20386529678448712
-85.45000000000003,10.15000000000003,25.97337532043457,11.37458324432373,1977.0,89.70044708251953,21.0,240.0,5.5,0.07669093240968859
-85.40000000000003,10.15000000000003,26.340707778930664,11.400083541870117,1913.0,88.60821533203125,17.0,150.0,5.9,0.059186056174360395
-85.35000000000004,10.15000000000003,26.340707778930664,11.400083541870117,1913.0,88.60821533203125,17.0,150.0,6.1,0.05843131603203443
-85.30000000000004,10.15000000000003,26.625883102416992,11.209175109863281,1885.0,88.41554260253906,20.0,78.0,6.2,0.05765631976951776
-85.25000000000004,10.15000000000003,26.625883102416992,11.209175109863281,1885.0,88.41554260253906,20.0,78.0,6.2,0.05765631976951776
-85.20000000000005,10.15000000000003,26.837068557739258,10.817815780639648,1782.0,94.84935760498047,14.0,28.0,5.5,0.05384273249817076
-85.15000000000005,10.15000000000003,26.880430221557617,10.583081245422363,1768.0,97.46150970458984,12.0,24.0,5.5,0.053907098900165935
-85.10000000000005,10.15000000000003,26.880430221557617,10.583081245422363,1768.0,97.46150970458984,12.0,24.0,5.5,0.053907098900165935
-85.05000000000005,10.15000000000003,26.965530395507812,10.628030776977539,1835.0,90.83480834960938,14.0,31.0,6.2,0.059167815500523885
-85.00000000000006,10.15000000000003,26.965530395507812,10.628030776977539,1835.0,90.83480834960938,14.0,31.0,6.1,0.05880995671120002
-84.95000000000006,10.15000000000003,26.59583282470703,10.683688163757324,1924.0,85.82511901855469,19.0,104.0,6.0,0.06260112717376497
-84.90000000000006,10.15000000000003,26.367416381835938,10.589332580566406,2082.0,83.88055419921875,25.0,143.0,5.7,0.16032865879130592
-84.85000000000007,10.15000000000003,26.367416381835938,10.589332580566406,2082.0,83.88055419921875,25.0,143.0,5.6,0.15547270599321922
-84.80000000000007,10.15000000000003,25.670541763305664,10.25491714477539,2306.0,83.56704711914062,32.0,253.0,5.6,0.7382092646842244
-84.75000000000007,10.15000000000003,25.670541763305664,10.25491714477539,2306.0,83.56704711914062,32.0,253.0,5.7,0.7368038262443516
-84.70000000000007,10.15000000000003,22.378583908081055,9.705333709716797,2458.0,83.32047271728516,45.0,816.0,5.7,0.945995149689535
-84.65000000000008,10.15000000000003,21.70566749572754,9.453001022338867,2567.0,76.40336608886719,92.0,911.0,5.7,0.9464293136489611
-84.60000000000008,10.15000000000003,21.70566749572754,9.453001022338867,2567.0,76.40336608886719,92.0,911.0,5.3,0.9555201240942888
-84.55000000000008,10.15000000000003,20.542083740234375,9.403666496276855,2683.0,63.34538269042969,177.0,1127.0,5.6,0.836874799144255
-84.50000000000009,10.15000000000003,20.542083740234375,9.403666496276855,2683.0,63.34538269042969,177.0,1127.0,5.5,0.955105290227905
-84.45000000000009,10.15000000000003,20.613332748413086,9.537500381469727,2747.0,64.47111511230469,164.0,1127.0,5.7,0.796840446211556
-84.40000000000009,10.15000000000003,19.770292282104492,9.775750160217285,2527.0,72.518310546875,80.0,1288.0,5.6,0.9413127966982752
-84.3500000000001,10.15000000000003,19.770292282104492,9.775750160217285,2527.0,72.518310546875,80.0,1288.0,5.3,0.9568893012870024
-84.3000000000001,10.15000000000003,19.292749404907227,9.675000190734863,2555.0,72.51703643798828,82.0,1359.0,5.3,0.9611975498226343
-84.2500000000001,10.15000000000003,19.292749404907227,9.675000190734863,2555.0,72.51703643798828,82.0,1359.0,5.3,0.9611975498226343
-84.2000000000001,10.15000000000003,17.668251037597656,9.541666984558105,2452.0,68.81432342529297,99.0,1648.0,5.4,0.9673280062641085
-84.1500000000001,10.15000000000003,14.643041610717773,9.233416557312012,2521.0,62.651065826416016,137.0,2191.0,5.7,0.6332541992473152
-84.10000000000011,10.15000000000003,14.643041610717773,9.233416557312012,2521.0,62.651065826416016,137.0,2191.0,5.4,0.7166521112581451
-84.05000000000011,10.15000000000003,17.047542572021484,8.864583969116211,3652.0,32.6010856628418,481.0,1724.0,5.4,0.7993613939076638
-84.00000000000011,10.15000000000003,17.047542572021484,8.864583969116211,3652.0,32.6010856628418,481.0,1724.0,5.3,0.7877124454741755
-83.95000000000012,10.15000000000003,21.35787582397461,8.70775032043457,3547.0,32.39240646362305,447.0,910.0,5.2,0.930142138563008
-83.90000000000012,10.15000000000003,21.047666549682617,8.712833404541016,3717.0,41.43429946899414,376.0,994.0,5.2,0.9479485418916065
-83.85000000000012,10.15000000000003,21.047666549682617,8.712833404541016,3717.0,41.43429946899414,376.0,994.0,5.4,0.9517499160102029
-83.80000000000013,10.15000000000003,22.121416091918945,8.70283317565918,3682.0,36.034610748291016,434.0,783.0,5.3,0.9196845893981618
-83.75000000000013,10.15000000000003,22.121416091918945,8.70283317565918,3682.0,36.034610748291016,434.0,783.0,5.3,0.9196845893981618
-83.70000000000013,10.15000000000003,22.462207794189453,8.661250114440918,3715.0,30.224328994750977,506.0,740.0,5.3,0.8280726877081463
-83.65000000000013,10.15000000000003,24.682750701904297,8.804666519165039,3655.0,28.964393615722656,531.0,334.0,5.4,0.659546260118338
-83.60000000000014,10.15000000000003,24.682750701904297,8.804666519165039,3655.0,28.964393615722656,531.0,334.0,5.3,0.632789755252153
-83.55000000000014,10.15000000000003,25.75237464904785,8.81308364868164,3624.0,30.476638793945312,533.0,122.0,5.3,0.481550735689371
-83.50000000000014,10.15000000000003,25.75237464904785,8.81308364868164,3624.0,30.476638793945312,533.0,122.0,5.3,0.481550735689371
-83.45000000000014,10.15000000000003,26.040374755859375,8.578083038330078,3586.0,32.117069244384766,531.0,54.0,5.6,0.375597432425567
-83.40000000000015,10.15000000000003,26.239208221435547,8.453749656677246,3559.0,32.07075881958008,533.0,20.0,5.7,0.298808735862512
-83.35000000000015,10.15000000000003,26.239208221435547,8.453749656677246,3559.0,32.07075881958008,533.0,20.0,5.8,0.2910215666827086
-83.30000000000015,10.15000000000003,26.287792205810547,8.265417098999023,3462.0,32.371578216552734,517.0,10.0,5.7,0.33479564413165686
-83.25000000000016,10.15000000000003,26.287792205810547,8.265417098999023,3462.0,32.371578216552734,517.0,10.0,5.3,0.34531970877942786
-83.20000000000016,10.15000000000003,26.264381408691406,7.892741680145264,3403.0,33.80514907836914,455.0,7.0,5.5,0.37222245914321905
-85.9,10.200000000000031,27.275693893432617,10.256943702697754,1756.0,98.78701782226562,11.0,7.0,5.5,0.05189876477939778
-85.85000000000001,10.200000000000031,27.275693893432617,10.256943702697754,1756.0,98.78701782226562,11.0,7.0,5.5,0.05189876477939778
-85.80000000000001,10.200000000000031,26.993114471435547,10.612544059753418,1780.0,95.40742492675781,8.0,73.0,6.3,0.04137198346308479
-85.75000000000001,10.200000000000031,26.993114471435547,10.612544059753418,1780.0,95.40742492675781,8.0,73.0,6.3,0.04137198346308479
-85.70000000000002,10.200000000000031,26.239749908447266,10.833499908447266,1883.0,92.4157485961914,15.0,219.0,5.8,0.06495187602829652
-85.65000000000002,10.200000000000031,25.983333587646484,10.869333267211914,1924.0,89.30718231201172,18.0,251.0,6.0,0.07210577064767322
-85.60000000000002,10.200000000000031,25.983333587646484,10.869333267211914,1924.0,89.30718231201172,18.0,251.0,5.9,0.07465291501122129
-85.55000000000003,10.200000000000031,25.88508415222168,10.990999221801758,1941.0,89.28366088867188,20.0,271.0,5.8,0.10576477530498699
-85.50000000000003,10.200000000000031,25.88508415222168,10.990999221801758,1941.0,89.28366088867188,20.0,271.0,5.8,0.10576477530498699
-85.45000000000003,10.200000000000031,26.406749725341797,11.245833396911621,1909.0,89.1081771850586,17.0,169.0,5.8,0.05302088113531265
-85.40000000000003,10.200000000000031,26.525375366210938,11.211082458496094,1900.0,88.02992248535156,18.0,121.0,6.0,0.05329357778873954
-85.35000000000004,10.200000000000031,26.525375366210938,11.211082458496094,1900.0,88.02992248535156,18.0,121.0,5.8,0.05130412542261833
-85.30000000000004,10.200000000000031,26.716083526611328,10.997333526611328,1863.0,88.27493286132812,12.0,69.0,6.2,0.056520146787010624
-85.25000000000004,10.200000000000031,26.716083526611328,10.997333526611328,1863.0,88.27493286132812,12.0,69.0,6.2,0.056520146787010624
-85.20000000000005,10.200000000000031,26.843229293823242,10.720949172973633,1856.0,88.1273422241211,14.0,52.0,6.1,0.0574365727938844
-85.15000000000005,10.200000000000031,26.90192985534668,10.854912757873535,1896.0,86.02339172363281,21.0,61.0,6.0,0.06726216311049432
-85.10000000000005,10.200000000000031,26.90192985534668,10.854912757873535,1896.0,86.02339172363281,21.0,61.0,5.9,0.06746180157893461
-85.05000000000005,10.200000000000031,27.049083709716797,10.953499794006348,1936.0,85.2782211303711,31.0,46.0,5.8,0.08657108674101771
-85.00000000000006,10.200000000000031,27.049083709716797,10.953499794006348,1936.0,85.2782211303711,31.0,46.0,5.8,0.08657108674101771
-84.95000000000006,10.200000000000031,26.34612464904785,10.547249794006348,1991.0,85.3215103149414,23.0,154.0,5.6,0.11142314396653374
-84.90000000000006,10.200000000000031,25.04808235168457,10.20966625213623,2279.0,83.21468353271484,30.0,362.0,5.5,0.8666330444222454
-84.85000000000007,10.200000000000031,25.04808235168457,10.20966625213623,2279.0,83.21468353271484,30.0,362.0,5.7,0.8627253703236661
-84.80000000000007,10.200000000000031,22.437000274658203,9.645999908447266,2458.0,81.72868347167969,44.0,798.0,5.5,0.9520664402651551
-84.75000000000007,10.200000000000031,22.437000274658203,9.645999908447266,2458.0,81.72868347167969,44.0,798.0,5.9,0.9023010392749645
-84.70000000000007,10.200000000000031,20.944917678833008,9.325666427612305,2576.0,69.01530456542969,128.0,1045.0,5.3,0.9574164101121285
-84.65000000000008,10.200000000000031,20.340415954589844,9.04716682434082,3403.0,37.03662872314453,371.0,1143.0,5.2,0.9026529060137924
-84.60000000000008,10.200000000000031,20.340415954589844,9.04716682434082,3403.0,37.03662872314453,371.0,1143.0,5.4,0.9122376140522774
-84.55000000000008,10.200000000000031,21.271583557128906,9.079999923706055,3471.0,38.842498779296875,354.0,974.0,5.4,0.914433722938323
-84.50000000000009,10.200000000000031,21.271583557128906,9.079999923706055,3471.0,38.842498779296875,354.0,974.0,5.4,0.914433722938323
-84.45000000000009,10.200000000000031,20.203540802001953,9.152416229248047,3498.0,39.66120147705078,372.0,1188.0,5.4,0.90233168154767
-84.40000000000009,10.200000000000031,16.28387451171875,9.254416465759277,2615.0,61.94321060180664,144.0,1907.0,5.6,0.9588031919108824
-84.3500000000001,10.200000000000031,16.28387451171875,9.254416465759277,2615.0,61.94321060180664,144.0,1907.0,5.9,0.9370043414236627
-84.3000000000001,10.200000000000031,17.067459106445312,9.002082824707031,3440.0,41.42354202270508,359.0,1745.0,5.2,0.9098351115547213
-84.2500000000001,10.200000000000031,17.067459106445312,9.002082824707031,3440.0,41.42354202270508,359.0,1745.0,5.5,0.9206596619456127
-84.2000000000001,10.200000000000031,16.116125106811523,8.903583526611328,3241.0,41.14241409301758,341.0,1926.0,5.2,0.9050282156871629
-84.1500000000001,10.200000000000031,17.85558319091797,8.883167266845703,3235.0,39.94935607910156,321.0,1610.0,5.3,0.9346762888063431
-84.10000000000011,10.200000000000031,17.85558319091797,8.883167266845703,3235.0,39.94935607910156,321.0,1610.0,5.1,0.9167532295726244
-84.05000000000011,10.200000000000031,19.652957916259766,8.65191650390625,3622.0,31.160924911499023,485.0,1250.0,5.4,0.8820625183775321
-84.00000000000011,10.200000000000031,19.652957916259766,8.65191650390625,3622.0,31.160924911499023,485.0,1250.0,5.2,0.8614224394120671
-83.95000000000012,10.200000000000031,23.628416061401367,8.669500350952148,3645.0,34.385826110839844,440.0,502.0,5.2,0.9221103284798557
-83.90000000000012,10.200000000000031,24.82729148864746,8.861583709716797,3711.0,34.106544494628906,460.0,299.0,5.3,0.8229662737157807
-83.85000000000012,10.200000000000031,24.82729148864746,8.861583709716797,3711.0,34.106544494628906,460.0,299.0,5.5,0.8363228264959397
-83.80000000000013,10.200000000000031,24.961334228515625,8.907833099365234,3765.0,31.858966827392578,500.0,289.0,5.5,0.665665354895912
-83.75000000000013,10.200000000000031,24.961334228515625,8.907833099365234,3765.0,31.858966827392578,500.0,289.0,5.5,0.665665354895912
-83.70000000000013,10.200000000000031,25.40041732788086,8.80049991607666,3710.0,32.58673095703125,496.0,202.0,5.6,0.48842677234369103
-83.65000000000013,10.200000000000031,25.99916648864746,8.69283390045166,3720.0,32.74006271362305,514.0,71.0,5.4,0.4981381756611053
-83.60000000000014,10.200000000000031,25.99916648864746,8.69283390045166,3720.0,32.74006271362305,514.0,71.0,5.7,0.44919315327472314
-83.55000000000014,10.200000000000031,26.158832550048828,8.532500267028809,3674.0,32.78266525268555,522.0,30.0,5.7,0.40096490032063437
-83.50000000000014,10.200000000000031,26.158832550048828,8.532500267028809,3674.0,32.78266525268555,522.0,30.0,5.5,0.3985935532624965
-83.45000000000014,10.200000000000031,26.208457946777344,8.3524169921875,3568.0,33.198463439941406,534.0,18.0,5.7,0.3323166931774549
-83.40000000000015,10.200000000000031,26.267250061035156,8.204833984375,3509.0,33.030975341796875,521.0,10.0,5.6,0.3323325070005227
-83.35000000000015,10.200000000000031,26.267250061035156,8.204833984375,3509.0,33.030975341796875,521.0,10.0,5.6,0.3323325070005227
-83.30000000000015,10.200000000000031,26.240514755249023,7.9474778175354,3447.0,35.159236907958984,469.0,11.0,5.7,0.39768262756156136
-83.25000000000016,10.200000000000031,26.240514755249023,7.9474778175354,3447.0,35.159236907958984,469.0,11.0,5.5,0.40427861316987956
-83.20000000000016,10.200000000000031,26.20694351196289,7.808333396911621,3338.0,33.63449478149414,447.0,11.0,5.5,0.37303984760979336
-85.9,10.250000000000032,27.26715660095215,10.204902648925781,1721.0,98.22212982177734,7.0,13.0,5.5,0.051100347536191325
-85.85000000000001,10.250000000000032,27.26715660095215,10.204902648925781,1721.0,98.22212982177734,7.0,13.0,6.4,0.05021930693709187
-85.80000000000001,10.250000000000032,27.163084030151367,10.542333602905273,1752.0,94.89469146728516,7.0,56.0,6.3,0.03939129231861885
-85.75000000000001,10.250000000000032,27.163084030151367,10.542333602905273,1752.0,94.89469146728516,7.0,56.0,6.2,0.04051392606185562
-85.70000000000002,10.250000000000032,27.10449981689453,10.863333702087402,1797.0,95.23808288574219,10.0,77.0,6.2,0.04625059898920722
-85.65000000000002,10.250000000000032,27.269041061401367,11.051416397094727,1852.0,91.68107604980469,14.0,50.0,6.2,0.0553061965590428
-85.60000000000002,10.250000000000032,27.269041061401367,11.051416397094727,1852.0,91.68107604980469,14.0,50.0,5.8,0.05393435789165598
-85.55000000000003,10.250000000000032,27.20512580871582,11.17175006866455,1910.0,89.94923400878906,18.0,57.0,6.0,0.0519792423703435
-85.50000000000003,10.250000000000032,27.20512580871582,11.17175006866455,1910.0,89.94923400878906,18.0,57.0,6.0,0.0519792423703435
-85.45000000000003,10.250000000000032,27.250999450683594,11.112166404724121,1894.0,89.6650390625,15.0,25.0,6.1,0.061795467699631526
-85.40000000000003,10.250000000000032,27.077167510986328,10.915833473205566,1846.0,89.69802856445312,12.0,34.0,6.1,0.05321132094507185
-85.35000000000004,10.250000000000032,27.077167510986328,10.915833473205566,1846.0,89.69802856445312,12.0,34.0,6.4,0.05016501120089127
-85.30000000000004,10.250000000000032,27.15146827697754,10.657102584838867,1833.0,87.90802001953125,13.0,8.0,6.5,0.05508391759394117
-85.25000000000004,10.250000000000032,27.15146827697754,10.657102584838867,1833.0,87.90802001953125,13.0,8.0,5.5,0.04528222065068229
-85.20000000000005,10.250000000000032,27.142213821411133,10.644360542297363,1871.0,87.41777038574219,15.0,19.0,6.1,0.06754752317661959
-85.15000000000005,10.250000000000032,27.246915817260742,10.8038330078125,1903.0,86.478271484375,24.0,23.0,5.9,0.0813223185675061
-85.10000000000005,10.250000000000032,27.246915817260742,10.8038330078125,1903.0,86.478271484375,24.0,23.0,6.2,0.08168833157159476
-85.05000000000005,10.250000000000032,26.849624633789062,10.814249992370605,1965.0,84.89447784423828,36.0,104.0,6.1,0.07761281493612623
-85.00000000000006,10.250000000000032,26.849624633789062,10.814249992370605,1965.0,84.89447784423828,36.0,104.0,6.1,0.07761281493612623
-84.95000000000006,10.250000000000032,25.292457580566406,10.149916648864746,2211.0,82.40826416015625,32.0,326.0,5.7,0.7519072642039363
-84.90000000000006,10.250000000000032,22.575708389282227,9.642416000366211,2440.0,80.97062683105469,48.0,771.0,5.9,0.8971954437680818
-84.85000000000007,10.250000000000032,22.575708389282227,9.642416000366211,2440.0,80.97062683105469,48.0,771.0,5.7,0.9385820117082423
-84.80000000000007,10.250000000000032,19.24654197692871,9.099583625793457,2761.0,59.58356857299805,174.0,1343.0,5.7,0.9540192270100577
-84.75000000000007,10.250000000000032,19.24654197692871,9.099583625793457,2761.0,59.58356857299805,174.0,1343.0,5.5,0.9633437103399093
-84.70000000000007,10.250000000000032,19.549625396728516,8.926916122436523,3370.0,37.968814849853516,375.0,1275.0,5.3,0.9311088804761487
-84.65000000000008,10.250000000000032,21.479541778564453,8.851249694824219,3395.0,37.5531005859375,370.0,928.0,5.4,0.922866865418893
-84.60000000000008,10.250000000000032,21.479541778564453,8.851249694824219,3395.0,37.5531005859375,370.0,928.0,5.4,0.922866865418893
-84.55000000000008,10.250000000000032,24.079957962036133,9.12975025177002,3520.0,40.95764923095703,342.0,461.0,5.5,0.8248080761461014
-84.50000000000009,10.250000000000032,24.079957962036133,9.12975025177002,3520.0,40.95764923095703,342.0,461.0,5.4,0.823151327424103
-84.45000000000009,10.250000000000032,22.4389591217041,9.030583381652832,3572.0,39.95966339111328,372.0,780.0,5.4,0.8845449930670605
-84.40000000000009,10.250000000000032,18.615083694458008,8.798500061035156,3224.0,50.378150939941406,250.0,1472.0,5.4,0.9653294059597802
-84.3500000000001,10.250000000000032,18.615083694458008,8.798500061035156,3224.0,50.378150939941406,250.0,1472.0,5.2,0.9633914013686292
-84.3000000000001,10.250000000000032,20.161666870117188,8.71833324432373,3698.0,36.82190704345703,444.0,1185.0,5.3,0.9321968301253954
-84.2500000000001,10.250000000000032,20.161666870117188,8.71833324432373,3698.0,36.82190704345703,444.0,1185.0,5.3,0.9321968301253954
-84.2000000000001,10.250000000000032,21.887248992919922,8.834500312805176,3526.0,36.72206497192383,389.0,860.0,5.3,0.9181340580493923
-84.1500000000001,10.250000000000032,21.969125747680664,8.67074966430664,3364.0,38.35160827636719,361.0,836.0,5.2,0.9185171912678642
-84.10000000000011,10.250000000000032,21.969125747680664,8.67074966430664,3364.0,38.35160827636719,361.0,836.0,5.0,0.7083750175394554
-84.05000000000011,10.250000000000032,22.899124145507812,8.465083122253418,3600.0,34.69581604003906,431.0,645.0,5.2,0.9452340672481986
-84.00000000000011,10.250000000000032,22.899124145507812,8.465083122253418,3600.0,34.69581604003906,431.0,645.0,5.2,0.9452340672481986
-83.95000000000012,10.250000000000032,25.294666290283203,8.716166496276855,3752.0,35.02619171142578,455.0,202.0,5.1,0.7710023723478686
-83.90000000000012,10.250000000000032,25.773292541503906,8.879583358764648,3782.0,33.30585861206055,499.0,126.0,5.4,0.5658416525006238
-83.85000000000012,10.250000000000032,25.773292541503906,8.879583358764648,3782.0,33.30585861206055,499.0,126.0,5.3,0.5384639486118795
-83.80000000000013,10.250000000000032,25.846250534057617,8.817832946777344,3780.0,33.56492233276367,499.0,115.0,5.2,0.5011769682142865
-83.75000000000013,10.250000000000032,25.846250534057617,8.817832946777344,3780.0,33.56492233276367,499.0,115.0,5.5,0.5441948176229755
-83.70000000000013,10.250000000000032,26.055334091186523,8.766833305358887,3694.0,33.166282653808594,493.0,77.0,5.4,0.4776825646410138
-83.65000000000013,10.250000000000032,26.21066665649414,8.609166145324707,3647.0,33.057010650634766,493.0,40.0,5.4,0.4039886108190681
-83.60000000000014,10.250000000000032,26.21066665649414,8.609166145324707,3647.0,33.057010650634766,493.0,40.0,5.5,0.3882196426497604
-83.55000000000014,10.250000000000032,26.219959259033203,8.342916488647461,3646.0,33.70875549316406,509.0,24.0,5.8,0.39472435857867527
-83.50000000000014,10.250000000000032,26.219959259033203,8.342916488647461,3646.0,33.70875549316406,509.0,24.0,5.7,0.40745258150290603
-83.45000000000014,10.250000000000032,26.20720863342285,7.996582984924316,3584.0,34.58405685424805,519.0,17.0,5.6,0.39897248911133726
-83.40000000000015,10.250000000000032,26.213115692138672,7.796117782592773,3536.0,36.01450729370117,464.0,13.0,5.6,0.40649361662439204
-83.35000000000015,10.250000000000032,26.213115692138672,7.796117782592773,3536.0,36.01450729370117,464.0,13.0,5.3,0.4863999784515845
-83.30000000000015,10.250000000000032,26.222394943237305,7.769792079925537,3437.0,40.16558837890625,385.0,10.0,5.5,0.4607073550742294
-83.25000000000016,10.250000000000032,26.222394943237305,7.769792079925537,3437.0,40.16558837890625,385.0,10.0,5.5,0.4607073550742294
-85.9,10.300000000000033,27.26715660095215,10.204902648925781,1721.0,98.22212982177734,7.0,13.0,5.5,0.051100347536191325
-85.85000000000001,10.300000000000033,27.26715660095215,10.204902648925781,1721.0,98.22212982177734,7.0,13.0,5.5,0.051100347536191325
-85.80000000000001,10.300000000000033,27.163084030151367,10.542333602905273,1752.0,94.89469146728516,7.0,56.0,6.2,0.04051392606185562
-85.75000000000001,10.300000000000033,27.163084030151367,10.542333602905273,1752.0,94.89469146728516,7.0,56.0,6.0,0.04036259085645961
-85.70000000000002,10.300000000000033,27.10449981689453,10.863333702087402,1797.0,95.23808288574219,10.0,77.0,6.3,0.0449414873467067
-85.65000000000002,10.300000000000033,27.269041061401367,11.051416397094727,1852.0,91.68107604980469,14.0,50.0,6.2,0.0553061965590428
-85.60000000000002,10.300000000000033,27.269041061401367,11.051416397094727,1852.0,91.68107604980469,14.0,50.0,6.2,0.0553061965590428
-85.55000000000003,10.300000000000033,27.20512580871582,11.17175006866455,1910.0,89.94923400878906,18.0,57.0,6.0,0.0519792423703435
-85.50000000000003,10.300000000000033,27.20512580871582,11.17175006866455,1910.0,89.94923400878906,18.0,57.0,6.4,0.052332726366346456
-85.45000000000003,10.300000000000033,27.250999450683594,11.112166404724121,1894.0,89.6650390625,15.0,25.0,6.1,0.061795467699631526
-85.40000000000003,10.300000000000033,27.077167510986328,10.915833473205566,1846.0,89.69802856445312,12.0,34.0,6.4,0.05016501120089127
-85.35000000000004,10.300000000000033,27.077167510986328,10.915833473205566,1846.0,89.69802856445312,12.0,34.0,6.3,0.052181086877939244
-85.30000000000004,10.300000000000033,27.15146827697754,10.657102584838867,1833.0,87.90802001953125,13.0,8.0,5.5,0.04528222065068229
-85.25000000000004,10.300000000000033,27.15146827697754,10.657102584838867,1833.0,87.90802001953125,13.0,8.0,6.3,0.05886447607576118
-85.20000000000005,10.300000000000033,27.142213821411133,10.644360542297363,1871.0,87.41777038574219,15.0,19.0,6.7,0.062374693204126225
-85.15000000000005,10.300000000000033,27.246915817260742,10.8038330078125,1903.0,86.478271484375,24.0,23.0,6.7,0.07238079306102546
-85.10000000000005,10.300000000000033,27.246915817260742,10.8038330078125,1903.0,86.478271484375,24.0,23.0,6.0,0.08207750826642143
-85.05000000000005,10.300000000000033,26.849624633789062,10.814249992370605,1965.0,84.89447784423828,36.0,104.0,5.9,0.08096172332259084
-85.00000000000006,10.300000000000033,26.849624633789062,10.814249992370605,1965.0,84.89447784423828,36.0,104.0,5.8,0.08672984896553958
-84.95000000000006,10.300000000000033,25.292457580566406,10.149916648864746,2211.0,82.40826416015625,32.0,326.0,5.9,0.6917784436413142
-84.90000000000006,10.300000000000033,22.575708389282227,9.642416000366211,2440.0,80.97062683105469,48.0,771.0,5.8,0.9196657136160061
-84.85000000000007,10.300000000000033,22.575708389282227,9.642416000366211,2440.0,80.97062683105469,48.0,771.0,5.6,0.9408135918776627
-84.80000000000007,10.300000000000033,19.24654197692871,9.099583625793457,2761.0,59.58356857299805,174.0,1343.0,5.8,0.9258520361087136
-84.75000000000007,10.300000000000033,19.24654197692871,9.099583625793457,2761.0,59.58356857299805,174.0,1343.0,5.4,0.9658326127967394
-84.70000000000007,10.300000000000033,19.549625396728516,8.926916122436523,3370.0,37.968814849853516,375.0,1275.0,5.4,0.9328881717164921
-84.65000000000008,10.300000000000033,21.479541778564453,8.851249694824219,3395.0,37.5531005859375,370.0,928.0,5.3,0.9189051350752563
-84.60000000000008,10.300000000000033,21.479541778564453,8.851249694824219,3395.0,37.5531005859375,370.0,928.0,5.2,0.9124118576985202
-84.55000000000008,10.300000000000033,24.079957962036133,9.12975025177002,3520.0,40.95764923095703,342.0,461.0,5.3,0.8138353271376374
-84.50000000000009,10.300000000000033,24.079957962036133,9.12975025177002,3520.0,40.95764923095703,342.0,461.0,5.4,0.823151327424103
-84.45000000000009,10.300000000000033,22.4389591217041,9.030583381652832,3572.0,39.95966339111328,372.0,780.0,5.4,0.8845449930670605
-84.40000000000009,10.300000000000033,18.615083694458008,8.798500061035156,3224.0,50.378150939941406,250.0,1472.0,5.6,0.9603341442665603
-84.3500000000001,10.300000000000033,18.615083694458008,8.798500061035156,3224.0,50.378150939941406,250.0,1472.0,5.3,0.9646442517514422
-84.3000000000001,10.300000000000033,20.161666870117188,8.71833324432373,3698.0,36.82190704345703,444.0,1185.0,5.3,0.9321968301253954
-84.2500000000001,10.300000000000033,20.161666870117188,8.71833324432373,3698.0,36.82190704345703,444.0,1185.0,5.2,0.9280214958512347
-84.2000000000001,10.300000000000033,21.887248992919922,8.834500312805176,3526.0,36.72206497192383,389.0,860.0,5.2,0.9090592150053223
-84.1500000000001,10.300000000000033,21.969125747680664,8.67074966430664,3364.0,38.35160827636719,361.0,836.0,5.2,0.9185171912678642
-84.10000000000011,10.300000000000033,21.969125747680664,8.67074966430664,3364.0,38.35160827636719,361.0,836.0,5.1,0.8988308131182893
-84.05000000000011,10.300000000000033,22.899124145507812,8.465083122253418,3600.0,34.69581604003906,431.0,645.0,5.2,0.9452340672481986
-84.00000000000011,10.300000000000033,22.899124145507812,8.465083122253418,3600.0,34.69581604003906,431.0,645.0,5.1,0.9348490424151459
-83.95000000000012,10.300000000000033,25.294666290283203,8.716166496276855,3752.0,35.02619171142578,455.0,202.0,5.1,0.7710023723478686
-83.90000000000012,10.300000000000033,25.773292541503906,8.879583358764648,3782.0,33.30585861206055,499.0,126.0,5.2,0.4699174611408573
-83.85000000000012,10.300000000000033,25.773292541503906,8.879583358764648,3782.0,33.30585861206055,499.0,126.0,5.5,0.5342112970665319
-83.80000000000013,10.300000000000033,25.846250534057617,8.817832946777344,3780.0,33.56492233276367,499.0,115.0,5.4,0.56331913614041
-83.75000000000013,10.300000000000033,25.846250534057617,8.817832946777344,3780.0,33.56492233276367,499.0,115.0,5.3,0.5393101412496023
-83.70000000000013,10.300000000000033,26.055334091186523,8.766833305358887,3694.0,33.166282653808594,493.0,77.0,5.3,0.4592223047434174
-83.65000000000013,10.300000000000033,26.21066665649414,8.609166145324707,3647.0,33.057010650634766,493.0,40.0,5.6,0.3815258765829574
-83.60000000000014,10.300000000000033,26.21066665649414,8.609166145324707,3647.0,33.057010650634766,493.0,40.0,5.5,0.3882196426497604
-83.55000000000014,10.300000000000033,26.219959259033203,8.342916488647461,3646.0,33.70875549316406,509.0,24.0,5.7,0.40745258150290603
-83.50000000000014,10.300000000000033,26.219959259033203,8.342916488647461,3646.0,33.70875549316406,509.0,24.0,5.8,0.39472435857867527
-83.45000000000014,10.300000000000033,26.20720863342285,7.996582984924316,3584.0,34.58405685424805,519.0,17.0,5.9,0.41263503619488545
-83.40000000000015,10.300000000000033,26.213115692138672,7.796117782592773,3536.0,36.01450729370117,464.0,13.0,5.4,0.4799226964658306
-83.35000000000015,10.300000000000033,26.213115692138672,7.796117782592773,3536.0,36.01450729370117,464.0,13.0,5.5,0.4451267754312786
-83.30000000000015,10.300000000000033,26.222394943237305,7.769792079925537,3437.0,40.16558837890625,385.0,10.0,5.5,0.4607073550742294
-83.25000000000016,10.300000000000033,26.222394943237305,7.769792079925537,3437.0,40.16558837890625,385.0,10.0,5.5,0.4607073550742294
-85.9,10.350000000000033,27.135833740234375,9.895000457763672,1745.0,100.08026123046875,7.0,42.0,5.5,0.05773679949010774
-85.85000000000001,10.350000000000033,27.135833740234375,9.895000457763672,1745.0,100.08026123046875,7.0,42.0,6.3,0.0560963096971372
-85.80000000000001,10.350000000000033,26.98958396911621,10.208151817321777,1751.0,93.71058654785156,8.0,92.0,6.3,0.051359458155860606
-85.75000000000001,10.350000000000033,26.98958396911621,10.208151817321777,1751.0,93.71058654785156,8.0,92.0,6.2,0.053483625819840216
-85.70000000000002,10.350000000000033,27.192583084106445,10.627665519714355,1786.0,93.4336166381836,8.0,71.0,6.2,0.044799730151963764
-85.65000000000002,10.350000000000033,27.143625259399414,10.738749504089355,1824.0,91.6368637084961,11.0,83.0,6.3,0.04683777582352343
-85.60000000000002,10.350000000000033,27.143625259399414,10.738749504089355,1824.0,91.6368637084961,11.0,83.0,6.1,0.04779420132366621
-85.55000000000003,10.350000000000033,27.48699951171875,10.9436674118042,1869.0,90.55707550048828,21.0,19.0,6.3,0.07606803082844252
-85.50000000000003,10.350000000000033,27.48699951171875,10.9436674118042,1869.0,90.55707550048828,21.0,19.0,6.3,0.07606803082844252
-85.45000000000003,10.350000000000033,27.42799949645996,10.79283332824707,1851.0,89.87679290771484,21.0,15.0,6.5,0.06402183047727834
-85.40000000000003,10.350000000000033,27.240291595458984,10.43941593170166,1875.0,87.9090805053711,18.0,21.0,6.4,0.06265105795606082
-85.35000000000004,10.350000000000033,27.240291595458984,10.43941593170166,1875.0,87.9090805053711,18.0,21.0,6.2,0.06769620779222857
-85.30000000000004,10.350000000000033,27.185874938964844,10.422749519348145,1845.0,87.6817855834961,16.0,29.0,6.2,0.05906905447720829
-85.25000000000004,10.350000000000033,27.185874938964844,10.422749519348145,1845.0,87.6817855834961,16.0,29.0,6.6,0.05501458236144982
-85.20000000000005,10.350000000000033,27.302583694458008,10.442666053771973,1875.0,87.62381744384766,16.0,17.0,6.7,0.06293236245105925
-85.15000000000005,10.350000000000033,27.30729103088379,10.468416213989258,1889.0,86.31055450439453,25.0,32.0,6.9,0.07045335162953811
-85.10000000000005,10.350000000000033,27.30729103088379,10.468416213989258,1889.0,86.31055450439453,25.0,32.0,6.1,0.08587242207571036
-85.05000000000005,10.350000000000033,26.073415756225586,10.276666641235352,2011.0,84.21290588378906,30.0,237.0,5.9,0.1845082669904279
-85.00000000000006,10.350000000000033,26.073415756225586,10.276666641235352,2011.0,84.21290588378906,30.0,237.0,5.7,0.17412995966071185
-84.95000000000006,10.350000000000033,23.499958038330078,9.698917388916016,2401.0,77.1806869506836,60.0,615.0,5.5,0.9353905403396254
-84.90000000000006,10.350000000000033,20.779541015625,9.206084251403809,2748.0,65.04615020751953,128.0,1066.0,5.8,0.719867742617242
-84.85000000000007,10.350000000000033,20.779541015625,9.206084251403809,2748.0,65.04615020751953,128.0,1066.0,5.7,0.8073345402303834
-84.80000000000007,10.350000000000033,19.973167419433594,8.884499549865723,3331.0,43.769309997558594,296.0,1197.0,5.4,0.9378501272535464
-84.75000000000007,10.350000000000033,19.973167419433594,8.884499549865723,3331.0,43.769309997558594,296.0,1197.0,5.4,0.9378501272535464
-84.70000000000007,10.350000000000033,20.048500061035156,8.746000289916992,3396.0,36.74692153930664,380.0,1180.0,5.3,0.936438296123337
-84.65000000000008,10.350000000000033,23.322500228881836,8.930334091186523,3570.0,40.19808578491211,369.0,591.0,5.3,0.8863101754069602
-84.60000000000008,10.350000000000033,23.322500228881836,8.930334091186523,3570.0,40.19808578491211,369.0,591.0,5.3,0.8863101754069602
-84.55000000000008,10.350000000000033,25.690500259399414,9.365333557128906,3440.0,44.749603271484375,318.0,171.0,5.5,0.374840366121686
-84.50000000000009,10.350000000000033,25.690500259399414,9.365333557128906,3440.0,44.749603271484375,318.0,171.0,5.4,0.3648878111728303
-84.45000000000009,10.350000000000033,25.018207550048828,9.195082664489746,3466.0,42.080257415771484,327.0,300.0,5.3,0.6233344628807896
-84.40000000000009,10.350000000000033,23.86079216003418,8.905583381652832,3456.0,43.028926849365234,339.0,507.0,5.3,0.8758783792278513
-84.3500000000001,10.350000000000033,23.86079216003418,8.905583381652832,3456.0,43.028926849365234,339.0,507.0,5.2,0.8491650915134349
-84.3000000000001,10.350000000000033,24.437458038330078,9.049750328063965,3438.0,40.71267318725586,369.0,401.0,5.2,0.7895893973295792
-84.2500000000001,10.350000000000033,24.437458038330078,9.049750328063965,3438.0,40.71267318725586,369.0,401.0,5.2,0.7895893973295792
-84.2000000000001,10.350000000000033,24.805665969848633,9.004166603088379,3446.0,41.58833312988281,395.0,323.0,5.2,0.798106206793689
-84.1500000000001,10.350000000000033,24.976667404174805,8.696833610534668,3527.0,38.313167572021484,424.0,275.0,5.3,0.8941937661217009
-84.10000000000011,10.350000000000033,24.976667404174805,8.696833610534668,3527.0,38.313167572021484,424.0,275.0,5.1,0.8612628464046101
-84.05000000000011,10.350000000000033,25.11408233642578,8.395999908447266,3730.0,36.169219970703125,435.0,233.0,5.1,0.8868222634166446
-84.00000000000011,10.350000000000033,25.11408233642578,8.395999908447266,3730.0,36.169219970703125,435.0,233.0,5.2,0.900969558589569
-83.95000000000012,10.350000000000033,25.95520782470703,8.606416702270508,3778.0,34.738319396972656,473.0,73.0,5.3,0.6372412211304002
-83.90000000000012,10.350000000000033,26.013708114624023,8.713749885559082,3743.0,35.440223693847656,471.0,73.0,4.9,0.2214628515807176
-83.85000000000012,10.350000000000033,26.013708114624023,8.713749885559082,3743.0,35.440223693847656,471.0,73.0,5.2,0.6180669884602841
-83.80000000000013,10.350000000000033,26.03529167175293,8.6537504196167,3700.0,34.49916458129883,482.0,71.0,5.4,0.6343635713453958
-83.75000000000013,10.350000000000033,26.03529167175293,8.6537504196167,3700.0,34.49916458129883,482.0,71.0,5.4,0.6343635713453958
-83.70000000000013,10.350000000000033,26.128833770751953,8.53066635131836,3687.0,34.136104583740234,484.0,54.0,5.4,0.49930609287183925
-83.65000000000013,10.350000000000033,26.1802921295166,8.305083274841309,3628.0,34.46544647216797,482.0,37.0,5.4,0.512050818426221
-83.60000000000014,10.350000000000033,26.1802921295166,8.305083274841309,3628.0,34.46544647216797,482.0,37.0,5.6,0.45873380318102525
-83.55000000000014,10.350000000000033,26.014415740966797,7.884166717529297,3602.0,35.22914505004883,494.0,58.0,5.3,0.6744989372766532
-83.50000000000014,10.350000000000033,26.014415740966797,7.884166717529297,3602.0,35.22914505004883,494.0,58.0,5.7,0.5528617127443248
-83.45000000000014,10.350000000000033,26.21297836303711,7.756683826446533,3665.0,36.91435623168945,480.0,16.0,5.5,0.5669180329317459
-83.40000000000015,10.350000000000033,26.18958282470703,7.598610877990723,3588.0,37.12223815917969,450.0,16.0,5.4,0.6058352625252591
-83.35000000000015,10.350000000000033,26.18958282470703,7.598610877990723,3588.0,37.12223815917969,450.0,16.0,5.5,0.5609390438615057
-85.9,10.400000000000034,27.135833740234375,9.895000457763672,1745.0,100.08026123046875,7.0,42.0,5.5,0.05773679949010774
-85.85000000000001,10.400000000000034,27.135833740234375,9.895000457763672,1745.0,100.08026123046875,7.0,42.0,5.5,0.05773679949010774
-85.80000000000001,10.400000000000034,26.98958396911621,10.208151817321777,1751.0,93.71058654785156,8.0,92.0,6.3,0.051359458155860606
-85.75000000000001,10.400000000000034,26.98958396911621,10.208151817321777,1751.0,93.71058654785156,8.0,92.0,6.2,0.053483625819840216
-85.70000000000002,10.400000000000034,27.192583084106445,10.627665519714355,1786.0,93.4336166381836,8.0,71.0,6.3,0.04357483905825774
-85.65000000000002,10.400000000000034,27.143625259399414,10.738749504089355,1824.0,91.6368637084961,11.0,83.0,6.2,0.04815570906392705
-85.60000000000002,10.400000000000034,27.143625259399414,10.738749504089355,1824.0,91.6368637084961,11.0,83.0,6.2,0.04815570906392705
-85.55000000000003,10.400000000000034,27.48699951171875,10.9436674118042,1869.0,90.55707550048828,21.0,19.0,6.3,0.07606803082844252
-85.50000000000003,10.400000000000034,27.48699951171875,10.9436674118042,1869.0,90.55707550048828,21.0,19.0,6.3,0.07606803082844252
-85.45000000000003,10.400000000000034,27.42799949645996,10.79283332824707,1851.0,89.87679290771484,21.0,15.0,6.5,0.06402183047727834
-85.40000000000003,10.400000000000034,27.240291595458984,10.43941593170166,1875.0,87.9090805053711,18.0,21.0,6.7,0.06193462617261462
-85.35000000000004,10.400000000000034,27.240291595458984,10.43941593170166,1875.0,87.9090805053711,18.0,21.0,6.4,0.06265105795606082
-85.30000000000004,10.400000000000034,27.185874938964844,10.422749519348145,1845.0,87.6817855834961,16.0,29.0,6.6,0.05501458236144982
-85.25000000000004,10.400000000000034,27.185874938964844,10.422749519348145,1845.0,87.6817855834961,16.0,29.0,6.3,0.05749997899318017
-85.20000000000005,10.400000000000034,27.302583694458008,10.442666053771973,1875.0,87.62381744384766,16.0,17.0,6.5,0.0636050510849953
-85.15000000000005,10.400000000000034,27.30729103088379,10.468416213989258,1889.0,86.31055450439453,25.0,32.0,6.3,0.078973119368935
-85.10000000000005,10.400000000000034,27.30729103088379,10.468416213989258,1889.0,86.31055450439453,25.0,32.0,6.3,0.078973119368935
-85.05000000000005,10.400000000000034,26.073415756225586,10.276666641235352,2011.0,84.21290588378906,30.0,237.0,5.9,0.1845082669904279
-85.00000000000006,10.400000000000034,26.073415756225586,10.276666641235352,2011.0,84.21290588378906,30.0,237.0,5.8,0.17790151176927785
-84.95000000000006,10.400000000000034,23.499958038330078,9.698917388916016,2401.0,77.1806869506836,60.0,615.0,5.8,0.910211604763344
-84.90000000000006,10.400000000000034,20.779541015625,9.206084251403809,2748.0,65.04615020751953,128.0,1066.0,5.8,0.719867742617242
-84.85000000000007,10.400000000000034,20.779541015625,9.206084251403809,2748.0,65.04615020751953,128.0,1066.0,5.5,0.9546291073087471
-84.80000000000007,10.400000000000034,19.973167419433594,8.884499549865723,3331.0,43.769309997558594,296.0,1197.0,5.5,0.9376770868596352
-84.75000000000007,10.400000000000034,19.973167419433594,8.884499549865723,3331.0,43.769309997558594,296.0,1197.0,5.4,0.9378501272535464
-84.70000000000007,10.400000000000034,20.048500061035156,8.746000289916992,3396.0,36.74692153930664,380.0,1180.0,5.3,0.936438296123337
-84.65000000000008,10.400000000000034,23.322500228881836,8.930334091186523,3570.0,40.19808578491211,369.0,591.0,5.3,0.8863101754069602
-84.60000000000008,10.400000000000034,23.322500228881836,8.930334091186523,3570.0,40.19808578491211,369.0,591.0,5.5,0.8912809849559611
-84.55000000000008,10.400000000000034,25.690500259399414,9.365333557128906,3440.0,44.749603271484375,318.0,171.0,5.6,0.3100450676039472
-84.50000000000009,10.400000000000034,25.690500259399414,9.365333557128906,3440.0,44.749603271484375,318.0,171.0,5.5,0.374840366121686
-84.45000000000009,10.400000000000034,25.018207550048828,9.195082664489746,3466.0,42.080257415771484,327.0,300.0,5.4,0.6475402175172399
-84.40000000000009,10.400000000000034,23.86079216003418,8.905583381652832,3456.0,43.028926849365234,339.0,507.0,5.3,0.8758783792278513
-84.3500000000001,10.400000000000034,23.86079216003418,8.905583381652832,3456.0,43.028926849365234,339.0,507.0,5.5,0.8841435143278134
-84.3000000000001,10.400000000000034,24.437458038330078,9.049750328063965,3438.0,40.71267318725586,369.0,401.0,5.2,0.7895893973295792
-84.2500000000001,10.400000000000034,24.437458038330078,9.049750328063965,3438.0,40.71267318725586,369.0,401.0,5.3,0.8316808836424274
-84.2000000000001,10.400000000000034,24.805665969848633,9.004166603088379,3446.0,41.58833312988281,395.0,323.0,5.1,0.7580272519947867
-84.1500000000001,10.400000000000034,24.976667404174805,8.696833610534668,3527.0,38.313167572021484,424.0,275.0,5.1,0.8612628464046101
-84.10000000000011,10.400000000000034,24.976667404174805,8.696833610534668,3527.0,38.313167572021484,424.0,275.0,5.1,0.8612628464046101
-84.05000000000011,10.400000000000034,25.11408233642578,8.395999908447266,3730.0,36.169219970703125,435.0,233.0,5.0,0.5297559079182559
-84.00000000000011,10.400000000000034,25.11408233642578,8.395999908447266,3730.0,36.169219970703125,435.0,233.0,5.3,0.9094003840833972
-83.95000000000012,10.400000000000034,25.95520782470703,8.606416702270508,3778.0,34.738319396972656,473.0,73.0,5.4,0.6557605852863
-83.90000000000012,10.400000000000034,26.013708114624023,8.713749885559082,3743.0,35.440223693847656,471.0,73.0,5.6,0.49057263397418144
-83.85000000000012,10.400000000000034,26.013708114624023,8.713749885559082,3743.0,35.440223693847656,471.0,73.0,5.3,0.6411953207744804
-83.80000000000013,10.400000000000034,26.03529167175293,8.6537504196167,3700.0,34.49916458129883,482.0,71.0,5.4,0.6343635713453958
-83.75000000000013,10.400000000000034,26.03529167175293,8.6537504196167,3700.0,34.49916458129883,482.0,71.0,5.3,0.6145726754546028
-83.70000000000013,10.400000000000034,26.128833770751953,8.53066635131836,3687.0,34.136104583740234,484.0,54.0,5.4,0.49930609287183925
-83.65000000000013,10.400000000000034,26.1802921295166,8.305083274841309,3628.0,34.46544647216797,482.0,37.0,5.5,0.47688871904124086
-83.60000000000014,10.400000000000034,26.1802921295166,8.305083274841309,3628.0,34.46544647216797,482.0,37.0,5.6,0.45873380318102525
-83.55000000000014,10.400000000000034,26.014415740966797,7.884166717529297,3602.0,35.22914505004883,494.0,58.0,5.3,0.6744989372766532
-83.50000000000014,10.400000000000034,26.014415740966797,7.884166717529297,3602.0,35.22914505004883,494.0,58.0,5.3,0.6744989372766532
-83.45000000000014,10.400000000000034,26.21297836303711,7.756683826446533,3665.0,36.91435623168945,480.0,16.0,5.5,0.5669180329317459
-83.40000000000015,10.400000000000034,26.18958282470703,7.598610877990723,3588.0,37.12223815917969,450.0,16.0,5.5,0.5609390438615057
-83.35000000000015,10.400000000000034,26.18958282470703,7.598610877990723,3588.0,37.12223815917969,450.0,16.0,5.5,0.5609390438615057
-85.9,10.450000000000035,27.77083396911621,8.858333587646484,1704.0,90.76667785644531,12.0,2.0,5.5,0.04272985951946232
-85.85000000000001,10.450000000000035,27.77083396911621,8.858333587646484,1704.0,90.76667785644531,12.0,2.0,5.5,0.04272985951946232
-85.80000000000001,10.450000000000035,27.08759307861328,9.731481552124023,1707.0,95.06814575195312,7.0,71.0,5.5,0.04583861714210141
-85.75000000000001,10.450000000000035,27.08759307861328,9.731481552124023,1707.0,95.06814575195312,7.0,71.0,6.3,0.04160603124490149
-85.70000000000002,10.450000000000035,26.572040557861328,10.132749557495117,1726.0,92.55097198486328,9.0,186.0,6.2,0.050962108927092346
-85.65000000000002,10.450000000000035,27.007875442504883,10.432250022888184,1784.0,91.3409423828125,11.0,116.0,6.1,0.04201400924413287
-85.60000000000002,10.450000000000035,27.007875442504883,10.432250022888184,1784.0,91.3409423828125,11.0,116.0,6.2,0.04182026852054325
-85.55000000000003,10.450000000000035,27.635208129882812,10.775917053222656,1878.0,88.919189453125,19.0,17.0,6.1,0.06527052697117107
-85.50000000000003,10.450000000000035,27.635208129882812,10.775917053222656,1878.0,88.919189453125,19.0,17.0,6.5,0.060993625448831065
-85.45000000000003,10.450000000000035,27.54949951171875,10.581501007080078,1899.0,87.09281158447266,16.0,14.0,6.4,0.0627498577816698
-85.40000000000003,10.450000000000035,27.260583877563477,10.384500503540039,1884.0,87.33218383789062,16.0,48.0,6.2,0.06125180382957902
-85.35000000000004,10.450000000000035,27.260583877563477,10.384500503540039,1884.0,87.33218383789062,16.0,48.0,6.1,0.061463969866913326
-85.30000000000004,10.450000000000035,27.126291275024414,10.417749404907227,1844.0,87.43492126464844,27.0,75.0,6.1,0.07325458814789301
-85.25000000000004,10.450000000000035,27.126291275024414,10.417749404907227,1844.0,87.43492126464844,27.0,75.0,6.1,0.07325458814789301
-85.20000000000005,10.450000000000035,27.337499618530273,10.398333549499512,1919.0,81.09445190429688,43.0,37.0,6.2,0.07561865708410774
-85.15000000000005,10.450000000000035,27.12179183959961,10.171082496643066,1961.0,83.71664428710938,29.0,71.0,6.1,0.10554897135263472
-85.10000000000005,10.450000000000035,27.12179183959961,10.171082496643066,1961.0,83.71664428710938,29.0,71.0,6.2,0.10071083658295654
-85.05000000000005,10.450000000000035,25.61720848083496,9.924750328063965,2027.0,80.60938262939453,40.0,293.0,6.1,0.33986757617091945
-85.00000000000006,10.450000000000035,25.61720848083496,9.924750328063965,2027.0,80.60938262939453,40.0,293.0,5.7,0.28744266466173163
-84.95000000000006,10.450000000000035,23.38508415222168,9.455833435058594,2355.0,67.17320251464844,103.0,614.0,5.7,0.6766126605247796
-84.90000000000006,10.450000000000035,22.4166259765625,9.020416259765625,3173.0,47.25522994995117,236.0,753.0,5.6,0.8291217555439344
-84.85000000000007,10.450000000000035,22.4166259765625,9.020416259765625,3173.0,47.25522994995117,236.0,753.0,5.5,0.9050625850650348
-84.80000000000007,10.450000000000035,22.82466697692871,8.898833274841309,3340.0,42.45262145996094,300.0,661.0,5.5,0.8982038310074116
-84.75000000000007,10.450000000000035,22.82466697692871,8.898833274841309,3340.0,42.45262145996094,300.0,661.0,5.5,0.8982038310074116
-84.70000000000007,10.450000000000035,22.811542510986328,8.911916732788086,3628.0,39.80973815917969,361.0,672.0,5.4,0.8936446612373643
-84.65000000000008,10.450000000000035,25.081708908081055,9.17258358001709,3438.0,44.784183502197266,313.0,263.0,5.7,0.4055160355742137
-84.60000000000008,10.450000000000035,25.081708908081055,9.17258358001709,3438.0,44.784183502197266,313.0,263.0,5.6,0.3998379769140674
-84.55000000000008,10.450000000000035,26.102540969848633,9.338250160217285,3382.0,45.86590576171875,292.0,87.0,5.7,0.1609433937628177
-84.50000000000009,10.450000000000035,26.102540969848633,9.338250160217285,3382.0,45.86590576171875,292.0,87.0,5.5,0.15038244830423161
-84.45000000000009,10.450000000000035,26.11716651916504,9.239665985107422,3390.0,44.18217468261719,290.0,82.0,5.4,0.16627762762928133
-84.40000000000009,10.450000000000035,25.86341667175293,9.092666625976562,3405.0,44.16770935058594,320.0,131.0,5.5,0.5077757246173212
-84.3500000000001,10.450000000000035,25.86341667175293,9.092666625976562,3405.0,44.16770935058594,320.0,131.0,5.5,0.5077757246173212
-84.3000000000001,10.450000000000035,25.829833984375,9.173166275024414,3371.0,41.696842193603516,357.0,147.0,5.3,0.4926898449314558
-84.2500000000001,10.450000000000035,25.829833984375,9.173166275024414,3371.0,41.696842193603516,357.0,147.0,5.5,0.5135442171744373
-84.2000000000001,10.450000000000035,25.669958114624023,8.94041633605957,3498.0,39.05701446533203,377.0,162.0,5.2,0.6424787395669188
-84.1500000000001,10.450000000000035,25.79308319091797,8.728500366210938,3544.0,38.72294616699219,383.0,122.0,5.3,0.7628445838241046
-84.10000000000011,10.450000000000035,25.79308319091797,8.728500366210938,3544.0,38.72294616699219,383.0,122.0,5.3,0.7628445838241046
-84.05000000000011,10.450000000000035,25.910707473754883,8.39608383178711,3680.0,38.253990173339844,415.0,76.0,5.3,0.7978133389757762
-84.00000000000011,10.450000000000035,25.910707473754883,8.39608383178711,3680.0,38.253990173339844,415.0,76.0,5.4,0.812408850387866
-83.95000000000012,10.450000000000035,26.02054214477539,8.410249710083008,3741.0,36.42357635498047,456.0,49.0,5.3,0.5641686340856168
-83.90000000000012,10.450000000000035,25.989334106445312,8.412833213806152,3750.0,35.94752502441406,472.0,56.0,5.3,0.6768042462339315
-83.85000000000012,10.450000000000035,25.989334106445312,8.412833213806152,3750.0,35.94752502441406,472.0,56.0,5.2,0.6569502424430215
-83.80000000000013,10.450000000000035,26.04462432861328,8.32841682434082,3684.0,35.93363952636719,466.0,52.0,5.1,0.5186684224515823
-83.75000000000013,10.450000000000035,26.04462432861328,8.32841682434082,3684.0,35.93363952636719,466.0,52.0,5.3,0.5852166336552684
-83.70000000000013,10.450000000000035,26.156957626342773,8.272417068481445,3664.0,36.36789321899414,463.0,39.0,5.3,0.5541118655195225
-83.65000000000013,10.450000000000035,26.217041015625,8.09375,3645.0,35.88167953491211,474.0,27.0,5.5,0.49490548392288025
-83.60000000000014,10.450000000000035,26.217041015625,8.09375,3645.0,35.88167953491211,474.0,27.0,5.2,0.4979681369862417
-83.55000000000014,10.450000000000035,26.10062599182129,7.686583518981934,3627.0,36.345340728759766,488.0,45.0,5.3,0.6461885994943545
-83.50000000000014,10.450000000000035,26.10062599182129,7.686583518981934,3627.0,36.345340728759766,488.0,45.0,5.1,0.5994469274283721
-83.45000000000014,10.450000000000035,26.230146408081055,7.559640884399414,3812.0,40.50434875488281,456.0,17.0,5.5,0.7120307344023156
-85.80000000000001,10.500000000000036,26.833999633789062,9.442666053771973,1691.0,100.75348663330078,8.0,115.0,6.3,0.046529945021335554
-85.75000000000001,10.500000000000036,26.833999633789062,9.442666053771973,1691.0,100.75348663330078,8.0,115.0,6.3,0.046529945021335554
-85.70000000000002,10.500000000000036,27.009300231933594,9.847343444824219,1690.0,95.73712158203125,6.0,111.0,6.4,0.04108880620813302
-85.65000000000002,10.500000000000036,27.511959075927734,10.288917541503906,1759.0,90.54042053222656,9.0,50.0,6.3,0.049604160244881616
-85.60000000000002,10.500000000000036,27.511959075927734,10.288917541503906,1759.0,90.54042053222656,9.0,50.0,6.2,0.051481569187802556
-85.55000000000003,10.500000000000036,27.619958877563477,10.518916130065918,1750.0,90.67906951904297,15.0,49.0,6.2,0.04142944220236486
-85.50000000000003,10.500000000000036,27.619958877563477,10.518916130065918,1750.0,90.67906951904297,15.0,49.0,6.3,0.04039496033191637
-85.45000000000003,10.500000000000036,27.12616729736328,10.378334045410156,1829.0,88.08863830566406,28.0,118.0,5.9,0.07335649767672935
-85.40000000000003,10.500000000000036,27.063125610351562,10.386417388916016,1825.0,88.13136291503906,20.0,112.0,6.1,0.055921808258316975
-85.35000000000004,10.500000000000036,27.063125610351562,10.386417388916016,1825.0,88.13136291503906,20.0,112.0,6.2,0.05569371007346059
-85.30000000000004,10.500000000000036,27.07550048828125,10.409500122070312,1852.0,86.05021667480469,28.0,103.0,6.1,0.07604385168970021
-85.25000000000004,10.500000000000036,27.07550048828125,10.409500122070312,1852.0,86.05021667480469,28.0,103.0,6.1,0.07604385168970021
-85.20000000000005,10.500000000000036,26.88949966430664,10.248332977294922,1892.0,84.95484161376953,38.0,123.0,6.0,0.09218277730691123
-85.15000000000005,10.500000000000036,26.38104248046875,9.891916275024414,2031.0,78.36918640136719,52.0,179.0,5.9,0.0884511542001614
-85.10000000000005,10.500000000000036,26.38104248046875,9.891916275024414,2031.0,78.36918640136719,52.0,179.0,6.0,0.08885337087899513
-85.05000000000005,10.500000000000036,24.52608299255371,9.689499855041504,2219.0,73.19435119628906,73.0,449.0,6.1,0.3590588637058599
-85.00000000000006,10.500000000000036,24.52608299255371,9.689499855041504,2219.0,73.19435119628906,73.0,449.0,5.8,0.40099695482182185
-84.95000000000006,10.500000000000036,23.043832778930664,8.955666542053223,2713.0,51.642539978027344,180.0,636.0,5.5,0.8985631896043259
-84.90000000000006,10.500000000000036,22.870792388916016,8.744583129882812,3379.0,42.162254333496094,305.0,648.0,5.5,0.9368882684009554
-84.85000000000007,10.500000000000036,22.870792388916016,8.744583129882812,3379.0,42.162254333496094,305.0,648.0,5.5,0.9368882684009554
-84.80000000000007,10.500000000000036,23.1336669921875,8.788000106811523,3473.0,40.96244430541992,337.0,620.0,5.3,0.9234066361129463
-84.75000000000007,10.500000000000036,23.1336669921875,8.788000106811523,3473.0,40.96244430541992,337.0,620.0,5.4,0.9268945597591943
-84.70000000000007,10.500000000000036,24.262582778930664,8.868000030517578,3438.0,43.40027618408203,318.0,415.0,5.4,0.8591172283155705
-84.65000000000008,10.500000000000036,25.15858268737793,8.977999687194824,3329.0,45.77112579345703,304.0,248.0,5.6,0.39899913422629024
-84.60000000000008,10.500000000000036,25.15858268737793,8.977999687194824,3329.0,45.77112579345703,304.0,248.0,5.6,0.39899913422629024
-84.55000000000008,10.500000000000036,25.8110408782959,9.015250205993652,3302.0,45.932865142822266,297.0,125.0,5.5,0.4029053988408997
-84.50000000000009,10.500000000000036,25.8110408782959,9.015250205993652,3302.0,45.932865142822266,297.0,125.0,5.5,0.4029053988408997
-84.45000000000009,10.500000000000036,26.104084014892578,9.041167259216309,3291.0,44.79195022583008,284.0,78.0,5.5,0.15625149379411518
-84.40000000000009,10.500000000000036,26.077375411987305,8.877582550048828,3355.0,43.52396774291992,303.0,80.0,5.5,0.23540453771980818
-84.3500000000001,10.500000000000036,26.077375411987305,8.877582550048828,3355.0,43.52396774291992,303.0,80.0,5.4,0.23999393566285762
-84.3000000000001,10.500000000000036,26.066207885742188,8.858749389648438,3365.0,42.19990158081055,320.0,83.0,5.3,0.2928273073220395
-84.2500000000001,10.500000000000036,26.066207885742188,8.858749389648438,3365.0,42.19990158081055,320.0,83.0,5.3,0.2928273073220395
-84.2000000000001,10.500000000000036,25.840457916259766,8.653583526611328,3442.0,40.430179595947266,353.0,109.0,5.1,0.5546471807162271
-84.1500000000001,10.500000000000036,25.883209228515625,8.350916862487793,3574.0,38.82544708251953,393.0,73.0,5.1,0.6967224854834095
-84.10000000000011,10.500000000000036,25.883209228515625,8.350916862487793,3574.0,38.82544708251953,393.0,73.0,4.9,0.27204536924237505
-84.05000000000011,10.500000000000036,25.851333618164062,8.16450023651123,3658.0,39.37376022338867,413.0,64.0,5.3,0.8873991554214441
-84.00000000000011,10.500000000000036,25.851333618164062,8.16450023651123,3658.0,39.37376022338867,413.0,64.0,5.7,0.6851762066718609
-83.95000000000012,10.500000000000036,25.961957931518555,8.277417182922363,3657.0,36.852535247802734,436.0,39.0,5.4,0.5670464046214263
-83.90000000000012,10.500000000000036,25.951208114624023,8.203083992004395,3702.0,38.444419860839844,436.0,42.0,5.5,0.6916511516086888
-83.85000000000012,10.500000000000036,25.951208114624023,8.203083992004395,3702.0,38.444419860839844,436.0,42.0,5.2,0.7199398585416046
-83.80000000000013,10.500000000000036,26.000333786010742,8.0086669921875,3730.0,38.01249694824219,449.0,42.0,5.2,0.7521608645750814
-83.75000000000013,10.500000000000036,26.000333786010742,8.0086669921875,3730.0,38.01249694824219,449.0,42.0,5.2,0.7521608645750814
-83.70000000000013,10.500000000000036,26.106040954589844,7.919250011444092,3713.0,36.64496994018555,469.0,36.0,5.2,0.627325799010652
-83.65000000000013,10.500000000000036,26.229625701904297,7.786083698272705,3681.0,35.86156463623047,483.0,22.0,5.5,0.5382058731894651
-83.60000000000014,10.500000000000036,26.229625701904297,7.786083698272705,3681.0,35.86156463623047,483.0,22.0,5.6,0.5017405352011696
-83.55000000000014,10.500000000000036,26.266620635986328,7.5413007736206055,3814.0,39.701690673828125,464.0,19.0,5.3,0.7118906207777026
-83.50000000000014,10.500000000000036,26.266620635986328,7.5413007736206055,3814.0,39.701690673828125,464.0,19.0,5.5,0.6701530281156617
-83.45000000000014,10.500000000000036,26.242361068725586,7.376389026641846,4074.0,42.8066520690918,434.0,19.0,5.5,0.7123499722211277
-85.80000000000001,10.550000000000036,26.833999633789062,9.442666053771973,1691.0,100.75348663330078,8.0,115.0,5.5,0.05233733428079229
-85.75000000000001,10.550000000000036,26.833999633789062,9.442666053771973,1691.0,100.75348663330078,8.0,115.0,5.5,0.05233733428079229
-85.70000000000002,10.550000000000036,27.009300231933594,9.847343444824219,1690.0,95.73712158203125,6.0,111.0,5.5,0.048371755703786455
-85.65000000000002,10.550000000000036,27.511959075927734,10.288917541503906,1759.0,90.54042053222656,9.0,50.0,6.4,0.047227187625443146
-85.60000000000002,10.550000000000036,27.511959075927734,10.288917541503906,1759.0,90.54042053222656,9.0,50.0,6.2,0.051481569187802556
-85.55000000000003,10.550000000000036,27.619958877563477,10.518916130065918,1750.0,90.67906951904297,15.0,49.0,6.2,0.04142944220236486
-85.50000000000003,10.550000000000036,27.619958877563477,10.518916130065918,1750.0,90.67906951904297,15.0,49.0,6.2,0.04142944220236486
-85.45000000000003,10.550000000000036,27.12616729736328,10.378334045410156,1829.0,88.08863830566406,28.0,118.0,6.2,0.07100880168841371
-85.40000000000003,10.550000000000036,27.063125610351562,10.386417388916016,1825.0,88.13136291503906,20.0,112.0,6.0,0.05547126425869034
-85.35000000000004,10.550000000000036,27.063125610351562,10.386417388916016,1825.0,88.13136291503906,20.0,112.0,6.3,0.05510590404453545
-85.30000000000004,10.550000000000036,27.07550048828125,10.409500122070312,1852.0,86.05021667480469,28.0,103.0,6.1,0.07604385168970021
-85.25000000000004,10.550000000000036,27.07550048828125,10.409500122070312,1852.0,86.05021667480469,28.0,103.0,6.0,0.0754193205583826
-85.20000000000005,10.550000000000036,26.88949966430664,10.248332977294922,1892.0,84.95484161376953,38.0,123.0,6.0,0.09218277730691123
-85.15000000000005,10.550000000000036,26.38104248046875,9.891916275024414,2031.0,78.36918640136719,52.0,179.0,5.7,0.07681173506623164
-85.10000000000005,10.550000000000036,26.38104248046875,9.891916275024414,2031.0,78.36918640136719,52.0,179.0,5.7,0.07681173506623164
-85.05000000000005,10.550000000000036,24.52608299255371,9.689499855041504,2219.0,73.19435119628906,73.0,449.0,5.8,0.40099695482182185
-85.00000000000006,10.550000000000036,24.52608299255371,9.689499855041504,2219.0,73.19435119628906,73.0,449.0,5.7,0.41839330160206245
-84.95000000000006,10.550000000000036,23.043832778930664,8.955666542053223,2713.0,51.642539978027344,180.0,636.0,5.5,0.8985631896043259
-84.90000000000006,10.550000000000036,22.870792388916016,8.744583129882812,3379.0,42.162254333496094,305.0,648.0,5.5,0.9368882684009554
-84.85000000000007,10.550000000000036,22.870792388916016,8.744583129882812,3379.0,42.162254333496094,305.0,648.0,5.7,0.8923518482156939
-84.80000000000007,10.550000000000036,23.1336669921875,8.788000106811523,3473.0,40.96244430541992,337.0,620.0,5.5,0.9289231875197566
-84.75000000000007,10.550000000000036,23.1336669921875,8.788000106811523,3473.0,40.96244430541992,337.0,620.0,5.5,0.9289231875197566
-84.70000000000007,10.550000000000036,24.262582778930664,8.868000030517578,3438.0,43.40027618408203,318.0,415.0,5.5,0.8611766724634818
-84.65000000000008,10.550000000000036,25.15858268737793,8.977999687194824,3329.0,45.77112579345703,304.0,248.0,5.6,0.39899913422629024
-84.60000000000008,10.550000000000036,25.15858268737793,8.977999687194824,3329.0,45.77112579345703,304.0,248.0,5.5,0.5395657912466473
-84.55000000000008,10.550000000000036,25.8110408782959,9.015250205993652,3302.0,45.932865142822266,297.0,125.0,5.4,0.3865334269508072
-84.50000000000009,10.550000000000036,25.8110408782959,9.015250205993652,3302.0,45.932865142822266,297.0,125.0,5.3,0.35342557186323015
-84.45000000000009,10.550000000000036,26.104084014892578,9.041167259216309,3291.0,44.79195022583008,284.0,78.0,5.3,0.14931267447176222
-84.40000000000009,10.550000000000036,26.077375411987305,8.877582550048828,3355.0,43.52396774291992,303.0,80.0,5.3,0.2256647240175013
-84.3500000000001,10.550000000000036,26.077375411987305,8.877582550048828,3355.0,43.52396774291992,303.0,80.0,5.3,0.2256647240175013
-84.3000000000001,10.550000000000036,26.066207885742188,8.858749389648438,3365.0,42.19990158081055,320.0,83.0,5.2,0.25748416537603147
-84.2500000000001,10.550000000000036,26.066207885742188,8.858749389648438,3365.0,42.19990158081055,320.0,83.0,5.1,0.22287044994455052
-84.2000000000001,10.550000000000036,25.840457916259766,8.653583526611328,3442.0,40.430179595947266,353.0,109.0,5.3,0.7064218819482099
-84.1500000000001,10.550000000000036,25.883209228515625,8.350916862487793,3574.0,38.82544708251953,393.0,73.0,5.2,0.7636883042299077
-84.10000000000011,10.550000000000036,25.883209228515625,8.350916862487793,3574.0,38.82544708251953,393.0,73.0,5.2,0.7636883042299077
-84.05000000000011,10.550000000000036,25.851333618164062,8.16450023651123,3658.0,39.37376022338867,413.0,64.0,5.1,0.8537744325011333
-84.00000000000011,10.550000000000036,25.851333618164062,8.16450023651123,3658.0,39.37376022338867,413.0,64.0,5.3,0.8873991554214441
-83.95000000000012,10.550000000000036,25.961957931518555,8.277417182922363,3657.0,36.852535247802734,436.0,39.0,5.5,0.5301760954950648
-83.90000000000012,10.550000000000036,25.951208114624023,8.203083992004395,3702.0,38.444419860839844,436.0,42.0,5.2,0.7199398585416046
-83.85000000000012,10.550000000000036,25.951208114624023,8.203083992004395,3702.0,38.444419860839844,436.0,42.0,5.5,0.6916511516086888
-83.80000000000013,10.550000000000036,26.000333786010742,8.0086669921875,3730.0,38.01249694824219,449.0,42.0,5.1,0.7251764499908393
-83.75000000000013,10.550000000000036,26.000333786010742,8.0086669921875,3730.0,38.01249694824219,449.0,42.0,5.3,0.7685186896295123
-83.70000000000013,10.550000000000036,26.106040954589844,7.919250011444092,3713.0,36.64496994018555,469.0,36.0,5.4,0.6389881611406141
-83.65000000000013,10.550000000000036,26.229625701904297,7.786083698272705,3681.0,35.86156463623047,483.0,22.0,5.4,0.5707144139215025
-83.60000000000014,10.550000000000036,26.229625701904297,7.786083698272705,3681.0,35.86156463623047,483.0,22.0,5.3,0.5749669504311813
-83.55000000000014,10.550000000000036,26.266620635986328,7.5413007736206055,3814.0,39.701690673828125,464.0,19.0,5.2,0.6963191491756919
-83.50000000000014,10.550000000000036,26.266620635986328,7.5413007736206055,3814.0,39.701690673828125,464.0,19.0,5.5,0.6701530281156617
-83.45000000000014,10.550000000000036,26.242361068725586,7.376389026641846,4074.0,42.8066520690918,434.0,19.0,5.5,0.7123499722211277
-85.70000000000002,10.600000000000037,27.293750762939453,9.0,1685.0,102.26573944091797,5.0,40.0,5.5,0.0555834474996951
-85.65000000000002,10.600000000000037,27.21133041381836,9.703557014465332,1680.0,94.72315979003906,9.0,88.0,5.5,0.04727347297458403
-85.60000000000002,10.600000000000037,27.21133041381836,9.703557014465332,1680.0,94.72315979003906,9.0,88.0,6.1,0.04511882662766935
-85.55000000000003,10.600000000000037,27.535541534423828,10.304917335510254,1750.0,88.44609069824219,14.0,70.0,6.2,0.05253964474122123
-85.50000000000003,10.600000000000037,27.535541534423828,10.304917335510254,1750.0,88.44609069824219,14.0,70.0,6.2,0.05253964474122123
-85.45000000000003,10.600000000000037,27.099292755126953,10.228750228881836,1826.0,89.25914001464844,13.0,131.0,6.0,0.06014181359113392
-85.40000000000003,10.600000000000037,26.43837547302246,9.988082885742188,1919.0,87.54039764404297,18.0,212.0,6.3,0.07963063639512491
-85.35000000000004,10.600000000000037,26.43837547302246,9.988082885742188,1919.0,87.54039764404297,18.0,212.0,6.0,0.08532022998344833
-85.30000000000004,10.600000000000037,26.066625595092773,9.777583122253418,1892.0,85.94330596923828,26.0,242.0,6.0,0.12054613515884784
-85.25000000000004,10.600000000000037,26.066625595092773,9.777583122253418,1892.0,85.94330596923828,26.0,242.0,6.0,0.12054613515884784
-85.20000000000005,10.600000000000037,25.659666061401367,9.809165954589844,2033.0,82.34130096435547,45.0,295.0,5.9,0.4451107850291271
-85.15000000000005,10.600000000000037,24.921749114990234,9.448999404907227,2120.0,75.478759765625,79.0,371.0,5.8,0.3333596929872293
-85.10000000000005,10.600000000000037,24.921749114990234,9.448999404907227,2120.0,75.478759765625,79.0,371.0,5.8,0.3333596929872293
-85.05000000000005,10.600000000000037,22.648374557495117,9.138583183288574,2702.0,63.77412414550781,134.0,741.0,5.8,0.6298533909350118
-85.00000000000006,10.600000000000037,22.648374557495117,9.138583183288574,2702.0,63.77412414550781,134.0,741.0,5.5,0.9056181598059521
-84.95000000000006,10.600000000000037,22.06108283996582,8.696666717529297,3435.0,41.13310623168945,338.0,811.0,5.5,0.9363968192555044
-84.90000000000006,10.600000000000037,24.652873992919922,8.827750205993652,3367.0,43.10953903198242,297.0,343.0,5.6,0.6713469690623048
-84.85000000000007,10.600000000000037,24.652873992919922,8.827750205993652,3367.0,43.10953903198242,297.0,343.0,5.5,0.8426833985672093
-84.80000000000007,10.600000000000037,25.435375213623047,8.867916107177734,3228.0,46.25519943237305,258.0,201.0,5.7,0.29832872760180434
-84.75000000000007,10.600000000000037,25.435375213623047,8.867916107177734,3228.0,46.25519943237305,258.0,201.0,5.7,0.29832872760180434
-84.70000000000007,10.600000000000037,25.748624801635742,8.843584060668945,3148.0,48.279964447021484,263.0,137.0,5.6,0.29441319652143727
-84.65000000000008,10.600000000000037,25.637832641601562,8.807332992553711,3187.0,47.894020080566406,270.0,149.0,5.7,0.33657262382683756
-84.60000000000008,10.600000000000037,25.637832641601562,8.807332992553711,3187.0,47.894020080566406,270.0,149.0,5.5,0.3695388491433908
-84.55000000000008,10.600000000000037,25.761499404907227,8.785833358764648,3172.0,47.237518310546875,262.0,122.0,5.4,0.33687089778572493
-84.50000000000009,10.600000000000037,25.761499404907227,8.785833358764648,3172.0,47.237518310546875,262.0,122.0,5.4,0.33687089778572493
-84.45000000000009,10.600000000000037,25.885583877563477,8.65683364868164,3257.0,45.51163101196289,280.0,98.0,5.0,0.16368032912041075
-84.40000000000009,10.600000000000037,25.898208618164062,8.39525032043457,3359.0,43.201446533203125,306.0,84.0,5.3,0.5423750871457331
-84.3500000000001,10.600000000000037,25.898208618164062,8.39525032043457,3359.0,43.201446533203125,306.0,84.0,5.1,0.42800529436128126
-84.3000000000001,10.600000000000037,25.956541061401367,8.292250633239746,3390.0,42.468502044677734,320.0,67.0,5.2,0.524410372902649
-84.2500000000001,10.600000000000037,25.956541061401367,8.292250633239746,3390.0,42.468502044677734,320.0,67.0,5.1,0.47968852602710826
-84.2000000000001,10.600000000000037,25.660749435424805,8.041333198547363,3483.0,41.46802520751953,361.0,110.0,5.3,0.8983745950147877
-84.1500000000001,10.600000000000037,25.725250244140625,7.972500324249268,3557.0,39.482425689697266,388.0,81.0,5.3,0.8861237127886346
-84.10000000000011,10.600000000000037,25.725250244140625,7.972500324249268,3557.0,39.482425689697266,388.0,81.0,5.2,0.875358942076969
-84.05000000000011,10.600000000000037,25.81658363342285,7.909999847412109,3684.0,40.68264389038086,397.0,45.0,5.1,0.8008832501617333
-84.00000000000011,10.600000000000037,25.81658363342285,7.909999847412109,3684.0,40.68264389038086,397.0,45.0,5.5,0.7659106649320486
-83.95000000000012,10.600000000000037,25.83329200744629,7.962583541870117,3627.0,37.641658782958984,421.0,34.0,5.4,0.7347246799930349
-83.90000000000012,10.600000000000037,25.876333236694336,7.916666507720947,3583.0,39.14179611206055,408.0,33.0,5.2,0.7325842128474719
-83.85000000000012,10.600000000000037,25.876333236694336,7.916666507720947,3583.0,39.14179611206055,408.0,33.0,5.1,0.702694521675216
-83.80000000000013,10.600000000000037,25.960416793823242,7.71999979019165,3629.0,38.107452392578125,430.0,35.0,5.2,0.7743870839593321
-83.75000000000013,10.600000000000037,25.960416793823242,7.71999979019165,3629.0,38.107452392578125,430.0,35.0,5.5,0.7218746182905716
-83.70000000000013,10.600000000000037,25.98120880126953,7.551249980926514,3656.0,37.59392166137695,446.0,55.0,5.3,0.8373575668458956
-83.65000000000013,10.600000000000037,26.249584197998047,7.493333339691162,3667.0,36.85232162475586,472.0,19.0,5.2,0.5992813382072253
-83.60000000000014,10.600000000000037,26.249584197998047,7.493333339691162,3667.0,36.85232162475586,472.0,19.0,5.5,0.573796215082313
-83.55000000000014,10.600000000000037,26.32819938659668,7.375744342803955,4037.0,38.90349578857422,515.0,16.0,5.4,0.6930338678107266
-83.50000000000014,10.600000000000037,26.32819938659668,7.375744342803955,4037.0,38.90349578857422,515.0,16.0,5.5,0.661462267062764
-85.70000000000002,10.650000000000038,27.293750762939453,9.0,1685.0,102.26573944091797,5.0,40.0,5.5,0.0555834474996951
-85.65000000000002,10.650000000000038,27.21133041381836,9.703557014465332,1680.0,94.72315979003906,9.0,88.0,6.1,0.04511882662766935
-85.60000000000002,10.650000000000038,27.21133041381836,9.703557014465332,1680.0,94.72315979003906,9.0,88.0,6.2,0.04412969704611453
-85.55000000000003,10.650000000000038,27.535541534423828,10.304917335510254,1750.0,88.44609069824219,14.0,70.0,6.1,0.05323099248784177
-85.50000000000003,10.650000000000038,27.535541534423828,10.304917335510254,1750.0,88.44609069824219,14.0,70.0,6.2,0.05253964474122123
-85.45000000000003,10.650000000000038,27.099292755126953,10.228750228881836,1826.0,89.25914001464844,13.0,131.0,6.2,0.061039787343316616
-85.40000000000003,10.650000000000038,26.43837547302246,9.988082885742188,1919.0,87.54039764404297,18.0,212.0,6.3,0.07963063639512491
-85.35000000000004,10.650000000000038,26.43837547302246,9.988082885742188,1919.0,87.54039764404297,18.0,212.0,6.0,0.08532022998344833
-85.30000000000004,10.650000000000038,26.066625595092773,9.777583122253418,1892.0,85.94330596923828,26.0,242.0,6.0,0.12054613515884784
-85.25000000000004,10.650000000000038,26.066625595092773,9.777583122253418,1892.0,85.94330596923828,26.0,242.0,5.9,0.12601093983484613
-85.20000000000005,10.650000000000038,25.659666061401367,9.809165954589844,2033.0,82.34130096435547,45.0,295.0,6.1,0.4338106501368227
-85.15000000000005,10.650000000000038,24.921749114990234,9.448999404907227,2120.0,75.478759765625,79.0,371.0,5.8,0.3333596929872293
-85.10000000000005,10.650000000000038,24.921749114990234,9.448999404907227,2120.0,75.478759765625,79.0,371.0,5.7,0.33010900206691474
-85.05000000000005,10.650000000000038,22.648374557495117,9.138583183288574,2702.0,63.77412414550781,134.0,741.0,5.5,0.9056181598059521
-85.00000000000006,10.650000000000038,22.648374557495117,9.138583183288574,2702.0,63.77412414550781,134.0,741.0,5.4,0.8935549547678788
-84.95000000000006,10.650000000000038,22.06108283996582,8.696666717529297,3435.0,41.13310623168945,338.0,811.0,5.6,0.9206785497276739
-84.90000000000006,10.650000000000038,24.652873992919922,8.827750205993652,3367.0,43.10953903198242,297.0,343.0,5.6,0.6713469690623048
-84.85000000000007,10.650000000000038,24.652873992919922,8.827750205993652,3367.0,43.10953903198242,297.0,343.0,5.5,0.8426833985672093
-84.80000000000007,10.650000000000038,25.435375213623047,8.867916107177734,3228.0,46.25519943237305,258.0,201.0,5.5,0.38920514065678474
-84.75000000000007,10.650000000000038,25.435375213623047,8.867916107177734,3228.0,46.25519943237305,258.0,201.0,5.6,0.2913814865042365
-84.70000000000007,10.650000000000038,25.748624801635742,8.843584060668945,3148.0,48.279964447021484,263.0,137.0,5.6,0.29441319652143727
-84.65000000000008,10.650000000000038,25.637832641601562,8.807332992553711,3187.0,47.894020080566406,270.0,149.0,5.6,0.32891838123356343
-84.60000000000008,10.650000000000038,25.637832641601562,8.807332992553711,3187.0,47.894020080566406,270.0,149.0,5.3,0.3366464299352993
-84.55000000000008,10.650000000000038,25.761499404907227,8.785833358764648,3172.0,47.237518310546875,262.0,122.0,5.3,0.3096604468924351
-84.50000000000009,10.650000000000038,25.761499404907227,8.785833358764648,3172.0,47.237518310546875,262.0,122.0,5.4,0.33687089778572493
-84.45000000000009,10.650000000000038,25.885583877563477,8.65683364868164,3257.0,45.51163101196289,280.0,98.0,5.2,0.30434385804402597
-84.40000000000009,10.650000000000038,25.898208618164062,8.39525032043457,3359.0,43.201446533203125,306.0,84.0,5.2,0.4927551078305811
-84.3500000000001,10.650000000000038,25.898208618164062,8.39525032043457,3359.0,43.201446533203125,306.0,84.0,4.9,0.20995577713559577
-84.3000000000001,10.650000000000038,25.956541061401367,8.292250633239746,3390.0,42.468502044677734,320.0,67.0,5.3,0.5708024533275039
-84.2500000000001,10.650000000000038,25.956541061401367,8.292250633239746,3390.0,42.468502044677734,320.0,67.0,5.1,0.47968852602710826
-84.2000000000001,10.650000000000038,25.660749435424805,8.041333198547363,3483.0,41.46802520751953,361.0,110.0,5.3,0.8983745950147877
-84.1500000000001,10.650000000000038,25.725250244140625,7.972500324249268,3557.0,39.482425689697266,388.0,81.0,5.0,0.5527305064730051
-84.10000000000011,10.650000000000038,25.725250244140625,7.972500324249268,3557.0,39.482425689697266,388.0,81.0,5.0,0.5527305064730051
-84.05000000000011,10.650000000000038,25.81658363342285,7.909999847412109,3684.0,40.68264389038086,397.0,45.0,5.0,0.5543514867035458
-84.00000000000011,10.650000000000038,25.81658363342285,7.909999847412109,3684.0,40.68264389038086,397.0,45.0,5.2,0.82253190145239
-83.95000000000012,10.650000000000038,25.83329200744629,7.962583541870117,3627.0,37.641658782958984,421.0,34.0,5.5,0.6646284120220329
-83.90000000000012,10.650000000000038,25.876333236694336,7.916666507720947,3583.0,39.14179611206055,408.0,33.0,5.4,0.7358465562012135
-83.85000000000012,10.650000000000038,25.876333236694336,7.916666507720947,3583.0,39.14179611206055,408.0,33.0,5.4,0.7358465562012135
-83.80000000000013,10.650000000000038,25.960416793823242,7.71999979019165,3629.0,38.107452392578125,430.0,35.0,5.3,0.789142778573436
-83.75000000000013,10.650000000000038,25.960416793823242,7.71999979019165,3629.0,38.107452392578125,430.0,35.0,5.3,0.789142778573436
-83.70000000000013,10.650000000000038,25.98120880126953,7.551249980926514,3656.0,37.59392166137695,446.0,55.0,5.3,0.8373575668458956
-83.65000000000013,10.650000000000038,26.249584197998047,7.493333339691162,3667.0,36.85232162475586,472.0,19.0,5.3,0.6152380742767999
-83.60000000000014,10.650000000000038,26.249584197998047,7.493333339691162,3667.0,36.85232162475586,472.0,19.0,5.4,0.6126448583410374
-83.55000000000014,10.650000000000038,26.32819938659668,7.375744342803955,4037.0,38.90349578857422,515.0,16.0,5.4,0.6930338678107266
-83.50000000000014,10.650000000000038,26.32819938659668,7.375744342803955,4037.0,38.90349578857422,515.0,16.0,5.5,0.661462267062764
-85.65000000000002,10.700000000000038,26.68242835998535,9.241666793823242,1637.0,95.009765625,8.0,158.0,6.3,0.045086093086508176
-85.60000000000002,10.700000000000038,26.68242835998535,9.241666793823242,1637.0,95.009765625,8.0,158.0,6.3,0.045086093086508176
-85.55000000000003,10.700000000000038,27.160917282104492,9.864832878112793,1726.0,90.9006118774414,8.0,100.0,6.2,0.04845093989208208
-85.50000000000003,10.700000000000038,27.160917282104492,9.864832878112793,1726.0,90.9006118774414,8.0,100.0,6.1,0.04920740809843946
-85.45000000000003,10.700000000000038,26.507583618164062,9.83549976348877,1780.0,89.44425964355469,15.0,192.0,6.2,0.05731862452995081
-85.40000000000003,10.700000000000038,24.947458267211914,9.294750213623047,1864.0,87.23584747314453,25.0,403.0,6.1,0.6015796822422661
-85.35000000000004,10.700000000000038,24.947458267211914,9.294750213623047,1864.0,87.23584747314453,25.0,403.0,6.1,0.6015796822422661
-85.30000000000004,10.700000000000038,23.800291061401367,8.911083221435547,1993.0,79.8701171875,56.0,547.0,6.3,0.7398290729058701
-85.25000000000004,10.700000000000038,23.800291061401367,8.911083221435547,1993.0,79.8701171875,56.0,547.0,5.8,0.7919522272750816
-85.20000000000005,10.700000000000038,23.52808380126953,9.060166358947754,2268.0,71.58844757080078,91.0,585.0,5.8,0.6788079800528782
-85.15000000000005,10.700000000000038,21.03908348083496,8.72683334350586,2766.0,53.48781204223633,189.0,999.0,5.8,0.6685780657022334
-85.10000000000005,10.700000000000038,21.03908348083496,8.72683334350586,2766.0,53.48781204223633,189.0,999.0,5.4,0.9644616474479714
-85.05000000000005,10.700000000000038,22.36341667175293,8.590333938598633,3215.0,45.71927261352539,256.0,757.0,5.4,0.9404596778976821
-85.00000000000006,10.700000000000038,22.36341667175293,8.590333938598633,3215.0,45.71927261352539,256.0,757.0,5.5,0.9407251727610981
-84.95000000000006,10.700000000000038,23.859458923339844,8.701916694641113,3332.0,41.53144073486328,309.0,506.0,5.5,0.923697402809317
-84.90000000000006,10.700000000000038,26.133041381835938,8.932250022888184,3099.0,46.85145568847656,241.0,104.0,5.5,0.13003840992925936
-84.85000000000007,10.700000000000038,26.133041381835938,8.932250022888184,3099.0,46.85145568847656,241.0,104.0,5.3,0.1210161642645774
-84.80000000000007,10.700000000000038,26.279375076293945,8.821916580200195,2992.0,50.54782485961914,228.0,52.0,5.5,0.10320835521274424
-84.75000000000007,10.700000000000038,26.279375076293945,8.821916580200195,2992.0,50.54782485961914,228.0,52.0,5.4,0.10516845162865462
-84.70000000000007,10.700000000000038,26.106666564941406,8.754833221435547,3043.0,50.33384704589844,237.0,70.0,5.4,0.14951487417415404
-84.65000000000008,10.700000000000038,25.888334274291992,8.654666900634766,3110.0,49.78346252441406,238.0,99.0,5.4,0.2693542875116699
-84.60000000000008,10.700000000000038,25.888334274291992,8.654666900634766,3110.0,49.78346252441406,238.0,99.0,5.5,0.26565402897546986
-84.55000000000008,10.700000000000038,25.8956241607666,8.548250198364258,3123.0,48.81031036376953,246.0,89.0,5.3,0.2520321985356558
-84.50000000000009,10.700000000000038,25.8956241607666,8.548250198364258,3123.0,48.81031036376953,246.0,89.0,5.4,0.2691638113795483
-84.45000000000009,10.700000000000038,25.894790649414062,8.447583198547363,3150.0,46.70231246948242,263.0,82.0,5.3,0.28396419790651806
-84.40000000000009,10.700000000000038,25.829750061035156,8.192832946777344,3259.0,44.02447509765625,294.0,85.0,5.1,0.6088935782760364
-84.3500000000001,10.700000000000038,25.829750061035156,8.192832946777344,3259.0,44.02447509765625,294.0,85.0,5.1,0.6088935782760364
-84.3000000000001,10.700000000000038,25.689708709716797,7.918917179107666,3342.0,42.80010986328125,327.0,100.0,5.2,0.864298893917607
-84.2500000000001,10.700000000000038,25.689708709716797,7.918917179107666,3342.0,42.80010986328125,327.0,100.0,5.3,0.8812656883030998
-84.2000000000001,10.700000000000038,25.7189998626709,7.8535003662109375,3426.0,42.15432357788086,353.0,85.0,4.9,0.4145123602393382
-84.1500000000001,10.700000000000038,25.848833084106445,7.822166919708252,3485.0,40.522098541259766,380.0,48.0,5.1,0.6903580819758564
-84.10000000000011,10.700000000000038,25.848833084106445,7.822166919708252,3485.0,40.522098541259766,380.0,48.0,4.9,0.37381575008049106
-84.05000000000011,10.700000000000038,25.794208526611328,7.718250751495361,3558.0,40.434688568115234,390.0,44.0,5.3,0.7905804925802967
-84.00000000000011,10.700000000000038,25.794208526611328,7.718250751495361,3558.0,40.434688568115234,390.0,44.0,5.0,0.517429569415919
-83.95000000000012,10.700000000000038,25.763166427612305,7.64466667175293,3646.0,39.05234146118164,406.0,34.0,5.0,0.5135433814563941
-83.90000000000012,10.700000000000038,25.811458587646484,7.537583351135254,3619.0,38.450199127197266,423.0,30.0,5.1,0.7661225326903033
-83.85000000000012,10.700000000000038,25.811458587646484,7.537583351135254,3619.0,38.450199127197266,423.0,30.0,5.2,0.7885086831597478
-83.80000000000013,10.700000000000038,26.005290985107422,7.457917213439941,3645.0,39.07612228393555,423.0,22.0,5.4,0.656077397123684
-83.75000000000013,10.700000000000038,26.005290985107422,7.457917213439941,3645.0,39.07612228393555,423.0,22.0,5.4,0.656077397123684
-83.70000000000013,10.700000000000038,26.187833786010742,7.3354997634887695,3681.0,38.636863708496094,445.0,15.0,5.4,0.7219692699315831
-83.65000000000013,10.700000000000038,26.311874389648438,7.230916500091553,3768.0,38.69631576538086,456.0,17.0,5.1,0.7151410887761369
-83.60000000000014,10.700000000000038,26.311874389648438,7.230916500091553,3768.0,38.69631576538086,456.0,17.0,5.5,0.6875988853606417
-83.55000000000014,10.700000000000038,26.36967658996582,7.138425827026367,4288.0,42.087223052978516,493.0,13.0,5.5,0.7074246244260235
-83.50000000000014,10.700000000000038,26.36967658996582,7.138425827026367,4288.0,42.087223052978516,493.0,13.0,5.5,0.7074246244260235
-85.80000000000001,10.750000000000039,26.600833892822266,8.499444007873535,1640.0,94.1111068725586,9.0,144.0,5.5,0.05600584653084562
-85.75000000000001,10.750000000000039,26.600833892822266,8.499444007873535,1640.0,94.1111068725586,9.0,144.0,5.5,0.05600584653084562
-85.70000000000002,10.750000000000039,26.878408432006836,8.793182373046875,1651.0,93.68289184570312,7.0,113.0,5.5,0.04563381347479986
-85.65000000000002,10.750000000000039,26.441410064697266,8.797938346862793,1663.0,94.71824645996094,9.0,186.0,6.2,0.06026161851817122
-85.60000000000002,10.750000000000039,26.441410064697266,8.797938346862793,1663.0,94.71824645996094,9.0,186.0,6.3,0.05949853818959539
-85.55000000000003,10.750000000000039,26.801624298095703,9.110583305358887,1742.0,91.5627670288086,12.0,126.0,6.3,0.05494692107036722
-85.50000000000003,10.750000000000039,26.801624298095703,9.110583305358887,1742.0,91.5627670288086,12.0,126.0,6.2,0.05610008368563588
-85.45000000000003,10.750000000000039,25.210832595825195,9.097833633422852,1823.0,87.47465515136719,22.0,354.0,5.9,0.21806184777941387
-85.40000000000003,10.750000000000039,21.608041763305664,8.805749893188477,2171.0,78.79798126220703,61.0,928.0,6.0,0.8988161483452524
-85.35000000000004,10.750000000000039,21.608041763305664,8.805749893188477,2171.0,78.79798126220703,61.0,928.0,6.1,0.8939668236074524
-85.30000000000004,10.750000000000039,20.78787612915039,8.435250282287598,2833.0,48.149723052978516,223.0,1045.0,6.0,0.5808165942351052
-85.25000000000004,10.750000000000039,20.78787612915039,8.435250282287598,2833.0,48.149723052978516,223.0,1045.0,5.7,0.8803218997149873
-85.20000000000005,10.750000000000039,23.864707946777344,8.541749954223633,2969.0,48.74717330932617,199.0,511.0,5.9,0.5102594120086956
-85.15000000000005,10.750000000000039,22.176332473754883,8.494333267211914,3142.0,45.347381591796875,256.0,812.0,5.6,0.9132213444142779
-85.10000000000005,10.750000000000039,22.176332473754883,8.494333267211914,3142.0,45.347381591796875,256.0,812.0,5.6,0.9132213444142779
-85.05000000000005,10.750000000000039,25.07029151916504,8.506250381469727,3138.0,45.06538009643555,247.0,293.0,5.4,0.7762741768760757
-85.00000000000006,10.750000000000039,25.07029151916504,8.506250381469727,3138.0,45.06538009643555,247.0,293.0,5.5,0.7949505658036286
-84.95000000000006,10.750000000000039,25.759958267211914,8.647916793823242,3031.0,46.648773193359375,231.0,183.0,5.5,0.4089443523740518
-84.90000000000006,10.750000000000039,26.27370834350586,8.669083595275879,2940.0,48.476200103759766,226.0,75.0,5.4,0.103884176571874
-84.85000000000007,10.750000000000039,26.27370834350586,8.669083595275879,2940.0,48.476200103759766,226.0,75.0,5.4,0.103884176571874
-84.80000000000007,10.750000000000039,26.31337547302246,8.50374984741211,2920.0,49.305816650390625,221.0,45.0,5.3,0.09178513289337026
-84.75000000000007,10.750000000000039,26.31337547302246,8.50374984741211,2920.0,49.305816650390625,221.0,45.0,5.4,0.096124242353448
-84.70000000000007,10.750000000000039,26.20025062561035,8.597000122070312,2921.0,50.55679702758789,222.0,51.0,5.5,0.10460677085894157
-84.65000000000008,10.750000000000039,26.010250091552734,8.541000366210938,2974.0,48.87368392944336,230.0,77.0,5.5,0.206340908637279
-84.60000000000008,10.750000000000039,26.010250091552734,8.541000366210938,2974.0,48.87368392944336,230.0,77.0,5.4,0.21205144489860975
-84.55000000000008,10.750000000000039,25.974166870117188,8.383832931518555,3030.0,47.822654724121094,236.0,70.0,5.4,0.23210620571499194
-84.50000000000009,10.750000000000039,25.974166870117188,8.383832931518555,3030.0,47.822654724121094,236.0,70.0,5.3,0.21927005930107363
-84.45000000000009,10.750000000000039,25.92449951171875,8.258500099182129,3100.0,46.95924377441406,247.0,68.0,5.2,0.24658578369910053
-84.40000000000009,10.750000000000039,25.868541717529297,8.068583488464355,3186.0,45.86590576171875,268.0,71.0,5.2,0.41037251366239835
-84.3500000000001,10.750000000000039,25.868541717529297,8.068583488464355,3186.0,45.86590576171875,268.0,71.0,5.1,0.3598948773274478
-84.3000000000001,10.750000000000039,25.57695770263672,7.750916481018066,3264.0,43.4758415222168,310.0,118.0,5.2,0.8589139863247772
-84.2500000000001,10.750000000000039,25.57695770263672,7.750916481018066,3264.0,43.4758415222168,310.0,118.0,5.4,0.8796527920271954
-84.2000000000001,10.750000000000039,25.6961669921875,7.628333568572998,3339.0,42.6856575012207,333.0,86.0,5.2,0.8716968453366412
-84.1500000000001,10.750000000000039,25.812583923339844,7.5886664390563965,3414.0,42.54305648803711,352.0,52.0,5.2,0.7611756078145918
-84.10000000000011,10.750000000000039,25.812583923339844,7.5886664390563965,3414.0,42.54305648803711,352.0,52.0,5.1,0.7329405476986214
-84.05000000000011,10.750000000000039,25.79920768737793,7.523250102996826,3450.0,41.72567367553711,364.0,43.0,5.1,0.6678047333820546
-84.00000000000011,10.750000000000039,25.79920768737793,7.523250102996826,3450.0,41.72567367553711,364.0,43.0,5.1,0.6678047333820546
-83.95000000000012,10.750000000000039,25.420833587646484,7.377166748046875,3499.0,41.353675842285156,379.0,119.0,5.0,0.7638437158916157
-83.90000000000012,10.750000000000039,25.520999908447266,7.2920002937316895,3557.0,40.5495491027832,401.0,105.0,5.2,0.924232759436902
-83.85000000000012,10.750000000000039,25.520999908447266,7.2920002937316895,3557.0,40.5495491027832,401.0,105.0,5.2,0.924232759436902
-83.80000000000013,10.750000000000039,25.974416732788086,7.248000144958496,3618.0,41.74235916137695,404.0,33.0,5.2,0.7315544552360393
-83.75000000000013,10.750000000000039,25.974416732788086,7.248000144958496,3618.0,41.74235916137695,404.0,33.0,5.3,0.746080191530197
-83.70000000000013,10.750000000000039,26.180665969848633,7.237166881561279,3672.0,40.25333023071289,431.0,23.0,5.5,0.6941192536850148
-83.65000000000013,10.750000000000039,26.349456787109375,7.06467342376709,4005.0,40.629554748535156,458.0,15.0,5.5,0.7230024765180588
-83.60000000000014,10.750000000000039,26.349456787109375,7.06467342376709,4005.0,40.629554748535156,458.0,15.0,5.5,0.7230024765180588
-83.55000000000014,10.750000000000039,26.420833587646484,7.024999618530273,4496.0,48.45722198486328,471.0,4.0,5.5,0.5136326698715324
-83.50000000000014,10.750000000000039,26.420833587646484,7.024999618530273,4496.0,48.45722198486328,471.0,4.0,5.5,0.5136326698715324
-85.80000000000001,10.80000000000004,26.600833892822266,8.499444007873535,1640.0,94.1111068725586,9.0,144.0,5.5,0.05600584653084562
-85.75000000000001,10.80000000000004,26.600833892822266,8.499444007873535,1640.0,94.1111068725586,9.0,144.0,5.5,0.05600584653084562
-85.70000000000002,10.80000000000004,26.878408432006836,8.793182373046875,1651.0,93.68289184570312,7.0,113.0,5.5,0.04563381347479986
-85.65000000000002,10.80000000000004,26.441410064697266,8.797938346862793,1663.0,94.71824645996094,9.0,186.0,6.3,0.05949853818959539
-85.60000000000002,10.80000000000004,26.441410064697266,8.797938346862793,1663.0,94.71824645996094,9.0,186.0,6.2,0.06026161851817122
-85.55000000000003,10.80000000000004,26.801624298095703,9.110583305358887,1742.0,91.5627670288086,12.0,126.0,6.3,0.05494692107036722
-85.50000000000003,10.80000000000004,26.801624298095703,9.110583305358887,1742.0,91.5627670288086,12.0,126.0,6.2,0.05610008368563588
-85.45000000000003,10.80000000000004,25.210832595825195,9.097833633422852,1823.0,87.47465515136719,22.0,354.0,6.1,0.22439734915852172
-85.40000000000003,10.80000000000004,21.608041763305664,8.805749893188477,2171.0,78.79798126220703,61.0,928.0,5.8,0.9175234851914348
-85.35000000000004,10.80000000000004,21.608041763305664,8.805749893188477,2171.0,78.79798126220703,61.0,928.0,5.9,0.9026882699303074
-85.30000000000004,10.80000000000004,20.78787612915039,8.435250282287598,2833.0,48.149723052978516,223.0,1045.0,5.4,0.9655547019276148
-85.25000000000004,10.80000000000004,20.78787612915039,8.435250282287598,2833.0,48.149723052978516,223.0,1045.0,5.5,0.9647439094192716
-85.20000000000005,10.80000000000004,23.864707946777344,8.541749954223633,2969.0,48.74717330932617,199.0,511.0,5.5,0.9135182469290747
-85.15000000000005,10.80000000000004,22.176332473754883,8.494333267211914,3142.0,45.347381591796875,256.0,812.0,5.5,0.9441368461837014
-85.10000000000005,10.80000000000004,22.176332473754883,8.494333267211914,3142.0,45.347381591796875,256.0,812.0,5.6,0.9132213444142779
-85.05000000000005,10.80000000000004,25.07029151916504,8.506250381469727,3138.0,45.06538009643555,247.0,293.0,5.4,0.7762741768760757
-85.00000000000006,10.80000000000004,25.07029151916504,8.506250381469727,3138.0,45.06538009643555,247.0,293.0,5.6,0.583649740823044
-84.95000000000006,10.80000000000004,25.759958267211914,8.647916793823242,3031.0,46.648773193359375,231.0,183.0,5.5,0.4089443523740518
-84.90000000000006,10.80000000000004,26.27370834350586,8.669083595275879,2940.0,48.476200103759766,226.0,75.0,5.4,0.103884176571874
-84.85000000000007,10.80000000000004,26.27370834350586,8.669083595275879,2940.0,48.476200103759766,226.0,75.0,5.3,0.0971865295956341
-84.80000000000007,10.80000000000004,26.31337547302246,8.50374984741211,2920.0,49.305816650390625,221.0,45.0,5.3,0.09178513289337026
-84.75000000000007,10.80000000000004,26.31337547302246,8.50374984741211,2920.0,49.305816650390625,221.0,45.0,5.4,0.096124242353448
-84.70000000000007,10.80000000000004,26.20025062561035,8.597000122070312,2921.0,50.55679702758789,222.0,51.0,5.4,0.10607057137646214
-84.65000000000008,10.80000000000004,26.010250091552734,8.541000366210938,2974.0,48.87368392944336,230.0,77.0,5.3,0.19882999770132975
-84.60000000000008,10.80000000000004,26.010250091552734,8.541000366210938,2974.0,48.87368392944336,230.0,77.0,5.3,0.19882999770132975
-84.55000000000008,10.80000000000004,25.974166870117188,8.383832931518555,3030.0,47.822654724121094,236.0,70.0,5.3,0.21927005930107363
-84.50000000000009,10.80000000000004,25.974166870117188,8.383832931518555,3030.0,47.822654724121094,236.0,70.0,5.3,0.21927005930107363
-84.45000000000009,10.80000000000004,25.92449951171875,8.258500099182129,3100.0,46.95924377441406,247.0,68.0,5.2,0.24658578369910053
-84.40000000000009,10.80000000000004,25.868541717529297,8.068583488464355,3186.0,45.86590576171875,268.0,71.0,5.3,0.46119128632307677
-84.3500000000001,10.80000000000004,25.868541717529297,8.068583488464355,3186.0,45.86590576171875,268.0,71.0,5.3,0.46119128632307677
-84.3000000000001,10.80000000000004,25.57695770263672,7.750916481018066,3264.0,43.4758415222168,310.0,118.0,5.1,0.8431762930726132
-84.2500000000001,10.80000000000004,25.57695770263672,7.750916481018066,3264.0,43.4758415222168,310.0,118.0,5.4,0.8796527920271954
-84.2000000000001,10.80000000000004,25.6961669921875,7.628333568572998,3339.0,42.6856575012207,333.0,86.0,5.1,0.8530511650876335
-84.1500000000001,10.80000000000004,25.812583923339844,7.5886664390563965,3414.0,42.54305648803711,352.0,52.0,5.3,0.7867084730653293
-84.10000000000011,10.80000000000004,25.812583923339844,7.5886664390563965,3414.0,42.54305648803711,352.0,52.0,5.2,0.7611756078145918
-84.05000000000011,10.80000000000004,25.79920768737793,7.523250102996826,3450.0,41.72567367553711,364.0,43.0,5.2,0.6989595451116484
-84.00000000000011,10.80000000000004,25.79920768737793,7.523250102996826,3450.0,41.72567367553711,364.0,43.0,5.2,0.6989595451116484
-83.95000000000012,10.80000000000004,25.420833587646484,7.377166748046875,3499.0,41.353675842285156,379.0,119.0,5.3,0.9244744898307858
-83.90000000000012,10.80000000000004,25.520999908447266,7.2920002937316895,3557.0,40.5495491027832,401.0,105.0,5.3,0.9283062330917233
-83.85000000000012,10.80000000000004,25.520999908447266,7.2920002937316895,3557.0,40.5495491027832,401.0,105.0,5.3,0.9283062330917233
-83.80000000000013,10.80000000000004,25.974416732788086,7.248000144958496,3618.0,41.74235916137695,404.0,33.0,5.4,0.7406857655556844
-83.75000000000013,10.80000000000004,25.974416732788086,7.248000144958496,3618.0,41.74235916137695,404.0,33.0,5.3,0.746080191530197
-83.70000000000013,10.80000000000004,26.180665969848633,7.237166881561279,3672.0,40.25333023071289,431.0,23.0,5.4,0.736882966300724
-83.65000000000013,10.80000000000004,26.349456787109375,7.06467342376709,4005.0,40.629554748535156,458.0,15.0,5.2,0.7758144253020353
-83.60000000000014,10.80000000000004,26.349456787109375,7.06467342376709,4005.0,40.629554748535156,458.0,15.0,5.3,0.7822350953059299
-83.55000000000014,10.80000000000004,26.420833587646484,7.024999618530273,4496.0,48.45722198486328,471.0,4.0,5.5,0.5136326698715324
-83.50000000000014,10.80000000000004,26.420833587646484,7.024999618530273,4496.0,48.45722198486328,471.0,4.0,5.5,0.5136326698715324
-86.0,10.85000000000004,27.310714721679688,7.540475845336914,1643.0,96.91753387451172,5.0,23.0,5.5,0.041460735811691865
-85.95,10.85000000000004,27.310714721679688,7.540475845336914,1643.0,96.91753387451172,5.0,23.0,5.5,0.041460735811691865
-85.9,10.85000000000004,25.795425415039062,7.961764812469482,1615.0,94.45896911621094,8.0,245.0,5.5,0.1065829143773528
-85.85000000000001,10.85000000000004,25.795425415039062,7.961764812469482,1615.0,94.45896911621094,8.0,245.0,5.5,0.1065829143773528
-85.80000000000001,10.85000000000004,26.52069091796875,8.304072380065918,1630.0,93.88993835449219,8.0,144.0,5.5,0.06076979613623175
-85.75000000000001,10.85000000000004,26.52069091796875,8.304072380065918,1630.0,93.88993835449219,8.0,144.0,6.2,0.06394367437509077
-85.70000000000002,10.85000000000004,26.2723331451416,8.651166915893555,1665.0,93.18980407714844,11.0,210.0,6.2,0.06432345765326034
-85.65000000000002,10.85000000000004,25.989042282104492,8.768416404724121,1685.0,91.74995422363281,14.0,254.0,6.2,0.08274945152847887
-85.60000000000002,10.85000000000004,25.989042282104492,8.768416404724121,1685.0,91.74995422363281,14.0,254.0,6.2,0.08274945152847887
-85.55000000000003,10.85000000000004,26.004667282104492,8.686166763305664,1786.0,87.7431640625,19.0,230.0,6.5,0.09401716724905501
-85.50000000000003,10.85000000000004,26.004667282104492,8.686166763305664,1786.0,87.7431640625,19.0,230.0,6.1,0.11252701237934486
-85.45000000000003,10.85000000000004,23.4581241607666,8.410750389099121,2139.0,69.69548797607422,84.0,602.0,6.0,0.6300463203470987
-85.40000000000003,10.85000000000004,22.44212532043457,8.279582977294922,2897.0,48.15553665161133,205.0,758.0,5.9,0.6750895976356478
-85.35000000000004,10.85000000000004,22.44212532043457,8.279582977294922,2897.0,48.15553665161133,205.0,758.0,5.4,0.9599024939766823
-85.30000000000004,10.85000000000004,23.226791381835938,8.150416374206543,3208.0,41.998268127441406,308.0,615.0,5.8,0.8892728789206477
-85.25000000000004,10.85000000000004,23.226791381835938,8.150416374206543,3208.0,41.998268127441406,308.0,615.0,5.5,0.9622057469862982
-85.20000000000005,10.85000000000004,25.419334411621094,8.25666618347168,3100.0,44.73894119262695,250.0,247.0,5.3,0.8151132986293796
-85.15000000000005,10.85000000000004,26.00320816040039,8.374917030334473,2847.0,49.49355697631836,201.0,152.0,5.5,0.2929672503209746
-85.10000000000005,10.85000000000004,26.00320816040039,8.374917030334473,2847.0,49.49355697631836,201.0,152.0,5.4,0.29626617486481266
-85.05000000000005,10.85000000000004,26.463125228881836,8.496749877929688,2734.0,52.681636810302734,181.0,74.0,5.3,0.08777649067532735
-85.00000000000006,10.85000000000004,26.463125228881836,8.496749877929688,2734.0,52.681636810302734,181.0,74.0,5.5,0.0873236570433059
-84.95000000000006,10.85000000000004,26.481708526611328,8.539583206176758,2766.0,52.109527587890625,189.0,58.0,5.4,0.09322410990623857
-84.90000000000006,10.85000000000004,26.38187599182129,8.468416213989258,2799.0,52.15203857421875,192.0,48.0,5.5,0.08831339638815673
-84.85000000000007,10.85000000000004,26.38187599182129,8.468416213989258,2799.0,52.15203857421875,192.0,48.0,5.4,0.0891759319082314
-84.80000000000007,10.85000000000004,26.308542251586914,8.30441665649414,2890.0,51.4879150390625,208.0,43.0,5.2,0.10581611231273232
-84.75000000000007,10.85000000000004,26.308542251586914,8.30441665649414,2890.0,51.4879150390625,208.0,43.0,5.2,0.10581611231273232
-84.70000000000007,10.85000000000004,26.19295883178711,8.334583282470703,2853.0,51.174678802490234,207.0,47.0,5.3,0.12148528658516952
-84.65000000000008,10.85000000000004,26.119125366210938,8.389583587646484,2874.0,49.231224060058594,222.0,54.0,5.4,0.12052037313002284
-84.60000000000008,10.85000000000004,26.119125366210938,8.389583587646484,2874.0,49.231224060058594,222.0,54.0,5.4,0.12052037313002284
-84.55000000000008,10.85000000000004,26.05437469482422,8.263416290283203,2963.0,47.70138931274414,236.0,52.0,5.3,0.20460249249418003
-84.50000000000009,10.85000000000004,26.05437469482422,8.263416290283203,2963.0,47.70138931274414,236.0,52.0,5.4,0.21467670322464627
-84.45000000000009,10.85000000000004,26.000749588012695,8.150333404541016,3054.0,47.283077239990234,249.0,48.0,5.3,0.2479520280362221
-84.40000000000009,10.85000000000004,25.885957717895508,7.8667497634887695,3191.0,46.02692794799805,270.0,58.0,5.4,0.4927928895656279
-84.3500000000001,10.85000000000004,25.885957717895508,7.8667497634887695,3191.0,46.02692794799805,270.0,58.0,5.1,0.43333391514160347
-84.3000000000001,10.85000000000004,25.53583335876465,7.536499500274658,3318.0,44.26755905151367,305.0,122.0,5.3,0.8711569339148203
-84.2500000000001,10.85000000000004,25.53583335876465,7.536499500274658,3318.0,44.26755905151367,305.0,122.0,5.3,0.8711569339148203
-84.2000000000001,10.85000000000004,25.454208374023438,7.422750473022461,3398.0,43.045902252197266,334.0,131.0,5.2,0.9190926735936091
-84.1500000000001,10.85000000000004,25.431917190551758,7.383333206176758,3463.0,42.366966247558594,356.0,129.0,5.2,0.9266617920554304
-84.10000000000011,10.85000000000004,25.431917190551758,7.383333206176758,3463.0,42.366966247558594,356.0,129.0,5.2,0.9266617920554304
-84.05000000000011,10.85000000000004,25.656208038330078,7.3717498779296875,3469.0,43.19697570800781,351.0,77.0,5.2,0.8836400692603816
-84.00000000000011,10.85000000000004,25.656208038330078,7.3717498779296875,3469.0,43.19697570800781,351.0,77.0,5.2,0.8836400692603816
-83.95000000000012,10.85000000000004,25.44304084777832,7.257750034332275,3535.0,42.33916473388672,380.0,124.0,5.2,0.9349670128673889
-83.90000000000012,10.85000000000004,25.741416931152344,7.196000099182129,3550.0,42.395973205566406,371.0,69.0,5.1,0.884820193027989
-83.85000000000012,10.85000000000004,25.741416931152344,7.196000099182129,3550.0,42.395973205566406,371.0,69.0,5.3,0.9041108420276823
-83.80000000000013,10.85000000000004,26.082500457763672,7.169166564941406,3599.0,42.62286376953125,392.0,27.0,5.2,0.6622209471865698
-83.75000000000013,10.85000000000004,26.082500457763672,7.169166564941406,3599.0,42.62286376953125,392.0,27.0,5.3,0.6792058107405783
-83.70000000000013,10.85000000000004,26.292499542236328,7.098666667938232,3793.0,42.097145080566406,420.0,15.0,5.3,0.6995289876598878
-83.65000000000013,10.85000000000004,26.34884262084961,6.977314472198486,4086.0,43.256385803222656,417.0,17.0,5.5,0.6561426645465608
-83.60000000000014,10.85000000000004,26.34884262084961,6.977314472198486,4086.0,43.256385803222656,417.0,17.0,5.5,0.6561426645465608
-86.0,10.900000000000041,27.310714721679688,7.540475845336914,1643.0,96.91753387451172,5.0,23.0,5.5,0.041460735811691865
-85.95,10.900000000000041,27.310714721679688,7.540475845336914,1643.0,96.91753387451172,5.0,23.0,5.5,0.041460735811691865
-85.9,10.900000000000041,25.795425415039062,7.961764812469482,1615.0,94.45896911621094,8.0,245.0,6.1,0.09537433436312688
-85.85000000000001,10.900000000000041,25.795425415039062,7.961764812469482,1615.0,94.45896911621094,8.0,245.0,6.0,0.09521527240601953
-85.80000000000001,10.900000000000041,26.52069091796875,8.304072380065918,1630.0,93.88993835449219,8.0,144.0,6.2,0.06394367437509077
-85.75000000000001,10.900000000000041,26.52069091796875,8.304072380065918,1630.0,93.88993835449219,8.0,144.0,6.2,0.06394367437509077
-85.70000000000002,10.900000000000041,26.2723331451416,8.651166915893555,1665.0,93.18980407714844,11.0,210.0,6.2,0.06432345765326034
-85.65000000000002,10.900000000000041,25.989042282104492,8.768416404724121,1685.0,91.74995422363281,14.0,254.0,6.1,0.08612598730123386
-85.60000000000002,10.900000000000041,25.989042282104492,8.768416404724121,1685.0,91.74995422363281,14.0,254.0,6.1,0.08612598730123386
-85.55000000000003,10.900000000000041,26.004667282104492,8.686166763305664,1786.0,87.7431640625,19.0,230.0,6.1,0.11252701237934486
-85.50000000000003,10.900000000000041,26.004667282104492,8.686166763305664,1786.0,87.7431640625,19.0,230.0,5.9,0.11139378882175377
-85.45000000000003,10.900000000000041,23.4581241607666,8.410750389099121,2139.0,69.69548797607422,84.0,602.0,5.8,0.6849003147349381
-85.40000000000003,10.900000000000041,22.44212532043457,8.279582977294922,2897.0,48.15553665161133,205.0,758.0,5.4,0.9599024939766823
-85.35000000000004,10.900000000000041,22.44212532043457,8.279582977294922,2897.0,48.15553665161133,205.0,758.0,5.4,0.9599024939766823
-85.30000000000004,10.900000000000041,23.226791381835938,8.150416374206543,3208.0,41.998268127441406,308.0,615.0,5.2,0.9624759889291239
-85.25000000000004,10.900000000000041,23.226791381835938,8.150416374206543,3208.0,41.998268127441406,308.0,615.0,5.2,0.9624759889291239
-85.20000000000005,10.900000000000041,25.419334411621094,8.25666618347168,3100.0,44.73894119262695,250.0,247.0,6.0,0.4614377176022241
-85.15000000000005,10.900000000000041,26.00320816040039,8.374917030334473,2847.0,49.49355697631836,201.0,152.0,5.5,0.2929672503209746
-85.10000000000005,10.900000000000041,26.00320816040039,8.374917030334473,2847.0,49.49355697631836,201.0,152.0,5.3,0.2791739886605328
-85.05000000000005,10.900000000000041,26.463125228881836,8.496749877929688,2734.0,52.681636810302734,181.0,74.0,5.3,0.08777649067532735
-85.00000000000006,10.900000000000041,26.463125228881836,8.496749877929688,2734.0,52.681636810302734,181.0,74.0,5.5,0.0873236570433059
-84.95000000000006,10.900000000000041,26.481708526611328,8.539583206176758,2766.0,52.109527587890625,189.0,58.0,5.4,0.09322410990623857
-84.90000000000006,10.900000000000041,26.38187599182129,8.468416213989258,2799.0,52.15203857421875,192.0,48.0,5.4,0.0891759319082314
-84.85000000000007,10.900000000000041,26.38187599182129,8.468416213989258,2799.0,52.15203857421875,192.0,48.0,5.3,0.0858121757998277
-84.80000000000007,10.900000000000041,26.308542251586914,8.30441665649414,2890.0,51.4879150390625,208.0,43.0,5.3,0.11751778083019493
-84.75000000000007,10.900000000000041,26.308542251586914,8.30441665649414,2890.0,51.4879150390625,208.0,43.0,5.3,0.11751778083019493
-84.70000000000007,10.900000000000041,26.19295883178711,8.334583282470703,2853.0,51.174678802490234,207.0,47.0,5.3,0.12148528658516952
-84.65000000000008,10.900000000000041,26.119125366210938,8.389583587646484,2874.0,49.231224060058594,222.0,54.0,5.5,0.11658404601494744
-84.60000000000008,10.900000000000041,26.119125366210938,8.389583587646484,2874.0,49.231224060058594,222.0,54.0,5.2,0.1003272194679876
-84.55000000000008,10.900000000000041,26.05437469482422,8.263416290283203,2963.0,47.70138931274414,236.0,52.0,5.4,0.21467670322464627
-84.50000000000009,10.900000000000041,26.05437469482422,8.263416290283203,2963.0,47.70138931274414,236.0,52.0,5.1,0.1649426933026346
-84.45000000000009,10.900000000000041,26.000749588012695,8.150333404541016,3054.0,47.283077239990234,249.0,48.0,5.5,0.25253154160817853
-84.40000000000009,10.900000000000041,25.885957717895508,7.8667497634887695,3191.0,46.02692794799805,270.0,58.0,5.3,0.5079642346852611
-84.3500000000001,10.900000000000041,25.885957717895508,7.8667497634887695,3191.0,46.02692794799805,270.0,58.0,5.1,0.43333391514160347
-84.3000000000001,10.900000000000041,25.53583335876465,7.536499500274658,3318.0,44.26755905151367,305.0,122.0,5.3,0.8711569339148203
-84.2500000000001,10.900000000000041,25.53583335876465,7.536499500274658,3318.0,44.26755905151367,305.0,122.0,5.3,0.8711569339148203
-84.2000000000001,10.900000000000041,25.454208374023438,7.422750473022461,3398.0,43.045902252197266,334.0,131.0,5.2,0.9190926735936091
-84.1500000000001,10.900000000000041,25.431917190551758,7.383333206176758,3463.0,42.366966247558594,356.0,129.0,5.3,0.9320324794100145
-84.10000000000011,10.900000000000041,25.431917190551758,7.383333206176758,3463.0,42.366966247558594,356.0,129.0,5.4,0.9333586366920072
-84.05000000000011,10.900000000000041,25.656208038330078,7.3717498779296875,3469.0,43.19697570800781,351.0,77.0,5.1,0.8698563714553427
-84.00000000000011,10.900000000000041,25.656208038330078,7.3717498779296875,3469.0,43.19697570800781,351.0,77.0,5.3,0.8938783116211073
-83.95000000000012,10.900000000000041,25.44304084777832,7.257750034332275,3535.0,42.33916473388672,380.0,124.0,5.4,0.9399357511132813
-83.90000000000012,10.900000000000041,25.741416931152344,7.196000099182129,3550.0,42.395973205566406,371.0,69.0,5.4,0.9022716961231996
-83.85000000000012,10.900000000000041,25.741416931152344,7.196000099182129,3550.0,42.395973205566406,371.0,69.0,5.3,0.9041108420276823
-83.80000000000013,10.900000000000041,26.082500457763672,7.169166564941406,3599.0,42.62286376953125,392.0,27.0,5.4,0.6768268552484624
-83.75000000000013,10.900000000000041,26.082500457763672,7.169166564941406,3599.0,42.62286376953125,392.0,27.0,5.6,0.5891018544814024
-83.70000000000013,10.900000000000041,26.292499542236328,7.098666667938232,3793.0,42.097145080566406,420.0,15.0,5.5,0.6579981959159676
-83.65000000000013,10.900000000000041,26.34884262084961,6.977314472198486,4086.0,43.256385803222656,417.0,17.0,5.6,0.6174745066440167
-83.60000000000014,10.900000000000041,26.34884262084961,6.977314472198486,4086.0,43.256385803222656,417.0,17.0,5.5,0.6561426645465608
-85.9,10.950000000000042,26.739322662353516,7.7286458015441895,1691.0,101.909423828125,5.0,66.0,5.5,0.06161083574661796
-85.85000000000001,10.950000000000042,26.739322662353516,7.7286458015441895,1691.0,101.909423828125,5.0,66.0,5.5,0.06161083574661796
-85.80000000000001,10.950000000000042,26.78499984741211,7.797999382019043,1727.0,101.14612579345703,7.0,67.0,5.5,0.0671373624863379
-85.75000000000001,10.950000000000042,26.78499984741211,7.797999382019043,1727.0,101.14612579345703,7.0,67.0,5.5,0.0671373624863379
-85.70000000000002,10.950000000000042,26.836288452148438,7.85439395904541,1662.0,94.39949798583984,7.0,60.0,5.5,0.04864064567478092
-85.65000000000002,10.950000000000042,26.116458892822266,8.25291633605957,1678.0,90.16192626953125,15.0,208.0,6.2,0.07819401889896184
-85.60000000000002,10.950000000000042,26.116458892822266,8.25291633605957,1678.0,90.16192626953125,15.0,208.0,6.2,0.07819401889896184
-85.55000000000003,10.950000000000042,25.2120418548584,8.376749992370605,1852.0,82.35647583007812,23.0,345.0,6.1,0.33153966072701413
-85.50000000000003,10.950000000000042,25.2120418548584,8.376749992370605,1852.0,82.35647583007812,23.0,345.0,5.8,0.3054381704460951
-85.45000000000003,10.950000000000042,21.71495819091797,8.094083786010742,2661.0,52.739559173583984,166.0,890.0,5.6,0.9537087078690165
-85.40000000000003,10.950000000000042,24.027957916259766,7.971416473388672,3072.0,43.97090530395508,263.0,481.0,5.3,0.9430109794046614
-85.35000000000004,10.950000000000042,24.027957916259766,7.971416473388672,3072.0,43.97090530395508,263.0,481.0,5.2,0.9344110633776029
-85.30000000000004,10.950000000000042,25.270708084106445,7.961916923522949,2957.0,44.74192810058594,238.0,267.0,5.2,0.801124341322599
-85.25000000000004,10.950000000000042,25.270708084106445,7.961916923522949,2957.0,44.74192810058594,238.0,267.0,5.4,0.8466836280406216
-85.20000000000005,10.950000000000042,26.29141616821289,8.151166915893555,2884.0,46.96494674682617,208.0,95.0,5.4,0.1527879544570399
-85.15000000000005,10.950000000000042,26.527666091918945,8.276834487915039,2707.0,51.65444564819336,168.0,52.0,5.6,0.09570831661913959
-85.10000000000005,10.950000000000042,26.527666091918945,8.276834487915039,2707.0,51.65444564819336,168.0,52.0,5.7,0.10056316857359605
-85.05000000000005,10.950000000000042,26.53274917602539,8.280500411987305,2709.0,52.32841110229492,177.0,44.0,5.6,0.09782851618698074
-85.00000000000006,10.950000000000042,26.53274917602539,8.280500411987305,2709.0,52.32841110229492,177.0,44.0,5.6,0.09782851618698074
-84.95000000000006,10.950000000000042,26.450708389282227,8.241250038146973,2740.0,50.56715393066406,195.0,39.0,5.6,0.1007597364264398
-84.90000000000006,10.950000000000042,26.336124420166016,8.17841625213623,2713.0,52.29487991333008,186.0,36.0,5.5,0.10225454582924691
-84.85000000000007,10.950000000000042,26.336124420166016,8.17841625213623,2713.0,52.29487991333008,186.0,36.0,5.6,0.10597301156739723
-84.80000000000007,10.950000000000042,26.280874252319336,8.252582550048828,2749.0,53.0496711730957,180.0,42.0,5.6,0.10782079444881831
-84.75000000000007,10.950000000000042,26.280874252319336,8.252582550048828,2749.0,53.0496711730957,180.0,42.0,5.3,0.10443499320475494
-84.70000000000007,10.950000000000042,26.21095848083496,8.204916954040527,2756.0,52.58639144897461,184.0,44.0,5.4,0.11966265027919197
-84.65000000000008,10.950000000000042,26.124292373657227,8.188750267028809,2792.0,50.277015686035156,201.0,48.0,5.4,0.14154645926820003
-84.60000000000008,10.950000000000042,26.124292373657227,8.188750267028809,2792.0,50.277015686035156,201.0,48.0,5.4,0.14154645926820003
-84.55000000000008,10.950000000000042,26.007125854492188,8.091249465942383,2894.0,48.88996887207031,220.0,58.0,5.3,0.2487721427943554
-84.50000000000009,10.950000000000042,26.007125854492188,8.091249465942383,2894.0,48.88996887207031,220.0,58.0,5.1,0.20107726810168394
-84.45000000000009,10.950000000000042,25.95283317565918,7.988999843597412,3067.0,48.24400329589844,241.0,50.0,5.3,0.2628939917375827
-84.40000000000009,10.950000000000042,25.76412582397461,7.647249698638916,3191.0,46.69902038574219,266.0,74.0,5.4,0.5542554672083508
-84.3500000000001,10.950000000000042,25.76412582397461,7.647249698638916,3191.0,46.69902038574219,266.0,74.0,5.1,0.5079999564881865
-84.3000000000001,10.950000000000042,25.60616683959961,7.408166408538818,3277.0,43.98677062988281,306.0,102.0,5.3,0.8699906604891927
-84.2500000000001,10.950000000000042,25.60616683959961,7.408166408538818,3277.0,43.98677062988281,306.0,102.0,5.2,0.8571781287928115
-84.2000000000001,10.950000000000042,25.227291107177734,7.3095831871032715,3406.0,43.76036071777344,326.0,176.0,5.4,0.9213196244615891
-84.1500000000001,10.950000000000042,25.321582794189453,7.266833305358887,3477.0,43.18832778930664,355.0,153.0,5.4,0.9376973666243309
-84.10000000000011,10.950000000000042,25.321582794189453,7.266833305358887,3477.0,43.18832778930664,355.0,153.0,5.4,0.9376973666243309
-84.05000000000011,10.950000000000042,25.56908416748047,7.2176666259765625,3475.0,43.58875274658203,364.0,103.0,5.3,0.9076206750293013
-84.00000000000011,10.950000000000042,25.56908416748047,7.2176666259765625,3475.0,43.58875274658203,364.0,103.0,5.4,0.9083177071780709
-83.95000000000012,10.950000000000042,25.832000732421875,7.2143330574035645,3560.0,43.769775390625,375.0,52.0,5.3,0.7527554541941097
-83.90000000000012,10.950000000000042,25.85558319091797,7.126166343688965,3559.0,42.56125259399414,388.0,59.0,5.2,0.9100041909407158
-83.85000000000012,10.950000000000042,25.85558319091797,7.126166343688965,3559.0,42.56125259399414,388.0,59.0,5.3,0.9158060031426813
-83.80000000000013,10.950000000000042,26.17925453186035,7.097872257232666,3821.0,44.070640563964844,386.0,19.0,5.3,0.6136050313546209
-83.75000000000013,10.950000000000042,26.17925453186035,7.097872257232666,3821.0,44.070640563964844,386.0,19.0,5.3,0.6136050313546209
-83.70000000000013,10.950000000000042,26.32267189025879,6.984068870544434,4447.0,47.64256286621094,405.0,12.0,5.5,0.4970039072058028
-83.65000000000013,10.950000000000042,26.366666793823242,6.916666507720947,4679.0,45.94971466064453,459.0,10.0,5.5,0.5642966716513751
-83.60000000000014,10.950000000000042,26.366666793823242,6.916666507720947,4679.0,45.94971466064453,459.0,10.0,5.5,0.5642966716513751
-85.70000000000002,11.000000000000043,26.78662872314453,7.4395341873168945,1692.0,96.71946716308594,9.0,40.0,6.2,0.07263236357618917
-85.65000000000002,11.000000000000043,26.144208908081055,7.786749839782715,1706.0,87.96285247802734,18.0,172.0,6.2,0.0835784577526422
-85.60000000000002,11.000000000000043,26.144208908081055,7.786749839782715,1706.0,87.96285247802734,18.0,172.0,6.1,0.0879737044159413
-85.55000000000003,11.000000000000043,25.441999435424805,7.896666526794434,1906.0,76.20718383789062,47.0,283.0,6.1,0.518591659317247
-85.50000000000003,11.000000000000043,25.441999435424805,7.896666526794434,1906.0,76.20718383789062,47.0,283.0,6.0,0.5184197634138648
-85.45000000000003,11.000000000000043,24.832542419433594,7.678249835968018,2324.0,59.12641906738281,105.0,351.0,5.6,0.8246831165261705
-85.40000000000003,11.000000000000043,24.778457641601562,7.665249824523926,2793.0,47.38478088378906,203.0,351.0,5.3,0.9026628005186891
-85.35000000000004,11.000000000000043,24.778457641601562,7.665249824523926,2793.0,47.38478088378906,203.0,351.0,5.2,0.8871616842770078
-85.30000000000004,11.000000000000043,25.750041961669922,7.750749588012695,2787.0,47.951026916503906,193.0,179.0,5.4,0.7396461689181894
-85.25000000000004,11.000000000000043,25.750041961669922,7.750749588012695,2787.0,47.951026916503906,193.0,179.0,5.4,0.7396461689181894
-85.20000000000005,11.000000000000043,26.390249252319336,7.89633321762085,2593.0,51.79403305053711,165.0,63.0,5.4,0.12619849012271417
-85.15000000000005,11.000000000000043,26.495708465576172,7.979416370391846,2448.0,55.89455032348633,136.0,39.0,5.5,0.08838836245228689
-85.10000000000005,11.000000000000043,26.495708465576172,7.979416370391846,2448.0,55.89455032348633,136.0,39.0,5.9,0.11204608710730221
-85.05000000000005,11.000000000000043,26.411291122436523,7.843583106994629,2405.0,55.867637634277344,142.0,38.0,5.4,0.09360162646296845
-85.00000000000006,11.000000000000043,26.411291122436523,7.843583106994629,2405.0,55.867637634277344,142.0,38.0,5.5,0.08951339165489286
-84.95000000000006,11.000000000000043,26.31504249572754,7.635916709899902,2410.0,54.33220291137695,150.0,34.0,5.7,0.10413075848964792
-84.90000000000006,11.000000000000043,26.25462532043457,7.574416637420654,2530.0,50.9289436340332,182.0,33.0,5.3,0.13123650457375424
-84.85000000000007,11.000000000000043,26.25462532043457,7.574416637420654,2530.0,50.9289436340332,182.0,33.0,5.5,0.12955664745927756
-84.80000000000007,11.000000000000043,26.226959228515625,7.881249904632568,2618.0,53.543094635009766,159.0,35.0,5.6,0.11222558793126973
-84.75000000000007,11.000000000000043,26.226959228515625,7.881249904632568,2618.0,53.543094635009766,159.0,35.0,5.5,0.11240396886741426
-84.70000000000007,11.000000000000043,26.235374450683594,8.068249702453613,2702.0,53.55592727661133,172.0,40.0,5.6,0.109500293324675
-84.65000000000008,11.000000000000043,26.15016746520996,8.074666976928711,2757.0,53.230281829833984,178.0,50.0,5.4,0.13449793252172162
-84.60000000000008,11.000000000000043,26.15016746520996,8.074666976928711,2757.0,53.230281829833984,178.0,50.0,5.5,0.12659434314443344
-84.55000000000008,11.000000000000043,26.056917190551758,7.95016622543335,2883.0,50.421199798583984,205.0,51.0,5.3,0.22998852773155667
-84.50000000000009,11.000000000000043,26.056917190551758,7.95016622543335,2883.0,50.421199798583984,205.0,51.0,5.2,0.20883867596585085
-84.45000000000009,11.000000000000043,25.921833038330078,7.7833333015441895,2982.0,47.984779357910156,234.0,55.0,5.5,0.2864552250580109
-84.40000000000009,11.000000000000043,25.808082580566406,7.62566614151001,3087.0,47.262718200683594,256.0,68.0,5.5,0.37395734105677575
-84.3500000000001,11.000000000000043,25.808082580566406,7.62566614151001,3087.0,47.262718200683594,256.0,68.0,5.2,0.37760687028352885
-84.3000000000001,11.000000000000043,25.5072078704834,7.384749889373779,3229.0,44.94317626953125,287.0,129.0,5.3,0.8639147588747058
-84.2500000000001,11.000000000000043,25.5072078704834,7.384749889373779,3229.0,44.94317626953125,287.0,129.0,5.4,0.871137273967191
-84.2000000000001,11.000000000000043,24.925458908081055,7.202917098999023,3377.0,43.8156623840332,332.0,241.0,5.4,0.9461286633186236
-84.1500000000001,11.000000000000043,25.13079261779785,7.153250217437744,3452.0,42.82571792602539,348.0,197.0,5.3,0.938011235883623
-84.10000000000011,11.000000000000043,25.13079261779785,7.153250217437744,3452.0,42.82571792602539,348.0,197.0,5.3,0.938011235883623
-84.05000000000011,11.000000000000043,25.716999053955078,7.146166801452637,3459.0,45.01535415649414,346.0,78.0,5.2,0.8596310584373648
-84.00000000000011,11.000000000000043,25.716999053955078,7.146166801452637,3459.0,45.01535415649414,346.0,78.0,5.1,0.850426478350969
-83.95000000000012,11.000000000000043,25.94212532043457,7.148750305175781,3495.0,43.650875091552734,366.0,39.0,5.3,0.6125944323286243
-83.90000000000012,11.000000000000043,26.079957962036133,7.1205830574035645,3639.0,44.05613327026367,368.0,25.0,5.2,0.5592961436764169
-83.85000000000012,11.000000000000043,26.079957962036133,7.1205830574035645,3639.0,44.05613327026367,368.0,25.0,5.3,0.5789552464978109
-83.80000000000013,11.000000000000043,26.190834045410156,7.001296043395996,4014.0,44.83935546875,360.0,15.0,5.4,0.5858430085771096
-83.75000000000013,11.000000000000043,26.190834045410156,7.001296043395996,4014.0,44.83935546875,360.0,15.0,5.5,0.5485376081758554
-85.70000000000002,11.050000000000043,26.78662872314453,7.4395341873168945,1692.0,96.71946716308594,9.0,40.0,5.5,0.06082748882597644
-85.65000000000002,11.050000000000043,26.144208908081055,7.786749839782715,1706.0,87.96285247802734,18.0,172.0,6.3,0.08292803415352058
-85.60000000000002,11.050000000000043,26.144208908081055,7.786749839782715,1706.0,87.96285247802734,18.0,172.0,6.3,0.08292803415352058
-85.55000000000003,11.050000000000043,25.441999435424805,7.896666526794434,1906.0,76.20718383789062,47.0,283.0,6.0,0.5184197634138648
-85.50000000000003,11.050000000000043,25.441999435424805,7.896666526794434,1906.0,76.20718383789062,47.0,283.0,5.9,0.5177944450650069
-85.45000000000003,11.050000000000043,24.832542419433594,7.678249835968018,2324.0,59.12641906738281,105.0,351.0,5.7,0.81203146684778
-85.40000000000003,11.050000000000043,24.778457641601562,7.665249824523926,2793.0,47.38478088378906,203.0,351.0,5.4,0.90894366877372
-85.35000000000004,11.050000000000043,24.778457641601562,7.665249824523926,2793.0,47.38478088378906,203.0,351.0,5.3,0.9026628005186891
-85.30000000000004,11.050000000000043,25.750041961669922,7.750749588012695,2787.0,47.951026916503906,193.0,179.0,5.6,0.540151360946886
-85.25000000000004,11.050000000000043,25.750041961669922,7.750749588012695,2787.0,47.951026916503906,193.0,179.0,5.5,0.7324659445663546
-85.20000000000005,11.050000000000043,26.390249252319336,7.89633321762085,2593.0,51.79403305053711,165.0,63.0,5.7,0.11911633605188103
-85.15000000000005,11.050000000000043,26.495708465576172,7.979416370391846,2448.0,55.89455032348633,136.0,39.0,5.7,0.09461906963227151
-85.10000000000005,11.050000000000043,26.495708465576172,7.979416370391846,2448.0,55.89455032348633,136.0,39.0,5.8,0.09513547954412557
-85.05000000000005,11.050000000000043,26.411291122436523,7.843583106994629,2405.0,55.867637634277344,142.0,38.0,5.9,0.1153649658161199
-85.00000000000006,11.050000000000043,26.411291122436523,7.843583106994629,2405.0,55.867637634277344,142.0,38.0,6.0,0.11969683648516252
-84.95000000000006,11.050000000000043,26.31504249572754,7.635916709899902,2410.0,54.33220291137695,150.0,34.0,5.9,0.12100789262019057
-84.90000000000006,11.050000000000043,26.25462532043457,7.574416637420654,2530.0,50.9289436340332,182.0,33.0,5.5,0.12955664745927756
-84.85000000000007,11.050000000000043,26.25462532043457,7.574416637420654,2530.0,50.9289436340332,182.0,33.0,5.5,0.12955664745927756
-84.80000000000007,11.050000000000043,26.226959228515625,7.881249904632568,2618.0,53.543094635009766,159.0,35.0,5.7,0.11788061823671342
-84.75000000000007,11.050000000000043,26.226959228515625,7.881249904632568,2618.0,53.543094635009766,159.0,35.0,5.5,0.11240396886741426
-84.70000000000007,11.050000000000043,26.235374450683594,8.068249702453613,2702.0,53.55592727661133,172.0,40.0,5.3,0.10624141057263996
-84.65000000000008,11.050000000000043,26.15016746520996,8.074666976928711,2757.0,53.230281829833984,178.0,50.0,5.5,0.12659434314443344
-84.60000000000008,11.050000000000043,26.15016746520996,8.074666976928711,2757.0,53.230281829833984,178.0,50.0,5.3,0.12700305338054454
-84.55000000000008,11.050000000000043,26.056917190551758,7.95016622543335,2883.0,50.421199798583984,205.0,51.0,5.2,0.20883867596585085
-84.50000000000009,11.050000000000043,26.056917190551758,7.95016622543335,2883.0,50.421199798583984,205.0,51.0,5.4,0.23808687240296622
-84.45000000000009,11.050000000000043,25.921833038330078,7.7833333015441895,2982.0,47.984779357910156,234.0,55.0,5.4,0.2980204181911704
-84.40000000000009,11.050000000000043,25.808082580566406,7.62566614151001,3087.0,47.262718200683594,256.0,68.0,5.3,0.41518131873737624
-84.3500000000001,11.050000000000043,25.808082580566406,7.62566614151001,3087.0,47.262718200683594,256.0,68.0,5.5,0.37395734105677575
-84.3000000000001,11.050000000000043,25.5072078704834,7.384749889373779,3229.0,44.94317626953125,287.0,129.0,5.4,0.871137273967191
-84.2500000000001,11.050000000000043,25.5072078704834,7.384749889373779,3229.0,44.94317626953125,287.0,129.0,5.4,0.871137273967191
-84.2000000000001,11.050000000000043,24.925458908081055,7.202917098999023,3377.0,43.8156623840332,332.0,241.0,5.3,0.9435598436489349
-84.1500000000001,11.050000000000043,25.13079261779785,7.153250217437744,3452.0,42.82571792602539,348.0,197.0,5.2,0.9345924262265337
-84.10000000000011,11.050000000000043,25.13079261779785,7.153250217437744,3452.0,42.82571792602539,348.0,197.0,5.3,0.938011235883623
-84.05000000000011,11.050000000000043,25.716999053955078,7.146166801452637,3459.0,45.01535415649414,346.0,78.0,5.3,0.8709885437486952
-84.00000000000011,11.050000000000043,25.716999053955078,7.146166801452637,3459.0,45.01535415649414,346.0,78.0,5.3,0.8709885437486952
-83.95000000000012,11.050000000000043,25.94212532043457,7.148750305175781,3495.0,43.650875091552734,366.0,39.0,5.2,0.589452554834549
-83.90000000000012,11.050000000000043,26.079957962036133,7.1205830574035645,3639.0,44.05613327026367,368.0,25.0,5.3,0.5789552464978109
-83.85000000000012,11.050000000000043,26.079957962036133,7.1205830574035645,3639.0,44.05613327026367,368.0,25.0,5.5,0.5380264761810961
-83.80000000000013,11.050000000000043,26.190834045410156,7.001296043395996,4014.0,44.83935546875,360.0,15.0,5.5,0.5485376081758554
-83.75000000000013,11.050000000000043,26.190834045410156,7.001296043395996,4014.0,44.83935546875,360.0,15.0,5.5,0.5485376081758554
-85.80000000000001,11.100000000000044,26.506250381469727,6.8826751708984375,1676.0,94.70214080810547,21.0,68.0,5.5,0.10584792314193589
-85.75000000000001,11.100000000000044,26.506250381469727,6.8826751708984375,1676.0,94.70214080810547,21.0,68.0,5.5,0.10584792314193589
-85.70000000000002,11.100000000000044,26.027587890625,7.20254373550415,1783.0,82.05032348632812,34.0,169.0,6.1,0.162438697655413
-85.65000000000002,11.100000000000044,25.993207931518555,7.329916477203369,2023.0,66.84324645996094,58.0,168.0,6.1,0.14957744770538484
-85.60000000000002,11.100000000000044,25.993207931518555,7.329916477203369,2023.0,66.84324645996094,58.0,168.0,5.8,0.13083967761546728
-85.55000000000003,11.100000000000044,25.4427490234375,7.4658331871032715,2278.0,61.09196090698242,85.0,261.0,6.0,0.3916097362274539
-85.50000000000003,11.100000000000044,25.4427490234375,7.4658331871032715,2278.0,61.09196090698242,85.0,261.0,5.6,0.5653682147750814
-85.45000000000003,11.100000000000044,25.906042098999023,7.36008358001709,2277.0,60.497928619384766,104.0,156.0,5.6,0.46251784745013136
-85.40000000000003,11.100000000000044,26.15741729736328,7.390000343322754,2289.0,60.07468795776367,113.0,105.0,5.5,0.18005796270703192
-85.35000000000004,11.100000000000044,26.15741729736328,7.390000343322754,2289.0,60.07468795776367,113.0,105.0,5.6,0.1549840392939227
-85.30000000000004,11.100000000000044,26.40308380126953,7.281000137329102,2168.0,64.1017837524414,96.0,49.0,5.6,0.11744816384410499
-85.25000000000004,11.100000000000044,26.40308380126953,7.281000137329102,2168.0,64.1017837524414,96.0,49.0,5.5,0.11675964473163333
-85.20000000000005,11.100000000000044,26.437374114990234,7.145750522613525,2094.0,66.3444595336914,85.0,32.0,5.5,0.08454999758510677
-85.15000000000005,11.100000000000044,26.394041061401367,7.128416538238525,2049.0,67.2212905883789,91.0,31.0,5.5,0.09101437578610923
-85.10000000000005,11.100000000000044,26.394041061401367,7.128416538238525,2049.0,67.2212905883789,91.0,31.0,5.5,0.09101437578610923
-85.05000000000005,11.100000000000044,26.306833267211914,7.069499492645264,2090.0,67.35862731933594,95.0,33.0,5.5,0.09996104167103877
-85.00000000000006,11.100000000000044,26.306833267211914,7.069499492645264,2090.0,67.35862731933594,95.0,33.0,5.5,0.09996104167103877
-84.95000000000006,11.100000000000044,26.231040954589844,7.035916805267334,2128.0,63.398685455322266,113.0,32.0,5.5,0.11527277589421708
-84.90000000000006,11.100000000000044,26.223791122436523,7.018917083740234,2323.0,50.97127914428711,177.0,31.0,5.5,0.14330547684309172
-84.85000000000007,11.100000000000044,26.223791122436523,7.018917083740234,2323.0,50.97127914428711,177.0,31.0,5.5,0.14330547684309172
-84.80000000000007,11.100000000000044,26.188749313354492,7.24666690826416,2494.0,55.05622863769531,155.0,35.0,5.5,0.14146493062985105
-84.75000000000007,11.100000000000044,26.188749313354492,7.24666690826416,2494.0,55.05622863769531,155.0,35.0,5.4,0.15369709940218035
-84.70000000000007,11.100000000000044,26.188541412353516,7.816583156585693,2620.0,54.3895378112793,167.0,44.0,5.6,0.12715821322773993
-84.65000000000008,11.100000000000044,26.162750244140625,7.874166965484619,2684.0,53.42437744140625,179.0,48.0,5.6,0.14433350115222
-84.60000000000008,11.100000000000044,26.162750244140625,7.874166965484619,2684.0,53.42437744140625,179.0,48.0,5.3,0.1443247442826588
-84.55000000000008,11.100000000000044,25.99791717529297,7.7776665687561035,2775.0,51.93723678588867,189.0,70.0,5.4,0.2763448803523743
-84.50000000000009,11.100000000000044,25.99791717529297,7.7776665687561035,2775.0,51.93723678588867,189.0,70.0,5.3,0.26556468308921016
-84.45000000000009,11.100000000000044,25.888708114624023,7.6900835037231445,2894.0,49.981510162353516,208.0,76.0,5.4,0.33306068359225
-84.40000000000009,11.100000000000044,25.761707305908203,7.580583572387695,3032.0,48.083251953125,241.0,98.0,5.5,0.5201843901105313
-84.3500000000001,11.100000000000044,25.761707305908203,7.580583572387695,3032.0,48.083251953125,241.0,98.0,5.5,0.5201843901105313
-84.3000000000001,11.100000000000044,25.330415725708008,7.361000061035156,3190.0,46.446449279785156,264.0,179.0,5.4,0.8629974805791609
-84.2500000000001,11.100000000000044,25.330415725708008,7.361000061035156,3190.0,46.446449279785156,264.0,179.0,5.3,0.8557135807310002
-84.2000000000001,11.100000000000044,25.093833923339844,7.164833068847656,3322.0,45.21773147583008,295.0,212.0,5.3,0.9037122886518314
-84.1500000000001,11.100000000000044,25.000499725341797,7.041499614715576,3430.0,44.1129035949707,332.0,228.0,5.4,0.9417242610107446
-84.10000000000011,11.100000000000044,25.000499725341797,7.041499614715576,3430.0,44.1129035949707,332.0,228.0,5.5,0.934209697514914
-84.05000000000011,11.100000000000044,25.664875030517578,7.031583309173584,3424.0,44.306583404541016,331.0,96.0,5.3,0.8797208141082468
-84.00000000000011,11.100000000000044,25.664875030517578,7.031583309173584,3424.0,44.306583404541016,331.0,96.0,5.4,0.8815663140948624
-83.95000000000012,11.100000000000044,25.99341583251953,7.0446672439575195,3466.0,44.088470458984375,349.0,37.0,5.4,0.5983562036412721
-83.90000000000012,11.100000000000044,26.155155181884766,7.015979290008545,3699.0,43.97285079956055,342.0,19.0,5.4,0.5752707336113438
-83.85000000000012,11.100000000000044,26.155155181884766,7.015979290008545,3699.0,43.97285079956055,342.0,19.0,5.3,0.570678220408196
-83.80000000000013,11.100000000000044,26.228471755981445,6.987500190734863,3926.0,45.4989128112793,341.0,12.0,5.5,0.4840579429986803
-83.75000000000013,11.100000000000044,26.228471755981445,6.987500190734863,3926.0,45.4989128112793,341.0,12.0,5.5,0.4840579429986803
-85.80000000000001,11.150000000000045,26.506250381469727,6.8826751708984375,1676.0,94.70214080810547,21.0,68.0,5.5,0.10584792314193589
-85.75000000000001,11.150000000000045,26.506250381469727,6.8826751708984375,1676.0,94.70214080810547,21.0,68.0,6.2,0.11491484275863423
-85.70000000000002,11.150000000000045,26.027587890625,7.20254373550415,1783.0,82.05032348632812,34.0,169.0,6.0,0.16214843994082687
-85.65000000000002,11.150000000000045,25.993207931518555,7.329916477203369,2023.0,66.84324645996094,58.0,168.0,5.8,0.13083967761546728
-85.60000000000002,11.150000000000045,25.993207931518555,7.329916477203369,2023.0,66.84324645996094,58.0,168.0,5.9,0.14184587609276353
-85.55000000000003,11.150000000000045,25.4427490234375,7.4658331871032715,2278.0,61.09196090698242,85.0,261.0,5.9,0.37635898177869415
-85.50000000000003,11.150000000000045,25.4427490234375,7.4658331871032715,2278.0,61.09196090698242,85.0,261.0,5.8,0.3877176225979363
-85.45000000000003,11.150000000000045,25.906042098999023,7.36008358001709,2277.0,60.497928619384766,104.0,156.0,5.9,0.31494774044683266
-85.40000000000003,11.150000000000045,26.15741729736328,7.390000343322754,2289.0,60.07468795776367,113.0,105.0,6.1,0.17710033451450213
-85.35000000000004,11.150000000000045,26.15741729736328,7.390000343322754,2289.0,60.07468795776367,113.0,105.0,5.5,0.18005796270703192
-85.30000000000004,11.150000000000045,26.40308380126953,7.281000137329102,2168.0,64.1017837524414,96.0,49.0,5.5,0.11675964473163333
-85.25000000000004,11.150000000000045,26.40308380126953,7.281000137329102,2168.0,64.1017837524414,96.0,49.0,5.5,0.11675964473163333
-85.20000000000005,11.150000000000045,26.437374114990234,7.145750522613525,2094.0,66.3444595336914,85.0,32.0,5.5,0.08454999758510677
-85.15000000000005,11.150000000000045,26.394041061401367,7.128416538238525,2049.0,67.2212905883789,91.0,31.0,5.5,0.09101437578610923
-85.10000000000005,11.150000000000045,26.394041061401367,7.128416538238525,2049.0,67.2212905883789,91.0,31.0,5.5,0.09101437578610923
-85.05000000000005,11.150000000000045,26.306833267211914,7.069499492645264,2090.0,67.35862731933594,95.0,33.0,5.5,0.09996104167103877
-85.00000000000006,11.150000000000045,26.306833267211914,7.069499492645264,2090.0,67.35862731933594,95.0,33.0,5.5,0.09996104167103877
-84.95000000000006,11.150000000000045,26.231040954589844,7.035916805267334,2128.0,63.398685455322266,113.0,32.0,5.5,0.11527277589421708
-84.90000000000006,11.150000000000045,26.223791122436523,7.018917083740234,2323.0,50.97127914428711,177.0,31.0,5.5,0.14330547684309172
-84.85000000000007,11.150000000000045,26.223791122436523,7.018917083740234,2323.0,50.97127914428711,177.0,31.0,5.5,0.14330547684309172
-84.80000000000007,11.150000000000045,26.188749313354492,7.24666690826416,2494.0,55.05622863769531,155.0,35.0,5.5,0.14146493062985105
-84.75000000000007,11.150000000000045,26.188749313354492,7.24666690826416,2494.0,55.05622863769531,155.0,35.0,5.6,0.14309546169907966
-84.70000000000007,11.150000000000045,26.188541412353516,7.816583156585693,2620.0,54.3895378112793,167.0,44.0,5.4,0.13778114854616882
-84.65000000000008,11.150000000000045,26.162750244140625,7.874166965484619,2684.0,53.42437744140625,179.0,48.0,5.4,0.15023879454377836
-84.60000000000008,11.150000000000045,26.162750244140625,7.874166965484619,2684.0,53.42437744140625,179.0,48.0,5.4,0.15023879454377836
-84.55000000000008,11.150000000000045,25.99791717529297,7.7776665687561035,2775.0,51.93723678588867,189.0,70.0,5.5,0.2593580377564431
-84.50000000000009,11.150000000000045,25.99791717529297,7.7776665687561035,2775.0,51.93723678588867,189.0,70.0,5.5,0.2593580377564431
-84.45000000000009,11.150000000000045,25.888708114624023,7.6900835037231445,2894.0,49.981510162353516,208.0,76.0,5.3,0.32162020149695536
-84.40000000000009,11.150000000000045,25.761707305908203,7.580583572387695,3032.0,48.083251953125,241.0,98.0,5.3,0.6208118856810064
-84.3500000000001,11.150000000000045,25.761707305908203,7.580583572387695,3032.0,48.083251953125,241.0,98.0,5.6,0.3777748460567503
-84.3000000000001,11.150000000000045,25.330415725708008,7.361000061035156,3190.0,46.446449279785156,264.0,179.0,5.4,0.8629974805791609
-84.2500000000001,11.150000000000045,25.330415725708008,7.361000061035156,3190.0,46.446449279785156,264.0,179.0,5.3,0.8557135807310002
-84.2000000000001,11.150000000000045,25.093833923339844,7.164833068847656,3322.0,45.21773147583008,295.0,212.0,5.3,0.9037122886518314
-84.1500000000001,11.150000000000045,25.000499725341797,7.041499614715576,3430.0,44.1129035949707,332.0,228.0,5.5,0.934209697514914
-84.10000000000011,11.150000000000045,25.000499725341797,7.041499614715576,3430.0,44.1129035949707,332.0,228.0,5.3,0.939789420359387
-84.05000000000011,11.150000000000045,25.664875030517578,7.031583309173584,3424.0,44.306583404541016,331.0,96.0,5.3,0.8797208141082468
-84.00000000000011,11.150000000000045,25.664875030517578,7.031583309173584,3424.0,44.306583404541016,331.0,96.0,5.2,0.8719107008753523
-83.95000000000012,11.150000000000045,25.99341583251953,7.0446672439575195,3466.0,44.088470458984375,349.0,37.0,5.4,0.5983562036412721
-83.90000000000012,11.150000000000045,26.155155181884766,7.015979290008545,3699.0,43.97285079956055,342.0,19.0,5.5,0.5428015514003258
-83.85000000000012,11.150000000000045,26.155155181884766,7.015979290008545,3699.0,43.97285079956055,342.0,19.0,5.4,0.5752707336113438
-83.80000000000013,11.150000000000045,26.228471755981445,6.987500190734863,3926.0,45.4989128112793,341.0,12.0,5.5,0.4840579429986803
-83.75000000000013,11.150000000000045,26.228471755981445,6.987500190734863,3926.0,45.4989128112793,341.0,12.0,5.5,0.4840579429986803
-85.9,11.200000000000045,26.512760162353516,6.701562404632568,1613.0,93.30232238769531,19.0,69.0,5.5,0.26169662300981805
-85.85000000000001,11.200000000000045,26.512760162353516,6.701562404632568,1613.0,93.30232238769531,19.0,69.0,5.5,0.26169662300981805
-85.80000000000001,11.200000000000045,26.1543025970459,6.763315200805664,1707.0,85.64722442626953,31.0,132.0,6.2,0.42021929372010697
-85.75000000000001,11.200000000000045,26.1543025970459,6.763315200805664,1707.0,85.64722442626953,31.0,132.0,6.0,0.43334958423087616
-85.70000000000002,11.200000000000045,25.73233413696289,6.975333213806152,2006.0,68.95440673828125,54.0,209.0,5.8,0.18966532989657442
-85.65000000000002,11.200000000000045,26.221250534057617,6.860167026519775,2028.0,67.3551025390625,62.0,101.0,5.8,0.13369347929304545
-85.60000000000002,11.200000000000045,26.221250534057617,6.860167026519775,2028.0,67.3551025390625,62.0,101.0,5.9,0.1625014203994184
-85.55000000000003,11.200000000000045,26.09950065612793,6.873000144958496,2041.0,68.96298217773438,66.0,114.0,5.5,0.19523905985807485
-85.50000000000003,11.200000000000045,26.09950065612793,6.873000144958496,2041.0,68.96298217773438,66.0,114.0,5.5,0.19523905985807485
-85.45000000000003,11.200000000000045,26.465667724609375,6.701333522796631,1880.0,79.13567352294922,59.0,33.0,5.5,0.41568534281485914
-85.40000000000003,11.200000000000045,26.449249267578125,6.712333679199219,1932.0,77.4618148803711,77.0,31.0,5.5,0.4538045924442289
-85.35000000000004,11.200000000000045,26.449249267578125,6.712333679199219,1932.0,77.4618148803711,77.0,31.0,5.5,0.4538045924442289
-85.30000000000004,11.200000000000045,26.407791137695312,6.715917110443115,1982.0,72.66879272460938,86.0,31.0,5.5,0.42986219300549283
-85.25000000000004,11.200000000000045,26.407791137695312,6.715917110443115,1982.0,72.66879272460938,86.0,31.0,5.5,0.42986219300549283
-85.20000000000005,11.200000000000045,26.375125885009766,6.762749671936035,2057.0,72.79680633544922,86.0,31.0,5.5,0.4381872463143388
-85.15000000000005,11.200000000000045,26.327125549316406,6.8069167137146,2022.0,70.39418029785156,89.0,31.0,5.5,0.16355342085142713
-85.10000000000005,11.200000000000045,26.327125549316406,6.8069167137146,2022.0,70.39418029785156,89.0,31.0,5.5,0.16355342085142713
-85.05000000000005,11.200000000000045,26.198999404907227,6.863333225250244,2064.0,67.36206817626953,91.0,43.0,6.1,0.1982412910220674
-85.00000000000006,11.200000000000045,26.198999404907227,6.863333225250244,2064.0,67.36206817626953,91.0,43.0,5.5,0.1415178273932507
-84.95000000000006,11.200000000000045,26.21095848083496,6.876583576202393,2116.0,68.27621459960938,91.0,33.0,5.5,0.1411722939811501
-84.90000000000006,11.200000000000045,26.187875747680664,6.864750385284424,2246.0,56.77742004394531,149.0,31.0,5.5,0.19673533233668036
-84.85000000000007,11.200000000000045,26.187875747680664,6.864750385284424,2246.0,56.77742004394531,149.0,31.0,5.5,0.19673533233668036
-84.80000000000007,11.200000000000045,26.14470863342285,7.1852498054504395,2440.0,58.69802474975586,143.0,36.0,5.5,0.1490199976590824
-84.75000000000007,11.200000000000045,26.14470863342285,7.1852498054504395,2440.0,58.69802474975586,143.0,36.0,5.6,0.14751826757267775
-84.70000000000007,11.200000000000045,26.110082626342773,7.756000518798828,2521.0,57.207523345947266,151.0,66.0,5.6,0.17160171932139312
-84.65000000000008,11.200000000000045,25.920583724975586,7.764500141143799,2566.0,54.903282165527344,160.0,112.0,5.7,0.2753124506298329
-84.60000000000008,11.200000000000045,25.920583724975586,7.764500141143799,2566.0,54.903282165527344,160.0,112.0,5.7,0.2753124506298329
-84.55000000000008,11.200000000000045,25.844707489013672,7.687583923339844,2676.0,52.28778839111328,180.0,120.0,5.6,0.33061948131826746
-84.50000000000009,11.200000000000045,25.844707489013672,7.687583923339844,2676.0,52.28778839111328,180.0,120.0,5.5,0.6667282957962317
-84.45000000000009,11.200000000000045,25.73175048828125,7.551499843597412,2852.0,51.31591796875,191.0,132.0,5.4,0.7400333766039546
-84.40000000000009,11.200000000000045,25.64787483215332,7.4809160232543945,3005.0,50.304901123046875,205.0,138.0,5.4,0.7687249456885124
-84.3500000000001,11.200000000000045,25.64787483215332,7.4809160232543945,3005.0,50.304901123046875,205.0,138.0,5.3,0.762267328315178
-84.3000000000001,11.200000000000045,25.040624618530273,7.321916580200195,3198.0,47.293514251708984,252.0,253.0,5.4,0.9157536005322869
-84.2500000000001,11.200000000000045,25.040624618530273,7.321916580200195,3198.0,47.293514251708984,252.0,253.0,5.4,0.9157536005322869
-84.2000000000001,11.200000000000045,24.761249542236328,7.079667091369629,3315.0,45.84848403930664,296.0,287.0,5.4,0.9364707603348384
-84.1500000000001,11.200000000000045,24.79912567138672,6.975584030151367,3362.0,44.0003662109375,322.0,270.0,5.3,0.9452628233122992
-84.10000000000011,11.200000000000045,24.79912567138672,6.975584030151367,3362.0,44.0003662109375,322.0,270.0,5.3,0.9452628233122992
-84.05000000000011,11.200000000000045,25.241291046142578,6.915916442871094,3391.0,42.90916442871094,327.0,185.0,5.3,0.9198995013297412
-84.00000000000011,11.200000000000045,25.241291046142578,6.915916442871094,3391.0,42.90916442871094,327.0,185.0,5.4,0.9209580604650046
-83.95000000000012,11.200000000000045,26.002458572387695,6.957416534423828,3446.0,44.53241729736328,334.0,40.0,5.4,0.5822459599571659
-83.90000000000012,11.200000000000045,26.186805725097656,6.969675540924072,3671.0,47.68996047973633,309.0,15.0,5.5,0.38717155024618805
-83.85000000000012,11.200000000000045,26.186805725097656,6.969675540924072,3671.0,47.68996047973633,309.0,15.0,5.5,0.38717155024618805
-86.0,11.250000000000046,26.476852416992188,6.511111259460449,1507.0,94.6875,10.0,72.0,5.5,0.1151856594168637
-85.95,11.250000000000046,26.476852416992188,6.511111259460449,1507.0,94.6875,10.0,72.0,5.5,0.1151856594168637
-85.9,11.250000000000046,26.415803909301758,6.619731903076172,1586.0,91.45144653320312,16.0,91.0,5.5,0.2647433663709046
-85.85000000000001,11.250000000000046,26.415803909301758,6.619731903076172,1586.0,91.45144653320312,16.0,91.0,6.4,0.16431277125443824
-85.80000000000001,11.250000000000046,26.30933380126953,6.86733341217041,1679.0,87.39725494384766,29.0,122.0,6.1,0.1386418882400011
-85.75000000000001,11.250000000000046,26.30933380126953,6.86733341217041,1679.0,87.39725494384766,29.0,122.0,6.0,0.13790799651190866
-85.70000000000002,11.250000000000046,26.571916580200195,6.67816686630249,1694.0,87.49591827392578,32.0,56.0,6.2,0.3659378632316488
-85.65000000000002,11.250000000000046,26.481040954589844,6.221583843231201,1735.0,86.09941864013672,27.0,33.0,6.2,0.45121911337003423
-85.60000000000002,11.250000000000046,26.481040954589844,6.221583843231201,1735.0,86.09941864013672,27.0,33.0,6.3,0.4377630767066469
-85.55000000000003,11.250000000000046,26.434917449951172,6.237500190734863,1797.0,84.93758392333984,32.0,31.0,5.5,0.4786747102939812
-85.50000000000003,11.250000000000046,26.434917449951172,6.237500190734863,1797.0,84.93758392333984,32.0,31.0,5.5,0.4786747102939812
-85.45000000000003,11.250000000000046,26.42658233642578,6.349000453948975,1879.0,84.53369140625,44.0,31.0,5.5,0.5104503958510259
-85.40000000000003,11.250000000000046,26.410541534423828,6.4494171142578125,1938.0,85.20213317871094,52.0,31.0,5.5,0.5088491857699492
-85.35000000000004,11.250000000000046,26.410541534423828,6.4494171142578125,1938.0,85.20213317871094,52.0,31.0,5.5,0.5088491857699492
-85.30000000000004,11.250000000000046,26.394208908081055,6.529582977294922,1926.0,82.55838012695312,63.0,31.0,5.5,0.5447997715598107
-85.25000000000004,11.250000000000046,26.394208908081055,6.529582977294922,1926.0,82.55838012695312,63.0,31.0,5.5,0.5447997715598107
-85.20000000000005,11.250000000000046,26.369916915893555,6.594000339508057,2010.0,80.06752014160156,71.0,31.0,5.5,0.5458701746694546
-85.15000000000005,11.250000000000046,26.33020782470703,6.647416591644287,2022.0,74.70166778564453,89.0,31.0,5.5,0.5423168043629879
-85.10000000000005,11.250000000000046,26.33020782470703,6.647416591644287,2022.0,74.70166778564453,89.0,31.0,5.5,0.5423168043629879
-85.05000000000005,11.250000000000046,26.28700065612793,6.687500476837158,2117.0,67.9098892211914,96.0,31.0,5.5,0.4658490759737011
-85.00000000000006,11.250000000000046,26.28700065612793,6.687500476837158,2117.0,67.9098892211914,96.0,31.0,5.5,0.4658490759737011
-84.95000000000006,11.250000000000046,26.239166259765625,6.7144999504089355,2154.0,68.01206970214844,93.0,31.0,5.5,0.4754076371513248
-84.90000000000006,11.250000000000046,26.200624465942383,6.820416450500488,2345.0,59.575931549072266,155.0,31.0,5.5,0.2659787515246055
-84.85000000000007,11.250000000000046,26.200624465942383,6.820416450500488,2345.0,59.575931549072266,155.0,31.0,5.5,0.2659787515246055
-84.80000000000007,11.250000000000046,26.188499450683594,7.39566707611084,2394.0,61.47257614135742,128.0,49.0,5.5,0.14745070053374712
-84.75000000000007,11.250000000000046,26.188499450683594,7.39566707611084,2394.0,61.47257614135742,128.0,49.0,5.6,0.14684155069017588
-84.70000000000007,11.250000000000046,26.033750534057617,7.678166389465332,2493.0,58.73691177368164,133.0,100.0,5.6,0.26648783298222123
-84.65000000000008,11.250000000000046,25.948583602905273,7.647333145141602,2586.0,58.693233489990234,140.0,115.0,6.0,0.26491929137034337
-84.60000000000008,11.250000000000046,25.948583602905273,7.647333145141602,2586.0,58.693233489990234,140.0,115.0,5.5,0.3429284305141273
-84.55000000000008,11.250000000000046,26.01679229736328,7.644750118255615,2681.0,55.76537322998047,154.0,101.0,5.6,0.277636119579042
-84.50000000000009,11.250000000000046,26.01679229736328,7.644750118255615,2681.0,55.76537322998047,154.0,101.0,5.5,0.3238143226088969
-84.45000000000009,11.250000000000046,25.84662437438965,7.549249649047852,2792.0,53.115135192871094,174.0,127.0,5.6,0.4260210673263387
-84.40000000000009,11.250000000000046,25.431917190551758,7.423333644866943,2963.0,50.2770881652832,199.0,197.0,5.6,0.5435980144284026
-84.3500000000001,11.250000000000046,25.431917190551758,7.423333644866943,2963.0,50.2770881652832,199.0,197.0,5.3,0.8115652373177894
-84.3000000000001,11.250000000000046,25.24737548828125,7.295416831970215,3139.0,48.74925994873047,231.0,219.0,5.4,0.8657700571781801
-84.2500000000001,11.250000000000046,25.24737548828125,7.295416831970215,3139.0,48.74925994873047,231.0,219.0,5.5,0.8572376376588732
-84.2000000000001,11.250000000000046,24.495458602905273,7.078916549682617,3242.0,46.936275482177734,273.0,353.0,5.4,0.9415869893303304
-84.1500000000001,11.250000000000046,24.748750686645508,6.922333240509033,3331.0,45.622459411621094,309.0,283.0,5.4,0.9407142419256765
-84.10000000000011,11.250000000000046,24.748750686645508,6.922333240509033,3331.0,45.622459411621094,309.0,283.0,5.2,0.9344110045431199
-84.05000000000011,11.250000000000046,25.486791610717773,6.878416538238525,3376.0,45.581424713134766,312.0,139.0,5.1,0.8934204131204356
-84.00000000000011,11.250000000000046,25.486791610717773,6.878416538238525,3376.0,45.581424713134766,312.0,139.0,5.3,0.906292843336219
-83.95000000000012,11.250000000000046,26.079833984375,6.960333347320557,3470.0,46.19317626953125,313.0,31.0,5.4,0.46841219694389474
-83.90000000000012,11.250000000000046,26.195215225219727,6.954011917114258,3536.0,53.7086296081543,276.0,14.0,5.5,0.24786890144123408
-83.85000000000012,11.250000000000046,26.195215225219727,6.954011917114258,3536.0,53.7086296081543,276.0,14.0,5.5,0.24786890144123408
-86.0,11.300000000000047,26.476852416992188,6.511111259460449,1507.0,94.6875,10.0,72.0,5.5,0.1151856594168637
-85.95,11.300000000000047,26.476852416992188,6.511111259460449,1507.0,94.6875,10.0,72.0,5.5,0.1151856594168637
-85.9,11.300000000000047,26.415803909301758,6.619731903076172,1586.0,91.45144653320312,16.0,91.0,6.3,0.171862708079316
-85.85000000000001,11.300000000000047,26.415803909301758,6.619731903076172,1586.0,91.45144653320312,16.0,91.0,6.1,0.19259398617110532
-85.80000000000001,11.300000000000047,26.30933380126953,6.86733341217041,1679.0,87.39725494384766,29.0,122.0,6.2,0.12918105060864565
-85.75000000000001,11.300000000000047,26.30933380126953,6.86733341217041,1679.0,87.39725494384766,29.0,122.0,6.3,0.12403646753135722
-85.70000000000002,11.300000000000047,26.571916580200195,6.67816686630249,1694.0,87.49591827392578,32.0,56.0,6.4,0.35166249982141146
-85.65000000000002,11.300000000000047,26.481040954589844,6.221583843231201,1735.0,86.09941864013672,27.0,33.0,5.5,0.4606531562782715
-85.60000000000002,11.300000000000047,26.481040954589844,6.221583843231201,1735.0,86.09941864013672,27.0,33.0,5.5,0.4606531562782715
-85.55000000000003,11.300000000000047,26.434917449951172,6.237500190734863,1797.0,84.93758392333984,32.0,31.0,5.5,0.4786747102939812
-85.50000000000003,11.300000000000047,26.434917449951172,6.237500190734863,1797.0,84.93758392333984,32.0,31.0,5.5,0.4786747102939812
-85.45000000000003,11.300000000000047,26.42658233642578,6.349000453948975,1879.0,84.53369140625,44.0,31.0,5.5,0.5104503958510259
-85.40000000000003,11.300000000000047,26.410541534423828,6.4494171142578125,1938.0,85.20213317871094,52.0,31.0,5.5,0.5088491857699492
-85.35000000000004,11.300000000000047,26.410541534423828,6.4494171142578125,1938.0,85.20213317871094,52.0,31.0,5.5,0.5088491857699492
-85.30000000000004,11.300000000000047,26.394208908081055,6.529582977294922,1926.0,82.55838012695312,63.0,31.0,5.5,0.5447997715598107
-85.25000000000004,11.300000000000047,26.394208908081055,6.529582977294922,1926.0,82.55838012695312,63.0,31.0,5.5,0.5447997715598107
-85.20000000000005,11.300000000000047,26.369916915893555,6.594000339508057,2010.0,80.06752014160156,71.0,31.0,5.5,0.5458701746694546
-85.15000000000005,11.300000000000047,26.33020782470703,6.647416591644287,2022.0,74.70166778564453,89.0,31.0,5.5,0.5423168043629879
-85.10000000000005,11.300000000000047,26.33020782470703,6.647416591644287,2022.0,74.70166778564453,89.0,31.0,5.5,0.5423168043629879
-85.05000000000005,11.300000000000047,26.28700065612793,6.687500476837158,2117.0,67.9098892211914,96.0,31.0,5.5,0.4658490759737011
-85.00000000000006,11.300000000000047,26.28700065612793,6.687500476837158,2117.0,67.9098892211914,96.0,31.0,5.5,0.4658490759737011
-84.95000000000006,11.300000000000047,26.239166259765625,6.7144999504089355,2154.0,68.01206970214844,93.0,31.0,5.5,0.4754076371513248
-84.90000000000006,11.300000000000047,26.200624465942383,6.820416450500488,2345.0,59.575931549072266,155.0,31.0,5.5,0.2659787515246055
-84.85000000000007,11.300000000000047,26.200624465942383,6.820416450500488,2345.0,59.575931549072266,155.0,31.0,5.5,0.2659787515246055
-84.80000000000007,11.300000000000047,26.188499450683594,7.39566707611084,2394.0,61.47257614135742,128.0,49.0,5.5,0.14745070053374712
-84.75000000000007,11.300000000000047,26.188499450683594,7.39566707611084,2394.0,61.47257614135742,128.0,49.0,5.8,0.15208610693107744
-84.70000000000007,11.300000000000047,26.033750534057617,7.678166389465332,2493.0,58.73691177368164,133.0,100.0,5.6,0.26648783298222123
-84.65000000000008,11.300000000000047,25.948583602905273,7.647333145141602,2586.0,58.693233489990234,140.0,115.0,5.6,0.2790978626245716
-84.60000000000008,11.300000000000047,25.948583602905273,7.647333145141602,2586.0,58.693233489990234,140.0,115.0,5.5,0.3429284305141273
-84.55000000000008,11.300000000000047,26.01679229736328,7.644750118255615,2681.0,55.76537322998047,154.0,101.0,5.7,0.2817740814660408
-84.50000000000009,11.300000000000047,26.01679229736328,7.644750118255615,2681.0,55.76537322998047,154.0,101.0,5.5,0.3238143226088969
-84.45000000000009,11.300000000000047,25.84662437438965,7.549249649047852,2792.0,53.115135192871094,174.0,127.0,5.6,0.4260210673263387
-84.40000000000009,11.300000000000047,25.431917190551758,7.423333644866943,2963.0,50.2770881652832,199.0,197.0,5.5,0.8118686500721157
-84.3500000000001,11.300000000000047,25.431917190551758,7.423333644866943,2963.0,50.2770881652832,199.0,197.0,5.5,0.8118686500721157
-84.3000000000001,11.300000000000047,25.24737548828125,7.295416831970215,3139.0,48.74925994873047,231.0,219.0,5.4,0.8657700571781801
-84.2500000000001,11.300000000000047,25.24737548828125,7.295416831970215,3139.0,48.74925994873047,231.0,219.0,5.4,0.8657700571781801
-84.2000000000001,11.300000000000047,24.495458602905273,7.078916549682617,3242.0,46.936275482177734,273.0,353.0,5.4,0.9415869893303304
-84.1500000000001,11.300000000000047,24.748750686645508,6.922333240509033,3331.0,45.622459411621094,309.0,283.0,5.3,0.9395829169925877
-84.10000000000011,11.300000000000047,24.748750686645508,6.922333240509033,3331.0,45.622459411621094,309.0,283.0,5.3,0.9395829169925877
-84.05000000000011,11.300000000000047,25.486791610717773,6.878416538238525,3376.0,45.581424713134766,312.0,139.0,5.2,0.9004024595218146
-84.00000000000011,11.300000000000047,25.486791610717773,6.878416538238525,3376.0,45.581424713134766,312.0,139.0,5.2,0.9004024595218146
-83.95000000000012,11.300000000000047,26.079833984375,6.960333347320557,3470.0,46.19317626953125,313.0,31.0,5.3,0.46094529745381
-83.90000000000012,11.300000000000047,26.195215225219727,6.954011917114258,3536.0,53.7086296081543,276.0,14.0,5.5,0.24786890144123408
-83.85000000000012,11.300000000000047,26.195215225219727,6.954011917114258,3536.0,53.7086296081543,276.0,14.0,5.5,0.24786890144123408
